secondary_id,secondary_component,mapped_primary_component,spectrum_similarity,supporting_elements,contradicting_elements,element_differences,conflict_reason,final_decision,decision_source
SEC_001,Armature Bolt,NONE,0.0,,,{},NO_PRIMARY_COUNTERPART: Component is not part of the validated internal-source target vocabulary.,EXCLUDED,SPECTRUM_SIMILARITY_ENGINE
SEC_002,Armature Bolt,NONE,0.0,,,{},NO_PRIMARY_COUNTERPART: Component is not part of the validated internal-source target vocabulary.,EXCLUDED,SPECTRUM_SIMILARITY_ENGINE
SEC_003,Armature Bolt,NONE,0.0,,,{},NO_PRIMARY_COUNTERPART: Component is not part of the validated internal-source target vocabulary.,EXCLUDED,SPECTRUM_SIMILARITY_ENGINE
SEC_004,Armature Bolt,NONE,0.0,,,{},NO_PRIMARY_COUNTERPART: Component is not part of the validated internal-source target vocabulary.,EXCLUDED,SPECTRUM_SIMILARITY_ENGINE
SEC_005,Armature Bolt,NONE,0.0,,,{},NO_PRIMARY_COUNTERPART: Component is not part of the validated internal-source target vocabulary.,EXCLUDED,SPECTRUM_SIMILARITY_ENGINE
SEC_006,Armature Bolt,NONE,0.0,,,{},NO_PRIMARY_COUNTERPART: Component is not part of the validated internal-source target vocabulary.,EXCLUDED,SPECTRUM_SIMILARITY_ENGINE
SEC_007,Armature Guide,Armature Guide,0.9655,Cr; Fe; Mn; Si,,"{""Cr"": 0.0789, ""Fe"": -0.2796, ""Mn"": 0.0429, ""Si"": 0.1579}","INSUFFICIENT_REFERENCE_REPORTS: Spectrum matches (similarity=0.97), but primary has only 1 report.",REVIEW,SPECTRUM_SIMILARITY_ENGINE
SEC_008,Armature Guide,Armature Guide,0.9951,Cr; Fe; Mn; Si,,"{""Cr"": 0.0245, ""Fe"": -0.114, ""Mn"": 0.0445, ""Si"": 0.045}","INSUFFICIENT_REFERENCE_REPORTS: Spectrum matches (similarity=1.00), but primary has only 1 report.",REVIEW,SPECTRUM_SIMILARITY_ENGINE
SEC_009,Armature Guide,Armature Guide,0.9863,Cr; Fe; Mn; Si,,"{""Al"": 0.3184, ""Cr"": 0.0556, ""Fe"": -0.5026, ""Mn"": 0.0899, ""Si"": 0.0388}","INSUFFICIENT_REFERENCE_REPORTS: Spectrum matches (similarity=0.99), but primary has only 1 report.",REVIEW,SPECTRUM_SIMILARITY_ENGINE
SEC_010,Armature Guide,Armature Guide,0.8901,Cr; Fe; Mn; Si,,"{""Cr"": 0.171, ""Fe"": -0.0713, ""Mn"": -0.2798, ""P"": 0.04, ""S"": 0.07, ""Si"": 0.0702}","INSUFFICIENT_REFERENCE_REPORTS: Spectrum matches (similarity=0.89), but primary has only 1 report.",REVIEW,SPECTRUM_SIMILARITY_ENGINE
SEC_011,Armature Plate,Armature Plate,0.9984,Cr; Fe; Mn; Si,,"{""Al"": 0.1775, ""Cr"": 0.0216, ""Fe"": -0.1829, ""Mn"": 0.0126, ""Si"": -0.0287}","INSUFFICIENT_REFERENCE_REPORTS: Spectrum matches (similarity=1.00), but primary has only 1 report.",REVIEW,SPECTRUM_SIMILARITY_ENGINE
SEC_012,Armature Plate,Armature Plate,0.9013,Cr; Fe; Mn; Si,,"{""Al"": 0.229, ""Cr"": 0.1408, ""Fe"": -0.1331, ""Mn"": -0.2798, ""Si"": 0.0433}","INSUFFICIENT_REFERENCE_REPORTS: Spectrum matches (similarity=0.90), but primary has only 1 report.",REVIEW,SPECTRUM_SIMILARITY_ENGINE
SEC_013,Armature Plate,Armature Plate,0.9592,Cr; Fe; Mn; Si,,"{""Cr"": 0.0608, ""Fe"": -0.2111, ""Mn"": 0.1602, ""P"": 0.09, ""Si"": -0.0998}","INSUFFICIENT_REFERENCE_REPORTS: Spectrum matches (similarity=0.96), but primary has only 1 report.",REVIEW,SPECTRUM_SIMILARITY_ENGINE
SEC_014,Armature Plate,Armature Plate,0.9589,Cr; Fe; Mn; Si,,"{""Cr"": 0.1694, ""Fe"": -0.369, ""Mn"": 0.0999, ""S"": 0.0699, ""Si"": 0.0299}","INSUFFICIENT_REFERENCE_REPORTS: Spectrum matches (similarity=0.96), but primary has only 1 report.",REVIEW,SPECTRUM_SIMILARITY_ENGINE
SEC_015,Armature Plate,Armature Plate,0.9799,Cr; Fe; Mn; Si,,"{""Cr"": 0.0807, ""Fe"": -0.2308, ""Mn"": 0.1001, ""Si"": 0.0501}","INSUFFICIENT_REFERENCE_REPORTS: Spectrum matches (similarity=0.98), but primary has only 1 report.",REVIEW,SPECTRUM_SIMILARITY_ENGINE
SEC_016,Armature Plate,Armature Plate,0.9895,Cr; Fe; Mn; Si,,"{""Cr"": -0.0652, ""Fe"": -0.0411, ""Mn"": 0.0531, ""Si"": 0.0532}","INSUFFICIENT_REFERENCE_REPORTS: Spectrum matches (similarity=0.99), but primary has only 1 report.",REVIEW,SPECTRUM_SIMILARITY_ENGINE
SEC_017,Armature Plate,Armature Plate,0.9113,Cr; Fe; Mn; Si,,"{""Cr"": 0.026, ""Fe"": -0.425, ""Mn"": 0.2651, ""Si"": 0.134}","INSUFFICIENT_REFERENCE_REPORTS: Spectrum matches (similarity=0.91), but primary has only 1 report.",REVIEW,SPECTRUM_SIMILARITY_ENGINE
SEC_018,Armature Spring,Armature Spring,0.9615,Cr; Fe; Mn; Si,,"{""Cr"": -0.0204, ""Fe"": 0.0824, ""Mn"": 0.0744, ""P"": 0.03, ""S"": 0.01, ""Si"": -0.1763}","INSUFFICIENT_REFERENCE_REPORTS: Spectrum matches (similarity=0.96), but primary has only 1 report.",REVIEW,SPECTRUM_SIMILARITY_ENGINE
SEC_019,Armature Spring,Armature Spring,0.9856,Cr; Fe; Mn; Si,,"{""Cr"": 0.0501, ""Fe"": 0.0404, ""Mn"": 0.005, ""P"": 0.01, ""Si"": -0.1053}","INSUFFICIENT_REFERENCE_REPORTS: Spectrum matches (similarity=0.99), but primary has only 1 report.",REVIEW,SPECTRUM_SIMILARITY_ENGINE
SEC_020,Armature Spring,Armature Spring,0.4949,Cr; Fe; Si,Mn,"{""Al"": 0.3724, ""Cr"": 0.2084, ""Fe"": -0.4846, ""Mn"": -0.7049, ""Si"": 0.6087}","LOW_SPECTRUM_SIMILARITY: similarity=0.49, contradicting=['Mn'].",REJECT,SPECTRUM_SIMILARITY_ENGINE
SEC_021,Armature Spring,Armature Spring,0.9855,Cr; Fe; Mn; Si,,"{""Cr"": 0.0499, ""Fe"": 0.021, ""Mn"": 0.0048, ""P"": 0.01, ""S"": 0.02, ""Si"": -0.1056}","INSUFFICIENT_REFERENCE_REPORTS: Spectrum matches (similarity=0.99), but primary has only 1 report.",REVIEW,SPECTRUM_SIMILARITY_ENGINE
SEC_022,Back Flow Tube,Back Flow Tube,0.0,,,{},INSUFFICIENT_PRIMARY_SPECTRA: Primary validated dataset has 0 spectrum-bearing records for this component; cannot verify spectrum similarity.,REVIEW,SPECTRUM_SIMILARITY_ENGINE
SEC_023,Back Flow Tube,Back Flow Tube,0.0,,,{},INSUFFICIENT_PRIMARY_SPECTRA: Primary validated dataset has 0 spectrum-bearing records for this component; cannot verify spectrum similarity.,REVIEW,SPECTRUM_SIMILARITY_ENGINE
SEC_024,Back Flow Tube,Back Flow Tube,0.0,,,{},INSUFFICIENT_PRIMARY_SPECTRA: Primary validated dataset has 0 spectrum-bearing records for this component; cannot verify spectrum similarity.,REVIEW,SPECTRUM_SIMILARITY_ENGINE
SEC_025,Back Flow Tube,Back Flow Tube,0.0,,,{},INSUFFICIENT_PRIMARY_SPECTRA: Primary validated dataset has 0 spectrum-bearing records for this component; cannot verify spectrum similarity.,REVIEW,SPECTRUM_SIMILARITY_ENGINE
SEC_026,Ball Guide,NONE,0.0,,,{},NO_PRIMARY_COUNTERPART: Component is not part of the validated internal-source target vocabulary.,EXCLUDED,SPECTRUM_SIMILARITY_ENGINE
SEC_027,Ball Guide,NONE,0.0,,,{},NO_PRIMARY_COUNTERPART: Component is not part of the validated internal-source target vocabulary.,EXCLUDED,SPECTRUM_SIMILARITY_ENGINE
SEC_028,Ball Guide,NONE,0.0,,,{},NO_PRIMARY_COUNTERPART: Component is not part of the validated internal-source target vocabulary.,EXCLUDED,SPECTRUM_SIMILARITY_ENGINE
SEC_029,Ball Guide,NONE,0.0,,,{},NO_PRIMARY_COUNTERPART: Component is not part of the validated internal-source target vocabulary.,EXCLUDED,SPECTRUM_SIMILARITY_ENGINE
SEC_030,Ball Guide,NONE,0.0,,,{},NO_PRIMARY_COUNTERPART: Component is not part of the validated internal-source target vocabulary.,EXCLUDED,SPECTRUM_SIMILARITY_ENGINE
SEC_031,Clamping Saddle,Clamping Saddle,0.0,,,{},INSUFFICIENT_PRIMARY_SPECTRA: Primary validated dataset has 0 spectrum-bearing records for this component; cannot verify spectrum similarity.,REVIEW,SPECTRUM_SIMILARITY_ENGINE
SEC_032,Clamping Saddle,Clamping Saddle,0.0,,,{},INSUFFICIENT_PRIMARY_SPECTRA: Primary validated dataset has 0 spectrum-bearing records for this component; cannot verify spectrum similarity.,REVIEW,SPECTRUM_SIMILARITY_ENGINE
SEC_033,Clamping Saddle,Clamping Saddle,0.0,,,{},INSUFFICIENT_PRIMARY_SPECTRA: Primary validated dataset has 0 spectrum-bearing records for this component; cannot verify spectrum similarity.,REVIEW,SPECTRUM_SIMILARITY_ENGINE
SEC_034,Clamping Saddle,Clamping Saddle,0.0,,,{},INSUFFICIENT_PRIMARY_SPECTRA: Primary validated dataset has 0 spectrum-bearing records for this component; cannot verify spectrum similarity.,REVIEW,SPECTRUM_SIMILARITY_ENGINE
SEC_035,Clamping Saddle,Clamping Saddle,0.0,,,{},INSUFFICIENT_PRIMARY_SPECTRA: Primary validated dataset has 0 spectrum-bearing records for this component; cannot verify spectrum similarity.,REVIEW,SPECTRUM_SIMILARITY_ENGINE
SEC_036,Clamping Saddle,Clamping Saddle,0.0,,,{},INSUFFICIENT_PRIMARY_SPECTRA: Primary validated dataset has 0 spectrum-bearing records for this component; cannot verify spectrum similarity.,REVIEW,SPECTRUM_SIMILARITY_ENGINE
SEC_037,C Shim,Shim,0.3515,Fe,Cr; Mn,"{""Cr"": 1.7784, ""Fe"": -1.3062, ""Mn"": -0.7458, ""Si"": 0.2736}","SPECTRUM_MISMATCH: Contradicting elements ['Cr', 'Mn'] (similarity=0.35).",REJECT,SPECTRUM_SIMILARITY_ENGINE
SEC_038,C Shim,Shim,0.351,Fe,Cr; Mn,"{""Cr"": 1.6576, ""Fe"": -1.1203, ""Mn"": -0.852, ""Si"": 0.3147}","SPECTRUM_MISMATCH: Contradicting elements ['Cr', 'Mn'] (similarity=0.35).",REJECT,SPECTRUM_SIMILARITY_ENGINE
SEC_039,DFK Shim,Shim,0.4286,Fe; Mn,Al,"{""Al"": 0.6122, ""Cr"": 0.3628, ""Fe"": -0.8393, ""Mn"": -0.6006, ""Si"": 0.4649}","LOW_SPECTRUM_SIMILARITY: similarity=0.43, contradicting=['Al'].",REJECT,SPECTRUM_SIMILARITY_ENGINE
SEC_040,DFK Shim,Shim,0.4908,Fe; Mn,Al,"{""Al"": 0.5482, ""Cr"": 0.4028, ""Fe"": -0.9584, ""Mn"": -0.4737, ""Si"": 0.4811}","LOW_SPECTRUM_SIMILARITY: similarity=0.49, contradicting=['Al'].",REJECT,SPECTRUM_SIMILARITY_ENGINE
SEC_041,DFK Shim,Shim,0.4116,Fe; Mn,Al; Si,"{""Al"": 0.6725, ""Cr"": 0.4339, ""Fe"": -1.1, ""Mn"": -0.5596, ""Si"": 0.5532}","LOW_SPECTRUM_SIMILARITY: similarity=0.41, contradicting=['Al', 'Si'].",REJECT,SPECTRUM_SIMILARITY_ENGINE
SEC_042,DFK Shim,Shim,0.4636,Fe; Mn,Al,"{""Al"": 0.6352, ""Cr"": 0.3122, ""Fe"": -1.0184, ""Mn"": -0.4242, ""Si"": 0.4952}","LOW_SPECTRUM_SIMILARITY: similarity=0.46, contradicting=['Al'].",REJECT,SPECTRUM_SIMILARITY_ENGINE
SEC_043,DFK Shim,Shim,0.6941,Fe; Mn,,"{""Cr"": 0.4005, ""Fe"": -0.4674, ""Mn"": -0.3985, ""Si"": 0.4654}","BORDERLINE_SIMILARITY: Partial match (similarity=0.69, contradicting=[]).",REVIEW,SPECTRUM_SIMILARITY_ENGINE
SEC_044,Dowel Pin,NONE,0.0,,,{},NO_PRIMARY_COUNTERPART: Component is not part of the validated internal-source target vocabulary.,EXCLUDED,SPECTRUM_SIMILARITY_ENGINE
SEC_045,Dowel Pin,NONE,0.0,,,{},NO_PRIMARY_COUNTERPART: Component is not part of the validated internal-source target vocabulary.,EXCLUDED,SPECTRUM_SIMILARITY_ENGINE
SEC_046,Dowel Pin,NONE,0.0,,,{},NO_PRIMARY_COUNTERPART: Component is not part of the validated internal-source target vocabulary.,EXCLUDED,SPECTRUM_SIMILARITY_ENGINE
SEC_047,Guide Bush,Bushing,0.9631,Fe; Mn,,"{""Fe"": -0.3497, ""Mn"": 0.1204, ""S"": 0.2293}","COMPATIBLE_MULTI_CANDIDATE_REF: Spectrum matches primary multi-candidate pool (similarity=0.96), requires reviewer sign-off because primary has 0 single-candidate anchor records.",REVIEW,SPECTRUM_SIMILARITY_ENGINE
SEC_048,Guide Bush,Bushing,0.9071,Fe; Mn,,"{""Fe"": -0.4569, ""Mn"": 0.1959, ""S"": 0.2611}","COMPATIBLE_MULTI_CANDIDATE_REF: Spectrum matches primary multi-candidate pool (similarity=0.91), requires reviewer sign-off because primary has 0 single-candidate anchor records.",REVIEW,SPECTRUM_SIMILARITY_ENGINE
SEC_049,Guide Bush,Bushing,0.9474,Fe; Mn,,"{""Fe"": -0.5828, ""Mn"": 0.1441, ""S"": 0.2298, ""Si"": 0.2089}","COMPATIBLE_MULTI_CANDIDATE_REF: Spectrum matches primary multi-candidate pool (similarity=0.95), requires reviewer sign-off because primary has 0 single-candidate anchor records.",REVIEW,SPECTRUM_SIMILARITY_ENGINE
SEC_050,Guide Bush,Bushing,0.9885,Fe; Mn,,"{""Fe"": -0.261, ""Mn"": 0.0664, ""S"": 0.1946}","COMPATIBLE_MULTI_CANDIDATE_REF: Spectrum matches primary multi-candidate pool (similarity=0.99), requires reviewer sign-off because primary has 0 single-candidate anchor records.",REVIEW,SPECTRUM_SIMILARITY_ENGINE
SEC_051,HP Sealing,Sealing Ring,0.0,,,{},INSUFFICIENT_PRIMARY_SPECTRA: Primary validated dataset has 0 spectrum-bearing records for this component; cannot verify spectrum similarity.,REVIEW,SPECTRUM_SIMILARITY_ENGINE
SEC_052,HP Sealing,Sealing Ring,0.0,,,{},INSUFFICIENT_PRIMARY_SPECTRA: Primary validated dataset has 0 spectrum-bearing records for this component; cannot verify spectrum similarity.,REVIEW,SPECTRUM_SIMILARITY_ENGINE
SEC_053,IC Stud,IC Stud,0.12,Fe,Zn; P,"{""Zn"": 10.702, ""Cr"": 0.1, ""Si"": 0.159, ""P"": 4.93, ""Al"": -0.483, ""Fe"": -16.227, ""Mn"": 0.426}","SITE_MISMATCH_COATING_VS_BULK: Secondary spectrum is a Zn-phosphate coating spot (Zn+P=15.6%), whereas primary validated reference is bulk steel.",REJECT,SPECTRUM_SIMILARITY_ENGINE
SEC_054,IC Stud,IC Stud,0.12,Fe,Zn; P,"{""Zn"": 17.01, ""Cr"": 0.093, ""Si"": -0.355, ""P"": 7.854, ""Al"": -0.483, ""Fe"": -25.337, ""Mn"": 0.825}","SITE_MISMATCH_COATING_VS_BULK: Secondary spectrum is a Zn-phosphate coating spot (Zn+P=24.9%), whereas primary validated reference is bulk steel.",REJECT,SPECTRUM_SIMILARITY_ENGINE
SEC_055,IC Stud,IC Stud,0.12,Fe,Zn; P,"{""Zn"": 19.45, ""Cr"": 0.113, ""Si"": -0.355, ""P"": 8.432, ""Al"": -0.483, ""Fe"": -27.925, ""Mn"": 0.375}","SITE_MISMATCH_COATING_VS_BULK: Secondary spectrum is a Zn-phosphate coating spot (Zn+P=27.9%), whereas primary validated reference is bulk steel.",REJECT,SPECTRUM_SIMILARITY_ENGINE
SEC_056,IC Stud,IC Stud,0.12,Fe,Zn; P,"{""Zn"": 18.083, ""Cr"": 0.248, ""Si"": -0.355, ""P"": 7.233, ""Al"": -0.483, ""Fe"": -26.468, ""Mn"": 1.35}","SITE_MISMATCH_COATING_VS_BULK: Secondary spectrum is a Zn-phosphate coating spot (Zn+P=25.3%), whereas primary validated reference is bulk steel.",REJECT,SPECTRUM_SIMILARITY_ENGINE
SEC_057,Locking Sleeve,Magnet Sleeve,0.0,,,{},INSUFFICIENT_PRIMARY_SPECTRA: Primary validated dataset has 0 spectrum-bearing records for this component; cannot verify spectrum similarity.,REVIEW,SPECTRUM_SIMILARITY_ENGINE
SEC_058,Locking Sleeve,Magnet Sleeve,0.0,,,{},INSUFFICIENT_PRIMARY_SPECTRA: Primary validated dataset has 0 spectrum-bearing records for this component; cannot verify spectrum similarity.,REVIEW,SPECTRUM_SIMILARITY_ENGINE
SEC_059,Locking Sleeve,Magnet Sleeve,0.0,,,{},INSUFFICIENT_PRIMARY_SPECTRA: Primary validated dataset has 0 spectrum-bearing records for this component; cannot verify spectrum similarity.,REVIEW,SPECTRUM_SIMILARITY_ENGINE
SEC_060,Locking Sleeve,Magnet Sleeve,0.0,,,{},INSUFFICIENT_PRIMARY_SPECTRA: Primary validated dataset has 0 spectrum-bearing records for this component; cannot verify spectrum similarity.,REVIEW,SPECTRUM_SIMILARITY_ENGINE
SEC_061,Locking Sleeve,Magnet Sleeve,0.0,,,{},INSUFFICIENT_PRIMARY_SPECTRA: Primary validated dataset has 0 spectrum-bearing records for this component; cannot verify spectrum similarity.,REVIEW,SPECTRUM_SIMILARITY_ENGINE
SEC_062,Locking Sleeve,Magnet Sleeve,0.0,,,{},INSUFFICIENT_PRIMARY_SPECTRA: Primary validated dataset has 0 spectrum-bearing records for this component; cannot verify spectrum similarity.,REVIEW,SPECTRUM_SIMILARITY_ENGINE
SEC_063,Magnet Coil,NONE,0.0,,,{},NO_PRIMARY_COUNTERPART: Component is not part of the validated internal-source target vocabulary.,EXCLUDED,SPECTRUM_SIMILARITY_ENGINE
SEC_064,Magnet Coil,NONE,0.0,,,{},NO_PRIMARY_COUNTERPART: Component is not part of the validated internal-source target vocabulary.,EXCLUDED,SPECTRUM_SIMILARITY_ENGINE
SEC_065,Magnet Coil,NONE,0.0,,,{},NO_PRIMARY_COUNTERPART: Component is not part of the validated internal-source target vocabulary.,EXCLUDED,SPECTRUM_SIMILARITY_ENGINE
SEC_066,Magnet Coil,NONE,0.0,,,{},NO_PRIMARY_COUNTERPART: Component is not part of the validated internal-source target vocabulary.,EXCLUDED,SPECTRUM_SIMILARITY_ENGINE
SEC_071,Magnet housing,NONE,0.0,,,{},NO_PRIMARY_COUNTERPART: Component is not part of the validated internal-source target vocabulary.,EXCLUDED,SPECTRUM_SIMILARITY_ENGINE
SEC_072,Magnet housing,NONE,0.0,,,{},NO_PRIMARY_COUNTERPART: Component is not part of the validated internal-source target vocabulary.,EXCLUDED,SPECTRUM_SIMILARITY_ENGINE
SEC_073,Magnet housing,NONE,0.0,,,{},NO_PRIMARY_COUNTERPART: Component is not part of the validated internal-source target vocabulary.,EXCLUDED,SPECTRUM_SIMILARITY_ENGINE
SEC_074,Magnet housing,NONE,0.0,,,{},NO_PRIMARY_COUNTERPART: Component is not part of the validated internal-source target vocabulary.,EXCLUDED,SPECTRUM_SIMILARITY_ENGINE
SEC_075,Nozzle Spring,Nozzle Spring,0.6529,Cr; Fe; Mn; Si,,"{""Cr"": 0.0688, ""Fe"": -0.3611, ""Mn"": -0.3099, ""Si"": 0.6022}","BORDERLINE_SIMILARITY: Partial match (similarity=0.65, contradicting=[]).",REVIEW,SPECTRUM_SIMILARITY_ENGINE
SEC_076,Nozzle Spring,Nozzle Spring,0.6529,Cr; Fe; Mn; Si,,"{""Cr"": 0.0688, ""Fe"": -0.3611, ""Mn"": -0.3099, ""Si"": 0.6022}","BORDERLINE_SIMILARITY: Partial match (similarity=0.65, contradicting=[]).",REVIEW,SPECTRUM_SIMILARITY_ENGINE
SEC_077,Nozzle Spring,Nozzle Spring,0.6075,Cr; Fe; Si,Mn,"{""Cr"": 0.2391, ""Fe"": 0.3767, ""Mn"": -0.7049, ""Si"": 0.0892}","BORDERLINE_SIMILARITY: Partial match (similarity=0.61, contradicting=['Mn']).",REVIEW,SPECTRUM_SIMILARITY_ENGINE
SEC_078,Nozzle Spring,Nozzle Spring,0.899,Cr; Fe; Mn; Si,,"{""Cr"": 0.2327, ""Fe"": 0.0449, ""Mn"": -0.0685, ""Si"": -0.209}","INSUFFICIENT_REFERENCE_REPORTS: Spectrum matches (similarity=0.90), but primary has only 1 report.",REVIEW,SPECTRUM_SIMILARITY_ENGINE
SEC_079,NR Nut,NR Nut,0.12,Fe,Zn; P,"{""Mn"": -0.129, ""Zn"": 17.231, ""Si"": -0.024, ""P"": 8.963, ""Fe"": -26.046}","SITE_MISMATCH_COATING_VS_BULK: Secondary spectrum is a Zn-phosphate coating spot (Zn+P=26.2%), whereas primary validated reference is bulk steel.",REJECT,SPECTRUM_SIMILARITY_ENGINE
SEC_080,NR Nut,NR Nut,0.12,Fe,Zn; P,"{""Mn"": -0.101, ""Zn"": 19.12, ""Si"": -0.099, ""P"": 9.56, ""Fe"": -28.486}","SITE_MISMATCH_COATING_VS_BULK: Secondary spectrum is a Zn-phosphate coating spot (Zn+P=28.7%), whereas primary validated reference is bulk steel.",REJECT,SPECTRUM_SIMILARITY_ENGINE
SEC_081,NR Nut,NR Nut,0.12,Fe,Zn; P,"{""Zn"": 17.313, ""Si"": 0.055, ""P"": 9.064, ""Fe"": -26.505, ""S"": 0.176, ""Mn"": -0.109}","SITE_MISMATCH_COATING_VS_BULK: Secondary spectrum is a Zn-phosphate coating spot (Zn+P=26.4%), whereas primary validated reference is bulk steel.",REJECT,SPECTRUM_SIMILARITY_ENGINE
SEC_082,NR Nut,NR Nut,0.12,Fe,Zn; P,"{""Zn"": 25.446, ""Mn"": 0.206, ""Si"": -0.131, ""Fe"": -25.527}","SITE_MISMATCH_COATING_VS_BULK: Secondary spectrum is a Zn-phosphate coating spot (Zn+P=25.4%), whereas primary validated reference is bulk steel.",REJECT,SPECTRUM_SIMILARITY_ENGINE
SEC_083,NR Nut,NR Nut,0.12,Fe,Zn; P,"{""Mn"": -0.25, ""Zn"": 30.695, ""Si"": -0.116, ""P"": 16.505, ""Fe"": -46.838}","SITE_MISMATCH_COATING_VS_BULK: Secondary spectrum is a Zn-phosphate coating spot (Zn+P=47.2%), whereas primary validated reference is bulk steel.",REJECT,SPECTRUM_SIMILARITY_ENGINE
SEC_084,NR Nut,NR Nut,0.12,Fe,Zn; P,"{""Mn"": -0.126, ""Zn"": 24.145, ""Si"": -0.094, ""P"": 10.786, ""Fe"": -34.716}","SITE_MISMATCH_COATING_VS_BULK: Secondary spectrum is a Zn-phosphate coating spot (Zn+P=34.9%), whereas primary validated reference is bulk steel.",REJECT,SPECTRUM_SIMILARITY_ENGINE
SEC_085,Pille,NONE,0.0,,,{},NO_PRIMARY_COUNTERPART: Component is not part of the validated internal-source target vocabulary.,EXCLUDED,SPECTRUM_SIMILARITY_ENGINE
SEC_086,Pille,NONE,0.0,,,{},NO_PRIMARY_COUNTERPART: Component is not part of the validated internal-source target vocabulary.,EXCLUDED,SPECTRUM_SIMILARITY_ENGINE
SEC_087,Pille,NONE,0.0,,,{},NO_PRIMARY_COUNTERPART: Component is not part of the validated internal-source target vocabulary.,EXCLUDED,SPECTRUM_SIMILARITY_ENGINE
SEC_088,RLS Shim,Shim,0.4207,Fe; Mn,Al,"{""Al"": 0.7437, ""Cr"": 0.3457, ""Fe"": -1.0434, ""Mn"": -0.423, ""Si"": 0.3771}","LOW_SPECTRUM_SIMILARITY: similarity=0.42, contradicting=['Al'].",REJECT,SPECTRUM_SIMILARITY_ENGINE
SEC_089,RLS Shim,Shim,0.7331,Fe; Mn,,"{""Cr"": 0.2921, ""Fe"": -0.4156, ""Mn"": -0.3633, ""Si"": 0.4869}","BORDERLINE_SIMILARITY: Partial match (similarity=0.73, contradicting=[]).",REVIEW,SPECTRUM_SIMILARITY_ENGINE
SEC_090,RLS Shim,Shim,0.6168,Fe; Mn,,"{""Cr"": 0.3054, ""Fe"": -0.0863, ""Mn"": -0.4718, ""Si"": 0.2527}","BORDERLINE_SIMILARITY: Partial match (similarity=0.62, contradicting=[]).",REVIEW,SPECTRUM_SIMILARITY_ENGINE
SEC_091,RLS Shim,Shim,0.6078,Fe; Mn,,"{""Cr"": 0.3107, ""Fe"": -0.1541, ""Mn"": -0.4808, ""Si"": 0.3242}","BORDERLINE_SIMILARITY: Partial match (similarity=0.61, contradicting=[]).",REVIEW,SPECTRUM_SIMILARITY_ENGINE
SEC_092,RLS Shim,Shim,0.4328,Fe; Mn,Al,"{""Al"": 0.6713, ""Cr"": 0.2517, ""Fe"": -0.8472, ""Mn"": -0.4954, ""Si"": 0.4196}","LOW_SPECTRUM_SIMILARITY: similarity=0.43, contradicting=['Al'].",REJECT,SPECTRUM_SIMILARITY_ENGINE
SEC_093,RLS Shim,Shim,0.4766,Fe; Mn,Al,"{""Al"": 0.5559, ""Cr"": 0.2203, ""Fe"": -0.6898, ""Mn"": -0.5059, ""Si"": 0.4196}","LOW_SPECTRUM_SIMILARITY: similarity=0.48, contradicting=['Al'].",REJECT,SPECTRUM_SIMILARITY_ENGINE
SEC_094,Support Sealing,Sealing Ring,0.0,,,{},INSUFFICIENT_PRIMARY_SPECTRA: Primary validated dataset has 0 spectrum-bearing records for this component; cannot verify spectrum similarity.,REVIEW,SPECTRUM_SIMILARITY_ENGINE
SEC_095,Support Sealing,Sealing Ring,0.0,,,{},INSUFFICIENT_PRIMARY_SPECTRA: Primary validated dataset has 0 spectrum-bearing records for this component; cannot verify spectrum similarity.,REVIEW,SPECTRUM_SIMILARITY_ENGINE
SEC_096,Support Sealing,Sealing Ring,0.0,,,{},INSUFFICIENT_PRIMARY_SPECTRA: Primary validated dataset has 0 spectrum-bearing records for this component; cannot verify spectrum similarity.,REVIEW,SPECTRUM_SIMILARITY_ENGINE
SEC_097,Support Sealing,Sealing Ring,0.0,,,{},INSUFFICIENT_PRIMARY_SPECTRA: Primary validated dataset has 0 spectrum-bearing records for this component; cannot verify spectrum similarity.,REVIEW,SPECTRUM_SIMILARITY_ENGINE
SEC_098,Valve Nut,Nozzle Nut,0.0,,,{},INSUFFICIENT_PRIMARY_SPECTRA: Primary validated dataset has 0 spectrum-bearing records for this component; cannot verify spectrum similarity.,REVIEW,SPECTRUM_SIMILARITY_ENGINE
SEC_099,Valve Nut,Nozzle Nut,0.0,,,{},INSUFFICIENT_PRIMARY_SPECTRA: Primary validated dataset has 0 spectrum-bearing records for this component; cannot verify spectrum similarity.,REVIEW,SPECTRUM_SIMILARITY_ENGINE
SEC_100,Valve Nut,Nozzle Nut,0.0,,,{},INSUFFICIENT_PRIMARY_SPECTRA: Primary validated dataset has 0 spectrum-bearing records for this component; cannot verify spectrum similarity.,REVIEW,SPECTRUM_SIMILARITY_ENGINE
SEC_101,Valve Nut,Nozzle Nut,0.0,,,{},INSUFFICIENT_PRIMARY_SPECTRA: Primary validated dataset has 0 spectrum-bearing records for this component; cannot verify spectrum similarity.,REVIEW,SPECTRUM_SIMILARITY_ENGINE
SEC_102,Valve Piece,Valve Piece,0.9472,Cr; Fe; Mn; Si,,"{""Cr"": 0.094, ""Fe"": -0.3801, ""Mn"": 0.116, ""Si"": 0.1702}","INSUFFICIENT_REFERENCE_REPORTS: Spectrum matches (similarity=0.95), but primary has only 1 report.",REVIEW,SPECTRUM_SIMILARITY_ENGINE
SEC_103,Valve Piece,Valve Piece,0.9732,Cr; Fe; Mn; Si,,"{""Cr"": 0.0752, ""Fe"": -0.2372, ""Mn"": 0.0233, ""Si"": 0.1388}","INSUFFICIENT_REFERENCE_REPORTS: Spectrum matches (similarity=0.97), but primary has only 1 report.",REVIEW,SPECTRUM_SIMILARITY_ENGINE
SEC_104,Valve Piece,Valve Piece,0.8509,Cr; Fe; Mn; Si,,"{""Cr"": 0.2464, ""Fe"": -0.1052, ""Mn"": -0.2798, ""Si"": 0.1387}","INSUFFICIENT_REFERENCE_REPORTS: Spectrum matches (similarity=0.85), but primary has only 1 report.",REVIEW,SPECTRUM_SIMILARITY_ENGINE
SEC_105,Valve Piece,Valve Piece,0.8244,Cr; Fe; Mn; Si,,"{""Cr"": 0.1696, ""Fe"": 0.4001, ""Mn"": -0.2798, ""Si"": -0.2898}","INSUFFICIENT_REFERENCE_REPORTS: Spectrum matches (similarity=0.82), but primary has only 1 report.",REVIEW,SPECTRUM_SIMILARITY_ENGINE
SEC_106,Valve Piece,Valve Piece,0.9381,Cr; Fe; Mn; Si,,"{""Cr"": -0.0126, ""Fe"": -0.2562, ""Mn"": 0.2455, ""S"": 0.0404, ""Si"": -0.017}","INSUFFICIENT_REFERENCE_REPORTS: Spectrum matches (similarity=0.94), but primary has only 1 report.",REVIEW,SPECTRUM_SIMILARITY_ENGINE
SEC_107,Valve Piece,Valve Piece,0.8704,Cr; Fe; Mn; Si,,"{""Al"": 0.1803, ""Cr"": 0.2274, ""Fe"": -0.1985, ""Mn"": -0.2798, ""Si"": 0.0708}","INSUFFICIENT_REFERENCE_REPORTS: Spectrum matches (similarity=0.87), but primary has only 1 report.",REVIEW,SPECTRUM_SIMILARITY_ENGINE
SEC_108,Valve Piston,Valve Piston,0.0,,,{},INSUFFICIENT_PRIMARY_SPECTRA: Primary validated dataset has 0 spectrum-bearing records for this component; cannot verify spectrum similarity.,REVIEW,SPECTRUM_SIMILARITY_ENGINE
SEC_109,Valve Piston,Valve Piston,0.0,,,{},INSUFFICIENT_PRIMARY_SPECTRA: Primary validated dataset has 0 spectrum-bearing records for this component; cannot verify spectrum similarity.,REVIEW,SPECTRUM_SIMILARITY_ENGINE
SEC_110,Valve Piston,Valve Piston,0.0,,,{},INSUFFICIENT_PRIMARY_SPECTRA: Primary validated dataset has 0 spectrum-bearing records for this component; cannot verify spectrum similarity.,REVIEW,SPECTRUM_SIMILARITY_ENGINE
SEC_111,Valve Piston,Valve Piston,0.0,,,{},INSUFFICIENT_PRIMARY_SPECTRA: Primary validated dataset has 0 spectrum-bearing records for this component; cannot verify spectrum similarity.,REVIEW,SPECTRUM_SIMILARITY_ENGINE
SEC_112,Valve Spring,Valve Spring,0.0,,,{},INSUFFICIENT_PRIMARY_SPECTRA: Primary validated dataset has 0 spectrum-bearing records for this component; cannot verify spectrum similarity.,REVIEW,SPECTRUM_SIMILARITY_ENGINE
SEC_113,Valve Spring,Valve Spring,0.0,,,{},INSUFFICIENT_PRIMARY_SPECTRA: Primary validated dataset has 0 spectrum-bearing records for this component; cannot verify spectrum similarity.,REVIEW,SPECTRUM_SIMILARITY_ENGINE
SEC_114,Valve Spring,Valve Spring,0.0,,,{},INSUFFICIENT_PRIMARY_SPECTRA: Primary validated dataset has 0 spectrum-bearing records for this component; cannot verify spectrum similarity.,REVIEW,SPECTRUM_SIMILARITY_ENGINE
SEC_115,Valve Spring,Valve Spring,0.0,,,{},INSUFFICIENT_PRIMARY_SPECTRA: Primary validated dataset has 0 spectrum-bearing records for this component; cannot verify spectrum similarity.,REVIEW,SPECTRUM_SIMILARITY_ENGINE
SEC_116,Valve Spring,Valve Spring,0.0,,,{},INSUFFICIENT_PRIMARY_SPECTRA: Primary validated dataset has 0 spectrum-bearing records for this component; cannot verify spectrum similarity.,REVIEW,SPECTRUM_SIMILARITY_ENGINE
SEC_117,VFK Shim,Shim,0.5079,Fe; Mn,Al,"{""Al"": 0.5155, ""Cr"": 0.242, ""Fe"": -0.7163, ""Mn"": -0.4724, ""Si"": 0.4313}","LOW_SPECTRUM_SIMILARITY: similarity=0.51, contradicting=['Al'].",REJECT,SPECTRUM_SIMILARITY_ENGINE
SEC_118,VFK Shim,Shim,0.5042,Fe; Mn,,"{""Al"": 0.3571, ""Cr"": 0.2731, ""Fe"": -0.4403, ""Mn"": -0.5995, ""Si"": 0.4096}","LOW_SPECTRUM_SIMILARITY: similarity=0.50, contradicting=[].",REJECT,SPECTRUM_SIMILARITY_ENGINE
SEC_119,VFK Shim,Shim,0.7143,Fe; Mn,,"{""Cr"": 0.2858, ""Fe"": -0.2015, ""Mn"": -0.3804, ""Si"": 0.296}","BORDERLINE_SIMILARITY: Partial match (similarity=0.71, contradicting=[]).",REVIEW,SPECTRUM_SIMILARITY_ENGINE
SEC_120,VFK Shim,Shim,0.7437,Fe; Mn,,"{""Cr"": 0.264, ""Fe"": -0.1943, ""Mn"": -0.354, ""Si"": 0.2843}","BORDERLINE_SIMILARITY: Partial match (similarity=0.74, contradicting=[]).",REVIEW,SPECTRUM_SIMILARITY_ENGINE
SEC_121,Armature Shim,Shim,0.5307,Fe; Mn,,"{""Cr"": 0.4276, ""Fe"": 0.1381, ""Mn"": -0.5657}","LOW_SPECTRUM_SIMILARITY: similarity=0.53, contradicting=[].",REJECT,SPECTRUM_SIMILARITY_ENGINE
SEC_122,Armature Shim,Shim,0.6387,Fe; Mn,,"{""Cr"": 0.3785, ""Fe"": 0.0719, ""Mn"": -0.4504}","BORDERLINE_SIMILARITY: Partial match (similarity=0.64, contradicting=[]).",REVIEW,SPECTRUM_SIMILARITY_ENGINE
SEC_123,Armature Shim,Shim,0.7447,Fe; Mn,,"{""Al"": 0.4535, ""Cr"": 0.3814, ""Fe"": -0.8434, ""Mn"": -0.3522, ""Si"": 0.3608}","BORDERLINE_SIMILARITY: Partial match (similarity=0.74, contradicting=[]).",REVIEW,SPECTRUM_SIMILARITY_ENGINE
SEC_124,Armature Shim,Shim,0.6262,Fe; Mn,,"{""Al"": 0.3062, ""Cr"": 0.3368, ""Fe"": -0.6299, ""Mn"": -0.4622, ""Si"": 0.4491}","BORDERLINE_SIMILARITY: Partial match (similarity=0.63, contradicting=[]).",REVIEW,SPECTRUM_SIMILARITY_ENGINE
SEC_125,Blade Terminal,NONE,0.0,,,{},NO_PRIMARY_COUNTERPART: Component is not part of the validated internal-source target vocabulary.,EXCLUDED,SPECTRUM_SIMILARITY_ENGINE
SEC_126,Blade Terminal,NONE,0.0,,,{},NO_PRIMARY_COUNTERPART: Component is not part of the validated internal-source target vocabulary.,EXCLUDED,SPECTRUM_SIMILARITY_ENGINE
SEC_127,Blade Terminal,NONE,0.0,,,{},NO_PRIMARY_COUNTERPART: Component is not part of the validated internal-source target vocabulary.,EXCLUDED,SPECTRUM_SIMILARITY_ENGINE
SEC_128,Blade Terminal,NONE,0.0,,,{},NO_PRIMARY_COUNTERPART: Component is not part of the validated internal-source target vocabulary.,EXCLUDED,SPECTRUM_SIMILARITY_ENGINE
SEC_129,CRI Injector Body,Injector Body,0.8658,Cr; Fe; Mn; Si,,"{""Al"": -0.4832, ""Cr"": 0.1273, ""Fe"": 0.1633, ""Mn"": -0.1301, ""Pb"": 0.1846, ""Si"": -0.3275}","COMPATIBLE_MULTI_CANDIDATE_REF: Spectrum matches primary multi-candidate pool (similarity=0.87), requires reviewer sign-off because primary has 0 single-candidate anchor records.",REVIEW,SPECTRUM_SIMILARITY_ENGINE
SEC_130,CRI Injector Body,Injector Body,0.9922,Cr; Fe; Mn; Si,,"{""Al"": -0.4832, ""Cr"": 0.0754, ""Fe"": -0.3552, ""Mn"": 0.0215, ""Pb"": 0.3068, ""Si"": -0.0309}","COMPATIBLE_MULTI_CANDIDATE_REF: Spectrum matches primary multi-candidate pool (similarity=0.99), requires reviewer sign-off because primary has 0 single-candidate anchor records.",REVIEW,SPECTRUM_SIMILARITY_ENGINE
SEC_131,CRI Injector Body,Injector Body,0.9911,Cr; Fe; Mn; Si,,"{""Al"": -0.4832, ""Cr"": 0.0554, ""Fe"": -0.0716, ""Mn"": 0.0129, ""Pb"": 0.0922, ""Si"": -0.0713}","COMPATIBLE_MULTI_CANDIDATE_REF: Spectrum matches primary multi-candidate pool (similarity=0.99), requires reviewer sign-off because primary has 0 single-candidate anchor records.",REVIEW,SPECTRUM_SIMILARITY_ENGINE
SEC_132,CRI Injector Body,Injector Body,0.9736,Cr; Fe; Mn; Si,,"{""Al"": -0.4832, ""Cr"": 0.1572, ""Fe"": -0.427, ""Mn"": 0.0011, ""Pb"": 0.2966, ""Si"": -0.0104}","COMPATIBLE_MULTI_CANDIDATE_REF: Spectrum matches primary multi-candidate pool (similarity=0.97), requires reviewer sign-off because primary has 0 single-candidate anchor records.",REVIEW,SPECTRUM_SIMILARITY_ENGINE
SEC_133,CRI Injector Body,Injector Body,0.8657,Cr; Fe; Mn; Si,,"{""Al"": -0.4832, ""Cr"": 0.1299, ""Fe"": 0.1629, ""Mn"": -0.1277, ""Pb"": 0.18, ""Si"": -0.3275}","COMPATIBLE_MULTI_CANDIDATE_REF: Spectrum matches primary multi-candidate pool (similarity=0.87), requires reviewer sign-off because primary has 0 single-candidate anchor records.",REVIEW,SPECTRUM_SIMILARITY_ENGINE
SEC_134,CRI Injector Body,Injector Body,0.9915,Cr; Fe; Mn; Si,,"{""Al"": -0.4832, ""Cr"": 0.0801, ""Fe"": -0.3683, ""Mn"": 0.0229, ""Pb"": 0.3102, ""Si"": -0.0273}","COMPATIBLE_MULTI_CANDIDATE_REF: Spectrum matches primary multi-candidate pool (similarity=0.99), requires reviewer sign-off because primary has 0 single-candidate anchor records.",REVIEW,SPECTRUM_SIMILARITY_ENGINE
SEC_135,CRI Injector Body,Injector Body,0.9908,Cr; Fe; Mn; Si,,"{""Al"": -0.4832, ""Cr"": 0.0599, ""Fe"": -0.0871, ""Mn"": 0.0223, ""Pb"": 0.09, ""Si"": -0.0675}","COMPATIBLE_MULTI_CANDIDATE_REF: Spectrum matches primary multi-candidate pool (similarity=0.99), requires reviewer sign-off because primary has 0 single-candidate anchor records.",REVIEW,SPECTRUM_SIMILARITY_ENGINE
SEC_136,CRI Injector Body,Injector Body,0.9727,Cr; Fe; Mn; Si,,"{""Al"": -0.4832, ""Cr"": 0.1599, ""Fe"": -0.4271, ""Mn"": 0.0023, ""Pb"": 0.29, ""Si"": -0.0075}","COMPATIBLE_MULTI_CANDIDATE_REF: Spectrum matches primary multi-candidate pool (similarity=0.97), requires reviewer sign-off because primary has 0 single-candidate anchor records.",REVIEW,SPECTRUM_SIMILARITY_ENGINE
SEC_137,CRI Sealing ring,Sealing Ring,0.0,,,{},INSUFFICIENT_PRIMARY_SPECTRA: Primary validated dataset has 0 spectrum-bearing records for this component; cannot verify spectrum similarity.,REVIEW,SPECTRUM_SIMILARITY_ENGINE
SEC_138,CRI Sealing ring,Sealing Ring,0.0,,,{},INSUFFICIENT_PRIMARY_SPECTRA: Primary validated dataset has 0 spectrum-bearing records for this component; cannot verify spectrum similarity.,REVIEW,SPECTRUM_SIMILARITY_ENGINE
SEC_139,CRI Sealing ring,Sealing Ring,0.0,,,{},INSUFFICIENT_PRIMARY_SPECTRA: Primary validated dataset has 0 spectrum-bearing records for this component; cannot verify spectrum similarity.,REVIEW,SPECTRUM_SIMILARITY_ENGINE
SEC_140,CRI Sealing ring,Sealing Ring,0.0,,,{},INSUFFICIENT_PRIMARY_SPECTRA: Primary validated dataset has 0 spectrum-bearing records for this component; cannot verify spectrum similarity.,REVIEW,SPECTRUM_SIMILARITY_ENGINE
SEC_141,CRI Sealing ring,Sealing Ring,0.0,,,{},INSUFFICIENT_PRIMARY_SPECTRA: Primary validated dataset has 0 spectrum-bearing records for this component; cannot verify spectrum similarity.,REVIEW,SPECTRUM_SIMILARITY_ENGINE
SEC_142,CRI Sealing ring,Sealing Ring,0.0,,,{},INSUFFICIENT_PRIMARY_SPECTRA: Primary validated dataset has 0 spectrum-bearing records for this component; cannot verify spectrum similarity.,REVIEW,SPECTRUM_SIMILARITY_ENGINE
SEC_143,CRI Sealing ring,Sealing Ring,0.0,,,{},INSUFFICIENT_PRIMARY_SPECTRA: Primary validated dataset has 0 spectrum-bearing records for this component; cannot verify spectrum similarity.,REVIEW,SPECTRUM_SIMILARITY_ENGINE
SEC_144,CRI Shim,Shim,0.6751,Fe; Mn,,"{""Cr"": 0.3, ""Fe"": -0.0738, ""Mn"": -0.4162, ""P"": 0.03, ""S"": 0.02, ""Si"": 0.14}","BORDERLINE_SIMILARITY: Partial match (similarity=0.68, contradicting=[]).",REVIEW,SPECTRUM_SIMILARITY_ENGINE
SEC_145,CRI Shim,Shim,0.6643,Fe; Mn,,"{""Cr"": 0.34, ""Fe"": -0.0738, ""Mn"": -0.4262, ""P"": 0.04, ""Si"": 0.12}","BORDERLINE_SIMILARITY: Partial match (similarity=0.66, contradicting=[]).",REVIEW,SPECTRUM_SIMILARITY_ENGINE
SEC_146,CRI Shim,Shim,0.6023,Fe; Mn,,"{""Al"": 0.24, ""Cr"": 0.27, ""Fe"": -0.3736, ""Mn"": -0.4863, ""P"": 0.09, ""Si"": 0.26}","BORDERLINE_SIMILARITY: Partial match (similarity=0.60, contradicting=[]).",REVIEW,SPECTRUM_SIMILARITY_ENGINE
SEC_147,CRI Shim,Shim,0.7073,Fe; Mn,,"{""Al"": 0.2699, ""Cr"": 0.2899, ""Fe"": -0.5031, ""Mn"": -0.3865, ""P"": 0.05, ""Si"": 0.2799}","BORDERLINE_SIMILARITY: Partial match (similarity=0.71, contradicting=[]).",REVIEW,SPECTRUM_SIMILARITY_ENGINE
SEC_148,Magnet Core,Magnet Core,0.4751,Fe,Zn,"{""Cr"": -0.1996, ""Fe"": -0.5311, ""S"": -0.3579, ""Si"": -0.2298, ""Zn"": 0.5311}","LOW_SPECTRUM_SIMILARITY: similarity=0.48, contradicting=['Zn'].",REJECT,SPECTRUM_SIMILARITY_ENGINE
SEC_149,Magnet Core,Magnet Core,0.3881,Fe,Zn,"{""Cr"": -0.1996, ""Fe"": -0.6968, ""S"": -0.3579, ""Si"": -0.2298, ""Zn"": 0.6968}","LOW_SPECTRUM_SIMILARITY: similarity=0.39, contradicting=['Zn'].",REJECT,SPECTRUM_SIMILARITY_ENGINE
SEC_150,Sealing Ring,Sealing Ring,0.0,,,{},INSUFFICIENT_PRIMARY_SPECTRA: Primary validated dataset has 0 spectrum-bearing records for this component; cannot verify spectrum similarity.,REVIEW,SPECTRUM_SIMILARITY_ENGINE
SEC_151,Sealing Ring,Sealing Ring,0.0,,,{},INSUFFICIENT_PRIMARY_SPECTRA: Primary validated dataset has 0 spectrum-bearing records for this component; cannot verify spectrum similarity.,REVIEW,SPECTRUM_SIMILARITY_ENGINE
SEC_152,Sealing Ring,Sealing Ring,0.0,,,{},INSUFFICIENT_PRIMARY_SPECTRA: Primary validated dataset has 0 spectrum-bearing records for this component; cannot verify spectrum similarity.,REVIEW,SPECTRUM_SIMILARITY_ENGINE
SEC_153,Sealing Ring,Sealing Ring,0.0,,,{},INSUFFICIENT_PRIMARY_SPECTRA: Primary validated dataset has 0 spectrum-bearing records for this component; cannot verify spectrum similarity.,REVIEW,SPECTRUM_SIMILARITY_ENGINE
SEC_154,DFK Spring,NONE,0.0,,,{},NO_PRIMARY_COUNTERPART: Component is not part of the validated internal-source target vocabulary.,EXCLUDED,SPECTRUM_SIMILARITY_ENGINE
SEC_155,DFK Spring,NONE,0.0,,,{},NO_PRIMARY_COUNTERPART: Component is not part of the validated internal-source target vocabulary.,EXCLUDED,SPECTRUM_SIMILARITY_ENGINE
SEC_156,DFK Spring,NONE,0.0,,,{},NO_PRIMARY_COUNTERPART: Component is not part of the validated internal-source target vocabulary.,EXCLUDED,SPECTRUM_SIMILARITY_ENGINE
SEC_157,UFK Spring,NONE,0.0,,,{},NO_PRIMARY_COUNTERPART: Component is not part of the validated internal-source target vocabulary.,EXCLUDED,SPECTRUM_SIMILARITY_ENGINE
SEC_158,UFK Spring,NONE,0.0,,,{},NO_PRIMARY_COUNTERPART: Component is not part of the validated internal-source target vocabulary.,EXCLUDED,SPECTRUM_SIMILARITY_ENGINE
SEC_159,UFK Spring,NONE,0.0,,,{},NO_PRIMARY_COUNTERPART: Component is not part of the validated internal-source target vocabulary.,EXCLUDED,SPECTRUM_SIMILARITY_ENGINE
SEC_160,Valve Nut,Nozzle Nut,0.0,,,{},INSUFFICIENT_PRIMARY_SPECTRA: Primary validated dataset has 0 spectrum-bearing records for this component; cannot verify spectrum similarity.,REVIEW,SPECTRUM_SIMILARITY_ENGINE
SEC_161,Valve Nut,Nozzle Nut,0.0,,,{},INSUFFICIENT_PRIMARY_SPECTRA: Primary validated dataset has 0 spectrum-bearing records for this component; cannot verify spectrum similarity.,REVIEW,SPECTRUM_SIMILARITY_ENGINE
SEC_162,Valve Nut,Nozzle Nut,0.0,,,{},INSUFFICIENT_PRIMARY_SPECTRA: Primary validated dataset has 0 spectrum-bearing records for this component; cannot verify spectrum similarity.,REVIEW,SPECTRUM_SIMILARITY_ENGINE
SEC_163,Union Nut,Union Nut,0.0,,,{},INSUFFICIENT_PRIMARY_SPECTRA: Primary validated dataset has 0 spectrum-bearing records for this component; cannot verify spectrum similarity.,REVIEW,SPECTRUM_SIMILARITY_ENGINE
SEC_164,Union Nut,Union Nut,0.0,,,{},INSUFFICIENT_PRIMARY_SPECTRA: Primary validated dataset has 0 spectrum-bearing records for this component; cannot verify spectrum similarity.,REVIEW,SPECTRUM_SIMILARITY_ENGINE
SEC_165,Union Nut,Union Nut,0.0,,,{},INSUFFICIENT_PRIMARY_SPECTRA: Primary validated dataset has 0 spectrum-bearing records for this component; cannot verify spectrum similarity.,REVIEW,SPECTRUM_SIMILARITY_ENGINE
SEC_166,High Pressure Pipe,HPP (High Pressure Pipe),0.0,,,{},INSUFFICIENT_PRIMARY_SPECTRA: Primary validated dataset has 0 spectrum-bearing records for this component; cannot verify spectrum similarity.,REVIEW,SPECTRUM_SIMILARITY_ENGINE
SEC_167,High Pressure Pipe,HPP (High Pressure Pipe),0.0,,,{},INSUFFICIENT_PRIMARY_SPECTRA: Primary validated dataset has 0 spectrum-bearing records for this component; cannot verify spectrum similarity.,REVIEW,SPECTRUM_SIMILARITY_ENGINE
SEC_168,High Pressure Pipe,HPP (High Pressure Pipe),0.0,,,{},INSUFFICIENT_PRIMARY_SPECTRA: Primary validated dataset has 0 spectrum-bearing records for this component; cannot verify spectrum similarity.,REVIEW,SPECTRUM_SIMILARITY_ENGINE
SEC_169,Sleeve,HPP Sleeve,0.0,,,{},INSUFFICIENT_PRIMARY_SPECTRA: Primary validated dataset has 0 spectrum-bearing records for this component; cannot verify spectrum similarity.,REVIEW,SPECTRUM_SIMILARITY_ENGINE
SEC_170,Sleeve,HPP Sleeve,0.0,,,{},INSUFFICIENT_PRIMARY_SPECTRA: Primary validated dataset has 0 spectrum-bearing records for this component; cannot verify spectrum similarity.,REVIEW,SPECTRUM_SIMILARITY_ENGINE
SEC_171,Sleeve,HPP Sleeve,0.0,,,{},INSUFFICIENT_PRIMARY_SPECTRA: Primary validated dataset has 0 spectrum-bearing records for this component; cannot verify spectrum similarity.,REVIEW,SPECTRUM_SIMILARITY_ENGINE
SEC_172,union nut plating,NONE,0.0,,,{},NO_PRIMARY_COUNTERPART: Component is not part of the validated internal-source target vocabulary.,EXCLUDED,SPECTRUM_SIMILARITY_ENGINE
SEC_173,union nut plating,NONE,0.0,,,{},NO_PRIMARY_COUNTERPART: Component is not part of the validated internal-source target vocabulary.,EXCLUDED,SPECTRUM_SIMILARITY_ENGINE
SEC_174,High pressure pipe plating,NONE,0.0,,,{},NO_PRIMARY_COUNTERPART: Component is not part of the validated internal-source target vocabulary.,EXCLUDED,SPECTRUM_SIMILARITY_ENGINE
SEC_175,High pressure pipe plating,NONE,0.0,,,{},NO_PRIMARY_COUNTERPART: Component is not part of the validated internal-source target vocabulary.,EXCLUDED,SPECTRUM_SIMILARITY_ENGINE
SEC_176,High pressure pipe plating,NONE,0.0,,,{},NO_PRIMARY_COUNTERPART: Component is not part of the validated internal-source target vocabulary.,EXCLUDED,SPECTRUM_SIMILARITY_ENGINE
