entity,entity_id,code,severity,detail
site,ct_0Km_CRI_I_23_150_Particle_At_V_Pc_V_Piston_M_M_25_doc_txt__2__1,DUPLICATE_SITE_KEY,warning,"same (source_file, site_index) appears more than once; kept with surrogate suffix"
site,ct_0Km_CRI_I_23_150_Particle_At_V_Pc_V_Piston_M_M_25_doc_txt__2__2,DUPLICATE_SITE_KEY,warning,"same (source_file, site_index) appears more than once; kept with surrogate suffix"
site,ct_0Km_CRI_I_23_150_Particle_At_V_Pc_V_Piston_M_M_25_doc_txt__2__3,DUPLICATE_SITE_KEY,warning,"same (source_file, site_index) appears more than once; kept with surrogate suffix"
site,I_CRI_Z_25_09_Particle_on_Nozzle_Top_Sr_No_3371_3_04_doc_txt__3__0,NOT_INTERNAL_SCOPE,info,UNRESOLVED
site,0Km_CRI_I_25_155_Particle_on_Bar_Filter_Fen_2_A_L_13_doc_txt__1__0,NOT_INTERNAL_SCOPE,info,UNRESOLVED
site,0Km_CRI_I_25_155_Particle_on_Bar_Filter_Fen_2_A_L_13_doc_txt__1__0,GARBAGE_SOURCE_TEXT,warning,binary text in source field
site,0Km_CRI_I_25_157_Particle_In_IC_Stud_Sr_1335_SMLI_28_doc_txt__1__0,NOT_INTERNAL_SCOPE,info,EXTERNAL_ONLY
site,RI_0_Km_0Km_CRI_I_26_04_Particle_In_IC_Stud_ISUZU_07_doc_txt__1__0,NOT_INTERNAL_SCOPE,info,EXTERNAL_ONLY
site,RI_0_Km_0Km_CRI_I_26_44_Particle_At_CU_Washer_M_M_17_doc_txt__3__0,NOT_INTERNAL_SCOPE,info,UNRESOLVED
site,RI_0_Km_0Km_CRI_I_26_44_Particle_At_CU_Washer_M_M_17_doc_txt__3__0,GARBAGE_SOURCE_TEXT,warning,binary text in source field
site,RI_0_Km_0Km_CRI_I_25_136_Particle_On_AH_Plate_M_M_13_doc_txt__4__0,NOT_INTERNAL_SCOPE,info,EXTERNAL_ONLY
site,_CRI_I_26_104_Particle_In_IC_Stud_Sr_No_2646_FUSO_19_doc_txt__2__0,MIXED_INTERNAL_EXTERNAL,warning,contains internal and external tokens
site,_CRI_I_26_104_Particle_In_IC_Stud_Sr_No_2646_FUSO_19_doc_txt__3__0,NOT_INTERNAL_SCOPE,info,UNRESOLVED
site,0_Km_0Km_CRI_I_25_58_Particle_in_IC_Stud_Cone_M_M_15_doc_txt__1__0,NOT_INTERNAL_SCOPE,info,EXTERNAL_ONLY
site,CRI_0_Km_0Km_CRI_I_26_121_Particle_In_BFT_M_M_14_doc_txt__1__0,NOT_INTERNAL_SCOPE,info,EXTERNAL_ONLY
site,CRI_0_Km_0Km_CRI_I_25_161_Particle_In_BF_Cone_M_M_23_doc_txt__1__0,NOT_INTERNAL_SCOPE,info,EXTERNAL_ONLY
site,Km_0Km_CRI_I_26_60_Particle_On_Small_O_Ring_ISUZU_25_doc_txt__2__0,NOT_INTERNAL_SCOPE,info,EXTERNAL_ONLY
site,CRI_0_Km_0Km_CRI_I_26_64_NB_Seat_Particle_A_L_22_doc_txt__1__0,NOT_INTERNAL_SCOPE,info,EXTERNAL_ONLY
site,CRI_0_Km_0Km_CRI_I_26_64_NB_Seat_Particle_A_L_22_doc_txt__2__0,NOT_INTERNAL_SCOPE,info,EXTERNAL_ONLY
site,_Km_0Km_CRI_I_25_48_Particle_on_Bar_Filter_Escort_04_doc_txt__1__0,NOT_INTERNAL_SCOPE,info,EXTERNAL_ONLY
site,_Km_0Km_CRI_I_25_48_Particle_on_Bar_Filter_Escort_04_doc_txt__1__0,GARBAGE_SOURCE_TEXT,warning,binary text in source field
site,CRI_0_Km_0Km_CRI_I_25_149_Particle_In_Z_Hole_M_M_11_doc_txt__1__0,NOT_INTERNAL_SCOPE,info,EXTERNAL_ONLY
site,I_0_Km_0Km_CRI_I_25136_Particle_at_Bar_Filter_M_M_15_doc_txt__1__0,GARBAGE_SOURCE_TEXT,warning,binary text in source field
site,RI_I_25_157_Particle_In_Bar_Filter_Sr_1335_1_SMLI_28_doc_txt__3__0,NOT_INTERNAL_SCOPE,info,UNRESOLVED
site,RI_I_25_157_Particle_In_Bar_Filter_Sr_1335_1_SMLI_28_doc_txt__3__0,GARBAGE_SOURCE_TEXT,warning,binary text in source field
site,CRI_0_Km_0Km_CRI_I_24_47_Particle_In_IC_Stud_M_M_28_doc_txt__1__0,NOT_INTERNAL_SCOPE,info,EXTERNAL_ONLY
site,CRI_0_Km_0Km_CRI_I_24_47_Particle_In_IC_Stud_M_M_28_doc_txt__2__0,NOT_INTERNAL_SCOPE,info,EXTERNAL_ONLY
site,CRI_0_Km_0Km_CRI_I_25_161_Particle_In_BFT_M_M_26_doc_txt__2__0,NOT_INTERNAL_SCOPE,info,EXTERNAL_ONLY
site,_0_Km_0Km_CRI_I_25_161_Particle_In_Bar_Filter_M_M_28_doc_txt__1__0,NOT_INTERNAL_SCOPE,info,UNRESOLVED
site,_0_Km_0Km_CRI_I_25_182_Particle_In_Bar_Filter_M_M_23_doc_txt__2__0,NOT_INTERNAL_SCOPE,info,EXTERNAL_ONLY
site,_0_Km_0Km_CRI_I_25_182_Particle_In_Bar_Filter_M_M_23_doc_txt__3__0,NOT_INTERNAL_SCOPE,info,EXTERNAL_ONLY
site,_0_Km_0Km_CRI_I_25_182_Particle_In_Bar_Filter_M_M_23_doc_txt__4__0,NOT_INTERNAL_SCOPE,info,EXTERNAL_ONLY
site,_0_Km_0Km_CRI_I_25_182_Particle_In_Bar_Filter_M_M_23_doc_txt__5__0,NOT_INTERNAL_SCOPE,info,EXTERNAL_ONLY
site,_0_Km_0Km_CRI_I_25_182_Particle_In_Bar_Filter_M_M_23_doc_txt__6__0,NOT_INTERNAL_SCOPE,info,UNRESOLVED
site,_0_Km_0Km_CRI_I_25_182_Particle_In_Bar_Filter_M_M_23_doc_txt__6__0,GARBAGE_SOURCE_TEXT,warning,binary text in source field
site,I_0_Km_0Km_CRI_I_25_48_Particle_In_IC_Stud_ESCORT_19_doc_txt__1__0,NOT_INTERNAL_SCOPE,info,EXTERNAL_ONLY
site,_Km_0Km_CRI_I_25_146_Particle_In_NB_Seat_Area_M_M_22_doc_txt__1__0,NOT_INTERNAL_SCOPE,info,EXTERNAL_ONLY
site,_Km_0Km_CRI_I_25_132_Particle_On_VFK_Spring_ISUZU_01_doc_txt__2__0,NOT_INTERNAL_SCOPE,info,EXTERNAL_ONLY
site,0Km_CRI_I_25_48_Particle_Near_Small_O_Ring_Escort_23_doc_txt__2__0,NOT_INTERNAL_SCOPE,info,EXTERNAL_ONLY
site,RI_0_Km_0Km_CRI_I_25_107_Particle_On_AH_Plate_M_M_27_doc_txt__2__0,NOT_INTERNAL_SCOPE,info,EXTERNAL_ONLY
site,RI_0_Km_0Km_CRI_I_24_47_Particle_on_Nozzle_HP_M_M_22_doc_txt__1__0,NOT_INTERNAL_SCOPE,info,EXTERNAL_ONLY
site,RI_0_Km_0Km_CRI_I_24_47_Particle_on_Nozzle_HP_M_M_22_doc_txt__2__0,NOT_INTERNAL_SCOPE,info,EXTERNAL_ONLY
site,_0_Km_0Km_CRI_I_24_69_Particle_on_Magnet_Core_M_M_29_doc_txt__1__0,NOT_INTERNAL_SCOPE,info,EXTERNAL_ONLY
site,CRI_0_Km_0Km_CRI_I_26_44_Particle_At_IC_Stud_M_M_02_doc_txt__1__0,NOT_INTERNAL_SCOPE,info,EXTERNAL_ONLY
site,CRI_0_Km_0Km_CRI_I_26_44_Particle_At_IC_Stud_M_M_02_doc_txt__2__0,NOT_INTERNAL_SCOPE,info,EXTERNAL_ONLY
site,CRI_0_Km_0Km_CRI_I_26_44_Particle_At_IC_Stud_M_M_02_doc_txt__3__0,NOT_INTERNAL_SCOPE,info,EXTERNAL_ONLY
site,CRI_0_Km_0Km_CRI_I_25_161_Particle_In_Z_Hole_M_M_02_doc_txt__1__0,MIXED_INTERNAL_EXTERNAL,warning,contains internal and external tokens
site,I_0_Km_0Km_CRI_I_25_48_Particle_in_IC_Stud_Escort_07_doc_txt__1__0,NOT_INTERNAL_SCOPE,info,EXTERNAL_ONLY
site,I_0_Km_0Km_CRI_I_25_48_Particle_in_IC_Stud_Escort_07_doc_txt__1__0,GARBAGE_SOURCE_TEXT,warning,binary text in source field
site,m_0Km_CRI_I_24_140_Particle_at_Bar_Filter_Pin_M_M_22_doc_txt__1__0,NOT_INTERNAL_SCOPE,info,UNRESOLVED
site,m_0Km_CRI_I_24_140_Particle_at_Bar_Filter_Pin_M_M_22_doc_txt__1__0,GARBAGE_SOURCE_TEXT,warning,binary text in source field
site,CRI_0_Km_0Km_CRI_I_25_82_Particle_in_NB_Seat_M_M_24_doc_txt__2__0,NOT_INTERNAL_SCOPE,info,EXTERNAL_ONLY
site,CRI_0_Km_0Km_CRI_I_25_82_Particle_in_NB_Seat_M_M_24_doc_txt__3__0,NOT_INTERNAL_SCOPE,info,EXTERNAL_ONLY
site,CRI_0_Km_0Km_CRI_I_25_82_Particle_in_NB_Seat_M_M_24_doc_txt__4__0,NOT_INTERNAL_SCOPE,info,EXTERNAL_ONLY
site,CRI_0_Km_0Km_CRI_I_25_82_Particle_in_NB_Seat_M_M_24_doc_txt__5__0,NOT_INTERNAL_SCOPE,info,EXTERNAL_ONLY
site,Km_CRI_I_26_59_Particle_In_IC_Stud_Sr_No_0107_M_M_15_doc_txt__1__0,NOT_INTERNAL_SCOPE,info,UNRESOLVED
site,Km_CRI_I_26_59_Particle_In_IC_Stud_Sr_No_0107_M_M_15_doc_txt__1__0,GARBAGE_SOURCE_TEXT,warning,binary text in source field
site,CRI_0_Km_0Km_CRI_I_26_120_Particle_In_Z_Hole_M_M_25_doc_txt__1__0,NOT_INTERNAL_SCOPE,info,EXTERNAL_ONLY
site,CRI_0_Km_0Km_CRI_I_24_63_Particle_on_B_F_Pin_M_M_22_doc_txt__1__0,NOT_INTERNAL_SCOPE,info,EXTERNAL_ONLY
site,RI_0_Km_0Km_CRI_I_24_161_Particle_in_IC_Stud_DICV_17_doc_txt__1__0,NOT_INTERNAL_SCOPE,info,UNRESOLVED
site,RI_0_Km_0Km_CRI_I_24_161_Particle_in_IC_Stud_DICV_17_doc_txt__1__0,GARBAGE_SOURCE_TEXT,warning,binary text in source field
site,0_Km_0Km_CRI_I_24_70_Particle_on_Magnet_Group_M_M_17_doc_txt__3__0,GARBAGE_SOURCE_TEXT,warning,binary text in source field
site,_CRI_I_26_104_Particle_In_IC_Stud_Sr_No_2640_FUSO_06_doc_txt__1__0,NOT_INTERNAL_SCOPE,info,UNRESOLVED
site,_0_Km_0Km_CRI_I_24_22_Particle_on_Bar_Filter_SMIL_15_doc_txt__1__0,NOT_INTERNAL_SCOPE,info,EXTERNAL_ONLY
site,0_Km_0Km_CRI_I_26_118_Particle_In_Valve_Piece_M_M_26_doc_txt__1__0,NOT_INTERNAL_SCOPE,info,EXTERNAL_ONLY
site,CRI_0_Km_0Km_CRI_I_26_20_Particle_In_Z_Hole_TML_11_doc_txt__2__0,GARBAGE_SOURCE_TEXT,warning,binary text in source field
site,CRI_0_Km_0Km_CRI_I_26_61_Particle_In_IC_Stud_A_L_13_doc_txt__1__0,NOT_INTERNAL_SCOPE,info,UNRESOLVED
site,CRI_0_Km_0Km_CRI_I_26_61_Particle_In_IC_Stud_A_L_13_doc_txt__1__0,GARBAGE_SOURCE_TEXT,warning,binary text in source field
site,0_Km_0Km_CRI_I_26_56_Particle_In_NB_Seat_Area_M_M_13_doc_txt__1__0,NOT_INTERNAL_SCOPE,info,EXTERNAL_ONLY
site,0_Km_0Km_CRI_I_26_56_Particle_In_NB_Seat_Area_M_M_13_doc_txt__2__0,NOT_INTERNAL_SCOPE,info,EXTERNAL_ONLY
site,0_Km_0Km_CRI_I_26_56_Particle_In_NB_Seat_Area_M_M_13_doc_txt__2__0,GARBAGE_SOURCE_TEXT,warning,binary text in source field
site,0Km_CRI_I_25_125_Particle_In_IC_Stud_Sr_2104_SMLI_09_doc_txt__1__0,NOT_INTERNAL_SCOPE,info,UNRESOLVED
site,0Km_CRI_I_25_125_Particle_In_IC_Stud_Sr_2104_SMLI_09_doc_txt__1__0,GARBAGE_SOURCE_TEXT,warning,binary text in source field
site,_CRI_I_26_40_Particle_In_IC_Stud_SR_No_1855_1_A_L_02_doc_txt__1__0,NOT_INTERNAL_SCOPE,info,EXTERNAL_ONLY
site,RI_0_Km_0Km_CRI_I_26_60_Particle_In_IC_Stud_ISUZU_15_doc_txt__2__0,NOT_INTERNAL_SCOPE,info,UNRESOLVED
site,RI_0_Km_0Km_CRI_I_26_60_Particle_In_IC_Stud_ISUZU_15_doc_txt__2__0,GARBAGE_SOURCE_TEXT,warning,binary text in source field
site,CRI_0_Km_0Km_CRI_I_24_171_Particle_in_BFT_ISUZU_24_doc_txt__1__0,NOT_INTERNAL_SCOPE,info,EXTERNAL_ONLY
site,CRI_0_Km_0Km_CRI_I_24_171_Particle_in_BFT_ISUZU_24_doc_txt__1__0,GARBAGE_SOURCE_TEXT,warning,binary text in source field
site,_0_Km_0Km_CRI_I_25_161_Particle_on_Nozzle_Tip_M_M_17_doc_txt__1__0,NOT_INTERNAL_SCOPE,info,EXTERNAL_ONLY
site,CRI_0_Km_0Km_CRI_I_24_51_Particle_In_IC_Stud_M_M_01_doc_txt__1__0,NOT_INTERNAL_SCOPE,info,EXTERNAL_ONLY
site,CRI_0_Km_0Km_CRI_I_25_194_Particle_In_IC_Stud_A_L_25_doc_txt__1__0,NOT_INTERNAL_SCOPE,info,UNRESOLVED
site,RI_0_Km_0Km_CRI_I_25_157_Particle_In_IC_Stud_SMLI_10_doc_txt__2__0,NOT_INTERNAL_SCOPE,info,EXTERNAL_ONLY
site,0Km_CRI_I_25_125_Particle_In_IC_Stud_Sr_2113_SMLI_25_doc_txt__2__0,NOT_INTERNAL_SCOPE,info,EXTERNAL_ONLY
site,0Km_CRI_I_25_125_Particle_In_IC_Stud_Sr_2113_SMLI_25_doc_txt__3__0,NOT_INTERNAL_SCOPE,info,EXTERNAL_ONLY
site,0Km_CRI_I_25_125_Particle_In_IC_Stud_Sr_2113_SMLI_25_doc_txt__4__0,NOT_INTERNAL_SCOPE,info,EXTERNAL_ONLY
site,0Km_CRI_I_25_125_Particle_In_IC_Stud_Sr_2113_SMLI_25_doc_txt__4__0,GARBAGE_SOURCE_TEXT,warning,binary text in source field
site,0_Km_0km_CRI_I_26_111_Particles_For_Analysis_FUSO_06_doc_txt__2__0,NOT_INTERNAL_SCOPE,info,UNRESOLVED
site,0_Km_0km_CRI_I_26_111_Particles_For_Analysis_FUSO_06_doc_txt__2__0,GARBAGE_SOURCE_TEXT,warning,binary text in source field
site,CRI_0_Km_0Km_CRI_I_26_20_Particle_In_IC_Stud_TML_10_doc_txt__1__0,NOT_INTERNAL_SCOPE,info,EXTERNAL_ONLY
site,CRI_0_Km_0Km_CRI_I_25_176_Particle_In_Z_Hole_M_M_14_doc_txt__1__0,NOT_INTERNAL_SCOPE,info,EXTERNAL_ONLY
site,CRI_0_Km_0Km_CRI_I_25_176_Particle_In_Z_Hole_M_M_14_doc_txt__3__0,NOT_INTERNAL_SCOPE,info,EXTERNAL_ONLY
site,CRI_0_Km_0Km_CRI_I_25_59_Particle_In_IC_Stud_M_M_19_doc_txt__1__0,GARBAGE_SOURCE_TEXT,warning,binary text in source field
site,_0_Km_0Km_CRI_I_24_69_Particle_on_AH_Bolt_Top_M_M_12_doc_txt__2__0,NOT_INTERNAL_SCOPE,info,EXTERNAL_ONLY
site,_0_Km_0Km_CRI_I_24_63_Particle_on_Magnet_Core_M_M_28_doc_txt__5__0,GARBAGE_SOURCE_TEXT,warning,binary text in source field
site,Km_0Km_CRI_I_26_04_Particle_In_NB_Seat_Area_ISUZU_01_doc_txt__1__0,NOT_INTERNAL_SCOPE,info,EXTERNAL_ONLY
site,_Field_Field_CRI_I_24_164_Particle_in_IC_Stud_M_M_09_doc_txt__1__0,NOT_INTERNAL_SCOPE,info,UNRESOLVED
site,_Field_Field_CRI_I_24_164_Particle_in_IC_Stud_M_M_09_doc_txt__2__0,NOT_INTERNAL_SCOPE,info,UNRESOLVED
site,_Field_Field_CRI_I_24_164_Particle_in_IC_Stud_M_M_09_doc_txt__3__0,NOT_INTERNAL_SCOPE,info,UNRESOLVED
site,_Field_Field_CRI_I_24_164_Particle_in_IC_Stud_M_M_09_doc_txt__4__0,NOT_INTERNAL_SCOPE,info,UNRESOLVED
site,d_Field_CRI_I_25_167_Particle_on_Valve_Piston_M_M_08_doc_txt__2__0,NOT_INTERNAL_SCOPE,info,EXTERNAL_ONLY
site,d_Field_CRI_I_25_167_Particle_on_Valve_Piston_M_M_08_doc_txt__3__0,NOT_INTERNAL_SCOPE,info,EXTERNAL_ONLY
site,d_Field_CRI_I_25_167_Particle_on_Valve_Piston_M_M_08_doc_txt__4__0,NOT_INTERNAL_SCOPE,info,UNRESOLVED
site,d_Field_CRI_I_25_167_Particle_on_Valve_Piston_M_M_08_doc_txt__4__0,GARBAGE_SOURCE_TEXT,warning,binary text in source field
site,Field_Field_CRI_I_26_106_Particle_In_IC_Stud_FUSO_21_doc_txt__1__0,NOT_INTERNAL_SCOPE,info,EXTERNAL_ONLY
site,CRI_Field_Field_CRI_I_23_191_NB_Seat_Particle_M_M_21_doc_txt__1__0,NOT_INTERNAL_SCOPE,info,EXTERNAL_ONLY
site,CRI_Field_Field_CRI_I_23_191_NB_Seat_Particle_M_M_21_doc_txt__1__0,GARBAGE_SOURCE_TEXT,warning,binary text in source field
site,I_Field_Field_CRI_I_25_26_Particle_in_IC_Stud_M_M_19_doc_txt__1__0,NOT_INTERNAL_SCOPE,info,UNRESOLVED
site,I_Field_Field_CRI_I_25_26_Particle_in_IC_Stud_M_M_19_doc_txt__1__0,GARBAGE_SOURCE_TEXT,warning,binary text in source field
site,d_CRI_I_25_187_Particle_in_IC_Stud_Sr_No_2839_M_M_10_doc_txt__1__0,NOT_INTERNAL_SCOPE,info,UNRESOLVED
site,d_CRI_I_25_187_Particle_in_IC_Stud_Sr_No_2839_M_M_10_doc_txt__1__0,GARBAGE_SOURCE_TEXT,warning,binary text in source field
site,d_Field_CRI_I_25_187_Particle_on_IC_Stud_Cone_M_M_12_doc_txt__1__0,NOT_INTERNAL_SCOPE,info,EXTERNAL_ONLY
site,d_Field_CRI_I_25_187_Particle_on_IC_Stud_Cone_M_M_12_doc_txt__2__0,NOT_INTERNAL_SCOPE,info,EXTERNAL_ONLY
site,d_Field_CRI_I_25_187_Particle_on_IC_Stud_Cone_M_M_12_doc_txt__3__0,NOT_INTERNAL_SCOPE,info,EXTERNAL_ONLY
site,d_Field_CRI_I_25_187_Particle_on_IC_Stud_Cone_M_M_12_doc_txt__4__0,NOT_INTERNAL_SCOPE,info,EXTERNAL_ONLY
site,d_Field_CRI_I_25_187_Particle_on_IC_Stud_Cone_M_M_12_doc_txt__5__0,NOT_INTERNAL_SCOPE,info,EXTERNAL_ONLY
site,d_Field_CRI_I_25_187_Particle_on_IC_Stud_Cone_M_M_12_doc_txt__5__0,GARBAGE_SOURCE_TEXT,warning,binary text in source field
site,_Field_Field_CRI_I_24_172_Particle_in_IC_Stud_TML_14_doc_txt__2__0,NOT_INTERNAL_SCOPE,info,EXTERNAL_ONLY
site,_Field_Field_CRI_I_24_172_Particle_in_IC_Stud_TML_14_doc_txt__2__0,GARBAGE_SOURCE_TEXT,warning,binary text in source field
site,ld_Field_CRI_I_26_03_Particle_In_NB_Seat_Area_M_M_21_doc_txt__6__0,GARBAGE_SOURCE_TEXT,warning,binary text in source field
site,CRI_I_25_138_Particle_In_IC_Stud_Sr_No_0673_ISUZU_18_doc_txt__1__0,MIXED_INTERNAL_EXTERNAL,warning,contains internal and external tokens
site,CRI_I_25_138_Particle_In_IC_Stud_Sr_No_0673_ISUZU_18_doc_txt__1__0,GARBAGE_SOURCE_TEXT,warning,binary text in source field
site,d_Field_CRI_I_23_192_NB_Particles_Deposition_KOEL_21_doc_txt__2__0,NOT_INTERNAL_SCOPE,info,EXTERNAL_ONLY
site,d_Field_CRI_I_23_192_NB_Particles_Deposition_KOEL_21_doc_txt__4__0,NOT_INTERNAL_SCOPE,info,EXTERNAL_ONLY
site,_Field_Field_CRI_I_26_142_Particle_In_IC_Stud_M_M_25_doc_txt__1__0,NOT_INTERNAL_SCOPE,info,EXTERNAL_ONLY
site,_Field_Field_CRI_I_26_142_Particle_In_IC_Stud_M_M_25_doc_txt__2__0,NOT_INTERNAL_SCOPE,info,EXTERNAL_ONLY
site,_Field_Field_CRI_I_26_142_Particle_In_IC_Stud_M_M_25_doc_txt__3__0,NOT_INTERNAL_SCOPE,info,EXTERNAL_ONLY
site,I_Field_Field_CRI_I_25_44_Particle_in_IC_Stud_M_M_25_doc_txt__3__0,NOT_INTERNAL_SCOPE,info,UNRESOLVED
site,I_Field_Field_CRI_I_25_44_Particle_in_IC_Stud_M_M_25_doc_txt__3__0,GARBAGE_SOURCE_TEXT,warning,binary text in source field
site,I_Field_Field_CRI_I_24_164_Particle_in_Z_Hole_M_M_18_doc_txt__1__0,NOT_INTERNAL_SCOPE,info,UNRESOLVED
site,I_Field_Field_CRI_I_24_164_Particle_in_Z_Hole_M_M_18_doc_txt__1__0,GARBAGE_SOURCE_TEXT,warning,binary text in source field
site,I_Field_Field_CRI_I_25_122_Particle_In_Magnet_A_L_29_doc_txt__2__0,NOT_INTERNAL_SCOPE,info,EXTERNAL_ONLY
site,Field_Field_CRI_I_26_133_Particle_Near_Z_Hole_M_M_25_doc_txt__1__0,NOT_INTERNAL_SCOPE,info,EXTERNAL_ONLY
site,eld_Field_CRI_I_26_48_Particle_on_Bar_Filter_SMLI_10_doc_txt__1__0,NOT_INTERNAL_SCOPE,info,EXTERNAL_ONLY
site,eld_Field_CRI_I_26_48_Particle_on_Bar_Filter_SMLI_10_doc_txt__1__0,GARBAGE_SOURCE_TEXT,warning,binary text in source field
site,ld_Field_CRI_I_26_47_Particle_From_Bar_Filter_TML_23_doc_txt__1__0,NOT_INTERNAL_SCOPE,info,EXTERNAL_ONLY
site,I_Field_Field_CRI_I_24_86_Particle_in_Z_Hole_KOEL_14_doc_txt__1__0,NOT_INTERNAL_SCOPE,info,UNRESOLVED
site,I_Field_Field_CRI_I_24_86_Particle_in_Z_Hole_KOEL_14_doc_txt__1__0,GARBAGE_SOURCE_TEXT,warning,binary text in source field
site,ield_Field_CRI_I_26_90_Particle_In_Bar_Filter_M_M_29_doc_txt__1__0,NOT_INTERNAL_SCOPE,info,UNRESOLVED
site,ield_Field_CRI_I_26_90_Particle_In_Bar_Filter_M_M_29_doc_txt__1__0,GARBAGE_SOURCE_TEXT,warning,binary text in source field
site,ld_Field_CRI_I_25_89_Particle_In_Dia_2_2_Body_M_M_24_doc_txt__1__0,NOT_INTERNAL_SCOPE,info,EXTERNAL_ONLY
site,ld_Field_CRI_I_25_89_Particle_In_Dia_2_2_Body_M_M_24_doc_txt__2__0,NOT_INTERNAL_SCOPE,info,EXTERNAL_ONLY
site,Field_CRI_I_25_06_Particle_in_NB_Seat_Needle_SMLI_17_doc_txt__3__0,NOT_INTERNAL_SCOPE,info,EXTERNAL_ONLY
site,Field_CRI_I_25_06_Particle_in_NB_Seat_Needle_SMLI_17_doc_txt__4__0,NOT_INTERNAL_SCOPE,info,EXTERNAL_ONLY
site,d_Field_CRI_I_25_50_Abnormal_Particle_on_Core_M_M_23_doc_txt__1__0,NOT_INTERNAL_SCOPE,info,EXTERNAL_ONLY
site,d_Field_CRI_I_25_50_Abnormal_Particle_on_Core_M_M_23_doc_txt__2__0,NOT_INTERNAL_SCOPE,info,EXTERNAL_ONLY
site,d_Field_CRI_I_25_50_Abnormal_Particle_on_Core_M_M_23_doc_txt__3__0,NOT_INTERNAL_SCOPE,info,EXTERNAL_ONLY
site,CRI_I_25_60_Particle_At_Piston_Top_SR_No_1120_M_M_17_doc_txt__1__0,NOT_INTERNAL_SCOPE,info,UNRESOLVED
site,CRI_I_25_60_Particle_At_Piston_Top_SR_No_1120_M_M_17_doc_txt__3__0,NOT_INTERNAL_SCOPE,info,UNRESOLVED
site,CRI_I_25_60_Particle_At_Piston_Top_SR_No_1120_M_M_17_doc_txt__3__0,GARBAGE_SOURCE_TEXT,warning,binary text in source field
site,_CRI_I_26_97_Particle_At_IC_Stud_Sr_No_0610_1_TML_26_doc_txt__1__0,NOT_INTERNAL_SCOPE,info,UNRESOLVED
site,_CRI_I_26_97_Particle_At_IC_Stud_Sr_No_0610_1_TML_26_doc_txt__1__0,GARBAGE_SOURCE_TEXT,warning,binary text in source field
site,_I_25_60_Particle_At_DFK_Shim_Area_SR_No_1179_M_M_22_doc_txt__5__0,NOT_INTERNAL_SCOPE,info,UNRESOLVED
site,_I_25_60_Particle_At_DFK_Shim_Area_SR_No_1179_M_M_22_doc_txt__5__0,GARBAGE_SOURCE_TEXT,warning,binary text in source field
site,CRI_Field_Field_CRI_I_24_83_NB_Ball_Breakage_TCL_24_doc_txt__1__0,NOT_INTERNAL_SCOPE,info,EXTERNAL_ONLY
site,26_110_Particle_At_NB_Seat_Area_Sr_No_1781_V_SMLM_11_doc_txt__2__0,GARBAGE_SOURCE_TEXT,warning,binary text in source field
site,CRI_Field_Field_CRI_I_26_30_NB_Seat_Particle_TMTL_28_doc_txt__2__0,NOT_INTERNAL_SCOPE,info,EXTERNAL_ONLY
site,CRI_Field_Field_CRI_I_26_30_NB_Seat_Particle_TMTL_28_doc_txt__3__0,NOT_INTERNAL_SCOPE,info,EXTERNAL_ONLY
site,CRI_Field_Field_CRI_I_26_30_NB_Seat_Particle_TMTL_28_doc_txt__4__0,NOT_INTERNAL_SCOPE,info,EXTERNAL_ONLY
site,CRI_Field_Field_CRI_I_26_30_NB_Seat_Particle_TMTL_28_doc_txt__5__0,NOT_INTERNAL_SCOPE,info,EXTERNAL_ONLY
site,d_CRI_I_26_146_Particle_At_IC_Stud_Sr_No_2702_M_M_06_doc_txt__4__0,NOT_INTERNAL_SCOPE,info,UNRESOLVED
site,d_CRI_I_26_146_Particle_At_IC_Stud_Sr_No_2702_M_M_06_doc_txt__4__0,GARBAGE_SOURCE_TEXT,warning,binary text in source field
site,d_CRI_I_25_187_Particle_in_IC_Stud_Sr_No_3918_M_M_15_doc_txt__1__0,NOT_INTERNAL_SCOPE,info,UNRESOLVED
site,d_CRI_I_25_187_Particle_in_IC_Stud_Sr_No_3918_M_M_15_doc_txt__1__0,GARBAGE_SOURCE_TEXT,warning,binary text in source field
site,d_CRI_I_25_187_Particle_on_NB_Sr_No_3918_2839_M_M_29_doc_txt__2__0,NOT_INTERNAL_SCOPE,info,UNRESOLVED
site,d_CRI_I_25_187_Particle_on_NB_Sr_No_3918_2839_M_M_29_doc_txt__2__0,GARBAGE_SOURCE_TEXT,warning,binary text in source field
site,_CRI_I_26_96_Particle_At_IC_Stud_Sr_No_1798_1_TML_06_doc_txt__2__0,NOT_INTERNAL_SCOPE,info,UNRESOLVED
site,_CRI_I_26_96_Particle_At_IC_Stud_Sr_No_1798_1_TML_06_doc_txt__2__0,GARBAGE_SOURCE_TEXT,warning,binary text in source field
site,CRI_Field_CRI_I_24_223_ISUZU_17_doc_txt__6__0,NOT_INTERNAL_SCOPE,info,UNRESOLVED
site,CRI_Field_CRI_I_24_223_ISUZU_17_doc_txt__6__0,GARBAGE_SOURCE_TEXT,warning,binary text in source field
site,Field_Field_CRI_I_26_47_NB_Seat_Area_Particle_TML_19_doc_txt__1__0,NOT_INTERNAL_SCOPE,info,EXTERNAL_ONLY
site,Field_Field_CRI_I_26_47_NB_Seat_Area_Particle_TML_19_doc_txt__3__0,NOT_INTERNAL_SCOPE,info,EXTERNAL_ONLY
site,Field_Field_CRI_I_26_47_NB_Seat_Area_Particle_TML_19_doc_txt__4__0,NOT_INTERNAL_SCOPE,info,UNRESOLVED
site,Field_Field_CRI_I_26_47_NB_Seat_Area_Particle_TML_19_doc_txt__4__0,GARBAGE_SOURCE_TEXT,warning,binary text in source field
site,RI_I_26_117_Particle_In_IC_Stud_Sr_No_0639_4_SMLI_18_doc_txt__2__0,NOT_INTERNAL_SCOPE,info,EXTERNAL_ONLY
site,ield_Field_CRI_I_25_181_Particle_NB_Seat_Area_M_M_18_doc_txt__4__0,NOT_INTERNAL_SCOPE,info,EXTERNAL_ONLY
site,I_Field_Field_CRI_I_26_88_Particle_In_IC_Stud_M_M_13_doc_txt__1__0,NOT_INTERNAL_SCOPE,info,UNRESOLVED
site,I_Field_Field_CRI_I_26_88_Particle_In_IC_Stud_M_M_13_doc_txt__1__0,GARBAGE_SOURCE_TEXT,warning,binary text in source field
site,d_CRI_I_26_146_Particle_At_IC_Stud_Sr_No_2711_M_M_19_doc_txt__1__0,NOT_INTERNAL_SCOPE,info,EXTERNAL_ONLY
site,Field_Field_CRI_I_26_15_Particle_On_Seal_Ring_M_M_05_doc_txt__1__0,GARBAGE_SOURCE_TEXT,warning,binary text in source field
site,ield_Field_CRI_I_25_183_Particle_In_IC_Stud_ISUZU_26_doc_txt__1__0,NOT_INTERNAL_SCOPE,info,EXTERNAL_ONLY
site,ield_Field_CRI_I_25_183_Particle_In_IC_Stud_ISUZU_26_doc_txt__1__0,GARBAGE_SOURCE_TEXT,warning,binary text in source field
site,eld_Field_CRI_I_25_196_Particle_In_IC_Stud_Escort_01_doc_txt__1__0,MIXED_INTERNAL_EXTERNAL,warning,contains internal and external tokens
site,ield_Field_CRI_I_25_74_Particle_On_Bar_Filter_M_M_11_doc_txt__1__0,GARBAGE_SOURCE_TEXT,warning,binary text in source field
site,ield_Field_CRI_I_24_223_Particle_in_IC_Stud_ISUZU_26_doc_txt__1__0,NOT_INTERNAL_SCOPE,info,EXTERNAL_ONLY
site,I_Field_Field_CRI_I_25_89_Particle_In_IC_Stud_M_M_10_doc_txt__1__0,NOT_INTERNAL_SCOPE,info,EXTERNAL_ONLY
site,I_Field_Field_CRI_I_25_89_Particle_In_IC_Stud_M_M_10_doc_txt__2__0,NOT_INTERNAL_SCOPE,info,EXTERNAL_ONLY
site,I_Field_Field_CRI_I_25_89_Particle_In_IC_Stud_M_M_10_doc_txt__3__0,NOT_INTERNAL_SCOPE,info,EXTERNAL_ONLY
site,ld_Field_CRI_I_26_95_Loose_Particle_At_Z_Hole_A_L_29_doc_txt__1__0,GARBAGE_SOURCE_TEXT,warning,binary text in source field
site,_Field_Field_CRI_I_25_159_Particle_In_IC_Stud_A_L_15_doc_txt__1__0,GARBAGE_SOURCE_TEXT,warning,binary text in source field
site,CRI_Field_Field_CRI_I_26_29_NB_Seat_Particle_TMTL_28_doc_txt__2__0,NOT_INTERNAL_SCOPE,info,EXTERNAL_ONLY
site,CRI_Field_Field_CRI_I_26_29_NB_Seat_Particle_TMTL_28_doc_txt__4__0,NOT_INTERNAL_SCOPE,info,EXTERNAL_ONLY
site,I_Field_Field_CRI_I_25_92_NB_Damage_Particles_FML_07_doc_txt__2__0,NOT_INTERNAL_SCOPE,info,EXTERNAL_ONLY
site,RI_I_26_146_Particle_At_Bar_Filter_Sr_No_2378_M_M_09_doc_txt__1__0,NOT_INTERNAL_SCOPE,info,UNRESOLVED
site,26_115_Particle_In_NB_Seat_Area_Sr_No_1532_2_SMLI_06_doc_txt__1__0,NOT_INTERNAL_SCOPE,info,EXTERNAL_ONLY
site,26_115_Particle_In_NB_Seat_Area_Sr_No_1532_2_SMLI_06_doc_txt__2__0,NOT_INTERNAL_SCOPE,info,EXTERNAL_ONLY
site,26_115_Particle_In_NB_Seat_Area_Sr_No_1532_2_SMLI_06_doc_txt__3__0,NOT_INTERNAL_SCOPE,info,EXTERNAL_ONLY
site,_Field_Field_CRI_I_26_102_Particle_In_IC_Stud_M_M_11_doc_txt__1__0,NOT_INTERNAL_SCOPE,info,EXTERNAL_ONLY
site,I_Field_Field_CRI_I_26_82_Particle_In_IC_Stud_M_M_25_doc_txt__3__0,NOT_INTERNAL_SCOPE,info,UNRESOLVED
site,I_Field_Field_CRI_I_26_82_Particle_In_IC_Stud_M_M_25_doc_txt__3__0,GARBAGE_SOURCE_TEXT,warning,binary text in source field
site,d_CRI_I_24_172_Particle_in_IC_Stud_Sr_No_0787_TML_28_doc_txt__1__0,NOT_INTERNAL_SCOPE,info,EXTERNAL_ONLY
site,d_CRI_I_24_172_Particle_in_IC_Stud_Sr_No_0787_TML_28_doc_txt__2__0,NOT_INTERNAL_SCOPE,info,EXTERNAL_ONLY
site,ld_Field_CRI_I_25_128_Particle_in_Bar_Filter_SMLI_25_doc_txt__2__0,NOT_INTERNAL_SCOPE,info,EXTERNAL_ONLY
site,ld_Field_CRI_I_25_128_Particle_in_Bar_Filter_SMLI_25_doc_txt__3__0,NOT_INTERNAL_SCOPE,info,EXTERNAL_ONLY
site,ld_CRI_I_25_158_Particle_In_IC_Stud_SR_0416_3_FML_15_doc_txt__1__0,NOT_INTERNAL_SCOPE,info,UNRESOLVED
site,ld_CRI_I_26_146_Particle_In_Z_Hole_Sr_No_2702_M_M_22_doc_txt__1__0,NOT_INTERNAL_SCOPE,info,UNRESOLVED
site,d_Field_CRI_I_26_88_Particles_In_NB_Seat_Area_M_M_06_doc_txt__2__0,NOT_INTERNAL_SCOPE,info,EXTERNAL_ONLY
site,d_Field_CRI_I_26_88_Particles_In_NB_Seat_Area_M_M_06_doc_txt__3__0,NOT_INTERNAL_SCOPE,info,EXTERNAL_ONLY
site,23_126_Sr_No_2039_Particle_on_IC_Stud_ISUZU_2_Bin_17_doc_txt__1__0,NOT_INTERNAL_SCOPE,info,EXTERNAL_ONLY
site,ld_Field_CRI_I_26_78_Particle_In_NB_Seat_Area_M_M_07_doc_txt__1__0,NOT_INTERNAL_SCOPE,info,EXTERNAL_ONLY
site,ld_Field_CRI_I_26_78_Particle_In_NB_Seat_Area_M_M_07_doc_txt__2__0,NOT_INTERNAL_SCOPE,info,EXTERNAL_ONLY
site,CRI_I_25_138_Particle_In_IC_Stud_Sr_No_0721_ISUZU_13_doc_txt__1__0,NOT_INTERNAL_SCOPE,info,EXTERNAL_ONLY
site,CRI_I_25_138_Particle_In_IC_Stud_Sr_No_0721_ISUZU_13_doc_txt__1__0,GARBAGE_SOURCE_TEXT,warning,binary text in source field
site,RI_Field_Field_CRI_I_25_22_Particle_in_Z_Hole_M_M_15_doc_txt__1__0,NOT_INTERNAL_SCOPE,info,EXTERNAL_ONLY
site,ield_CRI_I_24_223_Particle_in_Injector_Body_ISUZU_15_doc_txt__2__0,NOT_INTERNAL_SCOPE,info,EXTERNAL_ONLY
site,ield_CRI_I_24_223_Particle_in_Injector_Body_ISUZU_15_doc_txt__2__0,GARBAGE_SOURCE_TEXT,warning,binary text in source field
site,ld_CRI_I_24_168_Sr_No_0311_Particle_in_IC_Stud_AL_07_doc_txt__1__0,NOT_INTERNAL_SCOPE,info,UNRESOLVED
site,ld_CRI_I_24_168_Sr_No_0311_Particle_in_IC_Stud_AL_07_doc_txt__1__0,GARBAGE_SOURCE_TEXT,warning,binary text in source field
site,ield_Field_CRI_I_26_50_NB_Particles_Analysis_SMLI_11_doc_txt__2__0,NOT_INTERNAL_SCOPE,info,EXTERNAL_ONLY
site,ield_Field_CRI_I_26_50_NB_Particles_Analysis_SMLI_11_doc_txt__3__0,NOT_INTERNAL_SCOPE,info,EXTERNAL_ONLY
site,ield_Field_CRI_I_26_50_NB_Particles_Analysis_SMLI_11_doc_txt__3__0,GARBAGE_SOURCE_TEXT,warning,binary text in source field
site,7_Particle_At_NB_Seat_Area_Sr_No_0448_Rajput_SMLM_10_doc_txt__2__0,NOT_INTERNAL_SCOPE,info,EXTERNAL_ONLY
site,d_Field_CRI_I_25_185_Particle_In_NB_Seat_Area_M_M_21_doc_txt__1__0,NOT_INTERNAL_SCOPE,info,UNRESOLVED
site,d_Field_CRI_I_25_185_Particle_In_NB_Seat_Area_M_M_21_doc_txt__1__0,GARBAGE_SOURCE_TEXT,warning,binary text in source field
site,ld_Field_CRI_I_25_89_Particle_From_Bar_Filter_M_M_12_doc_txt__1__0,NOT_INTERNAL_SCOPE,info,EXTERNAL_ONLY
site,ld_Field_CRI_I_25_89_Particle_From_Bar_Filter_M_M_12_doc_txt__2__0,NOT_INTERNAL_SCOPE,info,UNRESOLVED
site,ld_Field_CRI_I_25_89_Particle_From_Bar_Filter_M_M_12_doc_txt__2__0,GARBAGE_SOURCE_TEXT,warning,binary text in source field
site,_Field_Field_CRI_I_25_77_Particle_In_IC_Stud_SMLI_13_doc_txt__1__0,NOT_INTERNAL_SCOPE,info,EXTERNAL_ONLY
site,_Field_Field_CRI_I_25_77_Particle_In_IC_Stud_SMLI_13_doc_txt__1__0,GARBAGE_SOURCE_TEXT,warning,binary text in source field
site,_Field_Field_CRI_I_24_46_Particle_in_IC_Stud_SMIL_11_doc_txt__1__0,NOT_INTERNAL_SCOPE,info,EXTERNAL_ONLY
site,I_Field_Field_CRI_I_24_214_Particle_in_Z_Hole_M_M_06_doc_txt__1__0,MIXED_INTERNAL_EXTERNAL,warning,contains internal and external tokens
site,I_Field_Field_CRI_I_26_85_Particle_In_IC_Stud_M_M_21_doc_txt__1__0,NOT_INTERNAL_SCOPE,info,UNRESOLVED
site,I_Field_Field_CRI_I_26_85_Particle_In_IC_Stud_M_M_21_doc_txt__1__0,GARBAGE_SOURCE_TEXT,warning,binary text in source field
site,ct_0Km_CRI_I_23_150_Particle_At_V_Pc_V_Piston_M_M_25_doc_txt__2__0,SPECTRUM_COUNT_MISMATCH,warning,spectrum_count=5 vs extracted=3
site,ct_0Km_CRI_I_23_150_Particle_At_V_Pc_V_Piston_M_M_25_doc_txt__2__1,SPECTRUM_COUNT_MISMATCH,warning,spectrum_count=5 vs extracted=3
site,ct_0Km_CRI_I_23_150_Particle_At_V_Pc_V_Piston_M_M_25_doc_txt__2__2,SPECTRUM_COUNT_MISMATCH,warning,spectrum_count=5 vs extracted=3
site,ct_0Km_CRI_I_23_150_Particle_At_V_Pc_V_Piston_M_M_25_doc_txt__2__3,SPECTRUM_COUNT_MISMATCH,warning,spectrum_count=5 vs extracted=3
site,_Direct_0Km_CRI_I_23_111_Particle_in_Z_Hole_ISUZU_17_doc_txt__1__0,GARBAGE_SOURCE_TEXT,warning,binary text in source field
site,_Km_Indirect_0Km_CRI_I_23_53_B_F_Pin_Particle_M_M_17_doc_txt__1__0,NOT_INTERNAL_SCOPE,info,EXTERNAL_ONLY
site,ndirect_0Km_CRI_I_24_19_Particle_on_AH_Plate_SMIL_13_doc_txt__3__0,MIXED_INTERNAL_EXTERNAL,warning,contains internal and external tokens
site,ndirect_0Km_CRI_I_24_19_Particle_on_AH_Plate_SMIL_13_doc_txt__4__0,MIXED_INTERNAL_EXTERNAL,warning,contains internal and external tokens
site,rect_0Km_CRI_I_23_136_Particle_Bar_Filter_Pin_FML_04_doc_txt__1__0,NOT_INTERNAL_SCOPE,info,UNRESOLVED
site,rect_0Km_CRI_I_23_136_Particle_Bar_Filter_Pin_FML_04_doc_txt__1__0,GARBAGE_SOURCE_TEXT,warning,binary text in source field
site,_Km_Indirect_0Km_CRI_I_23_53_NB_Seat_Particle_M_M_05_doc_txt__2__0,NOT_INTERNAL_SCOPE,info,EXTERNAL_ONLY
site,_Km_Indirect_0Km_CRI_I_23_53_NB_Seat_Particle_M_M_05_doc_txt__3__0,NOT_INTERNAL_SCOPE,info,EXTERNAL_ONLY
site,_Km_Indirect_0Km_CRI_I_23_53_NB_Seat_Particle_M_M_05_doc_txt__4__0,NOT_INTERNAL_SCOPE,info,EXTERNAL_ONLY
site,_Km_Indirect_0Km_CRI_I_23_53_NB_Seat_Particle_M_M_05_doc_txt__5__0,NOT_INTERNAL_SCOPE,info,EXTERNAL_ONLY
site,ect_0Km_CRI_I_23_111_Particle_on_Valve_Seat_ISUZU_02_doc_txt__1__0,NOT_INTERNAL_SCOPE,info,UNRESOLVED
site,ect_0Km_CRI_I_23_111_Particle_on_Valve_Seat_ISUZU_02_doc_txt__1__0,GARBAGE_SOURCE_TEXT,warning,binary text in source field
site,Indirect_0Km_CRI_I_23_123_Particle_on_IC_Stud_M_M_25_doc_txt__1__0,NOT_INTERNAL_SCOPE,info,UNRESOLVED
site,Indirect_0Km_CRI_I_23_123_Particle_on_IC_Stud_M_M_25_doc_txt__2__0,NOT_INTERNAL_SCOPE,info,UNRESOLVED
site,_Km_Indirect_0Km_CRI_I_23_91_IC_Stud_Particle_M_M_18_doc_txt__1__0,NOT_INTERNAL_SCOPE,info,EXTERNAL_ONLY
site,_Km_Indirect_0Km_CRI_I_23_91_IC_Stud_Particle_M_M_18_doc_txt__1__0,GARBAGE_SOURCE_TEXT,warning,binary text in source field
site,Indirect_0Km_CRI_I_23_50_Particle_on_Magnet_ISUZU_01_doc_txt__1__0,NOT_INTERNAL_SCOPE,info,EXTERNAL_ONLY
site,irect_0Km_CRI_I_24_09_Particle_on_IC_Stud_CNH_TTF_19_doc_txt__1__0,NOT_INTERNAL_SCOPE,info,EXTERNAL_ONLY
site,rect_0Km_CRI_I_23_162_Particle_on_Arm_Plate_ISUZU_09_doc_txt__1__0,NOT_INTERNAL_SCOPE,info,EXTERNAL_ONLY
site,rect_0Km_CRI_I_23_162_Particle_on_Arm_Plate_ISUZU_09_doc_txt__1__0,GARBAGE_SOURCE_TEXT,warning,binary text in source field
site,_Indirect_0Km_CRI_I_23_121_Particle_in_Z_Hole_A_L_25_doc_txt__1__0,MIXED_INTERNAL_EXTERNAL,warning,contains internal and external tokens
site,_Indirect_0Km_CRI_I_23_121_Particle_in_Z_Hole_A_L_25_doc_txt__4__0,GARBAGE_SOURCE_TEXT,warning,binary text in source field
site,_Indirect_0Km_CRI_I_24_27_Particle_in_IC_Stud_M_M_29_doc_txt__1__0,NOT_INTERNAL_SCOPE,info,EXTERNAL_ONLY
site,_Indirect_0Km_CRI_I_24_27_Particle_in_IC_Stud_M_M_29_doc_txt__2__0,NOT_INTERNAL_SCOPE,info,EXTERNAL_ONLY
site,_Indirect_0Km_CRI_I_24_27_Particle_in_IC_Stud_M_M_29_doc_txt__3__0,NOT_INTERNAL_SCOPE,info,EXTERNAL_ONLY
file,EDS_Spectra,ELEMENT_LABELS_UNRELIABLE,critical,"Fe col median=100.0, In col filled 177/181, empty element cols=21"
file,EDS_Spectra,NO_SITE_INDEX,critical,"64 duplicate (file,chem,spectrum_no) keys"
file,EDS_Spectra,SPECTRUM_TOTAL_MISMATCH,warning,declared 188 vs sheet rows 181
