Component,Component_ID,Primary_Sample_Count,Primary_Reports,Validated_Spectrum_Count,Secondary_Sample_Count,Spectrum_Similarity,Chemistry_Agreement,Element_Agreement,Conflicting_Spectra,Accepted_Secondary_Records,Review_Secondary_Records,Rejected_Secondary_Records,Reason_For_Decision
IC Stud,IC_STUD,123,7,35,4,0.12,CONFLICT_SITE_OR_GRADE,Fe,4,0,0,4,SITE_MISMATCH_COATING_VS_BULK
Injector Body,INJECTOR_BODY,74,4,18,8,0.9554,COMPATIBLE,"Cr, Fe, Mn, Si",0,0,8,0,COMPATIBLE_MULTI_CANDIDATE_REF
Magnet Core,MAGNET_CORE,59,15,82,6,0.8105,COMPATIBLE,Fe,2,4,0,2,LOW_SPECTRUM_SIMILARITY; VALIDATED_COMPATIBLE
NHB (Nozzle Holder Body),NHB,52,2,14,0,N/A,N/A,None,0,0,0,0,No secondary records
VSS / VSS Screw,VSS,36,0,0,0,N/A,N/A,None,0,0,0,0,No secondary records
Valve Piston,VALVE_PISTON,19,0,0,4,0.0,NO_PRIMARY_SPECTRA,None,0,0,4,0,INSUFFICIENT_PRIMARY_SPECTRA
Magnet Nut,MAGNET_NUT,15,4,10,0,N/A,N/A,None,0,0,0,0,No secondary records
NR Nut,NR_NUT,14,2,6,6,0.12,CONFLICT_SITE_OR_GRADE,Fe,6,0,0,6,SITE_MISMATCH_COATING_VS_BULK
Nozzle Needle,NOZZLE_NEEDLE,20,0,0,0,N/A,N/A,None,0,0,0,0,No secondary records
Nozzle Body,NOZZLE_BODY,11,0,0,0,N/A,N/A,None,0,0,0,0,No secondary records
Inlet Connector,INLET_CONNECTOR,11,0,0,0,N/A,N/A,None,0,0,0,0,No secondary records
Valve Ball,VALVE_BALL,6,0,0,0,N/A,N/A,None,0,0,0,0,No secondary records
Sealing Ring,SEALING_RING,11,0,0,17,0.0,NO_PRIMARY_SPECTRA,None,0,0,17,0,INSUFFICIENT_PRIMARY_SPECTRA
Nozzle Spring,NOZZLE_SPRING,5,1,1,4,0.7031,COMPATIBLE,"Cr, Fe, Mn, Si",0,0,4,0,BORDERLINE_SIMILARITY; INSUFFICIENT_REFERENCE_REPORTS
Bushing,BUSHING,6,2,4,4,0.9515,COMPATIBLE,"Fe, Mn",0,0,4,0,COMPATIBLE_MULTI_CANDIDATE_REF
Armature Spring,ARMATURE_SPRING,5,1,1,4,0.8569,COMPATIBLE,"Cr, Fe, Mn, Si",1,0,3,1,INSUFFICIENT_REFERENCE_REPORTS; LOW_SPECTRUM_SIMILARITY
HPP Sleeve,HPP_SLEEVE,4,0,0,3,0.0,NO_PRIMARY_SPECTRA,None,0,0,3,0,INSUFFICIENT_PRIMARY_SPECTRA
Bar/Edge Filter,BAR_EDGE_FILTER,10,3,7,0,N/A,N/A,None,0,0,0,0,No secondary records
Clamping Saddle,CLAMPING_SADDLE,4,0,0,6,0.0,NO_PRIMARY_SPECTRA,None,0,0,6,0,INSUFFICIENT_PRIMARY_SPECTRA
Fixing Pin,FIXING_PIN,3,1,1,0,N/A,N/A,None,0,0,0,0,No secondary records
Retaining Screw,RETAINING_SCREW,2,0,0,0,N/A,N/A,None,0,0,0,0,No secondary records
Valve Spring,VALVE_SPRING,4,0,0,5,0.0,NO_PRIMARY_SPECTRA,None,0,0,5,0,INSUFFICIENT_PRIMARY_SPECTRA
Nozzle Nut,NOZZLE_NUT,2,0,0,7,0.0,NO_PRIMARY_SPECTRA,None,0,0,7,0,INSUFFICIENT_PRIMARY_SPECTRA
Union Nut,UNION_NUT,4,0,0,3,0.0,NO_PRIMARY_SPECTRA,None,0,0,3,0,INSUFFICIENT_PRIMARY_SPECTRA
Shim,SHIM,4,1,2,25,0.5655,CONFLICT_SITE_OR_GRADE,"Fe, Mn",12,0,13,12,BORDERLINE_SIMILARITY; LOW_SPECTRUM_SIMILARITY; SPECTRUM_MISMATCH
Copper Washer/Shim,COPPER_WASHER,2,1,1,0,N/A,N/A,None,0,0,0,0,No secondary records
Back Flow Tube,BACK_FLOW_TUBE,1,0,0,4,0.0,NO_PRIMARY_SPECTRA,None,0,0,4,0,INSUFFICIENT_PRIMARY_SPECTRA
Armature Plate,ARMATURE_PLATE,1,1,3,7,0.9569,COMPATIBLE,"Cr, Fe, Mn, Si",0,0,7,0,INSUFFICIENT_REFERENCE_REPORTS
Armature Guide,ARMATURE_GUIDE,1,1,3,4,0.9592,COMPATIBLE,"Cr, Fe, Mn, Si",0,0,4,0,INSUFFICIENT_REFERENCE_REPORTS
Valve Piece,VALVE_PIECE,1,1,3,6,0.9007,COMPATIBLE,"Cr, Fe, Mn, Si",0,0,6,0,INSUFFICIENT_REFERENCE_REPORTS
Magnet Sleeve,MAGNET_SLEEVE,1,0,0,6,0.0,NO_PRIMARY_SPECTRA,None,0,0,6,0,INSUFFICIENT_PRIMARY_SPECTRA
Ba-hexaferrite Magnet,BA_HEXAFERRITE,1,0,0,0,N/A,N/A,None,0,0,0,0,No secondary records
Viton Ring,VITON_RING,1,0,0,0,N/A,N/A,None,0,0,0,0,No secondary records
Straining Screw,STRAINING_SCREW,1,0,0,0,N/A,N/A,None,0,0,0,0,No secondary records
HPP (High Pressure Pipe),HPP,4,0,0,3,0.0,NO_PRIMARY_SPECTRA,None,0,0,3,0,INSUFFICIENT_PRIMARY_SPECTRA
Armature Bolt [Secondary-Only],EXCLUDED_SECONDARY_ONLY,0,0,0,6,0.0,NO_PRIMARY_COUNTERPART,None,0,0,0,6,NO_PRIMARY_COUNTERPART: Excluded from internal targets
Ball Guide [Secondary-Only],EXCLUDED_SECONDARY_ONLY,0,0,0,5,0.0,NO_PRIMARY_COUNTERPART,None,0,0,0,5,NO_PRIMARY_COUNTERPART: Excluded from internal targets
Blade Terminal [Secondary-Only],EXCLUDED_SECONDARY_ONLY,0,0,0,4,0.0,NO_PRIMARY_COUNTERPART,None,0,0,0,4,NO_PRIMARY_COUNTERPART: Excluded from internal targets
DFK Spring [Secondary-Only],EXCLUDED_SECONDARY_ONLY,0,0,0,3,0.0,NO_PRIMARY_COUNTERPART,None,0,0,0,3,NO_PRIMARY_COUNTERPART: Excluded from internal targets
Dowel Pin [Secondary-Only],EXCLUDED_SECONDARY_ONLY,0,0,0,3,0.0,NO_PRIMARY_COUNTERPART,None,0,0,0,3,NO_PRIMARY_COUNTERPART: Excluded from internal targets
High pressure pipe plating [Secondary-Only],EXCLUDED_SECONDARY_ONLY,0,0,0,3,0.0,NO_PRIMARY_COUNTERPART,None,0,0,0,3,NO_PRIMARY_COUNTERPART: Excluded from internal targets
Magnet Coil [Secondary-Only],EXCLUDED_SECONDARY_ONLY,0,0,0,4,0.0,NO_PRIMARY_COUNTERPART,None,0,0,0,4,NO_PRIMARY_COUNTERPART: Excluded from internal targets
Magnet housing [Secondary-Only],EXCLUDED_SECONDARY_ONLY,0,0,0,4,0.0,NO_PRIMARY_COUNTERPART,None,0,0,0,4,NO_PRIMARY_COUNTERPART: Excluded from internal targets
Pille [Secondary-Only],EXCLUDED_SECONDARY_ONLY,0,0,0,3,0.0,NO_PRIMARY_COUNTERPART,None,0,0,0,3,NO_PRIMARY_COUNTERPART: Excluded from internal targets
UFK Spring [Secondary-Only],EXCLUDED_SECONDARY_ONLY,0,0,0,3,0.0,NO_PRIMARY_COUNTERPART,None,0,0,0,3,NO_PRIMARY_COUNTERPART: Excluded from internal targets
union nut plating [Secondary-Only],EXCLUDED_SECONDARY_ONLY,0,0,0,2,0.0,NO_PRIMARY_COUNTERPART,None,0,0,0,2,NO_PRIMARY_COUNTERPART: Excluded from internal targets
