site_uid,position,raw_token,cls,component_id
I_CRI_Z_25_09_Particle_on_Nozzle_Top_Sr_No_3371_3_04_doc_txt__2__0,0,Magnet nut,INTERNAL,MAGNET_NUT
I_CRI_Z_25_09_Particle_on_Nozzle_Top_Sr_No_3371_3_04_doc_txt__2__0,1,Edge filter,INTERNAL,BAR_EDGE_FILTER
I_CRI_Z_25_09_Particle_on_Nozzle_Top_Sr_No_3371_3_04_doc_txt__2__0,2,Bushing,INTERNAL,BUSHING
I_CRI_Z_25_09_Particle_on_Nozzle_Top_Sr_No_3371_3_04_doc_txt__2__0,3,CRI: Magnet Nut spanner BaP line: Ball Guide plate,INTERNAL,MAGNET_NUT
I_CRI_Z_25_09_Particle_on_Nozzle_Top_Sr_No_3371_3_04_doc_txt__2__0,4,Shim position,INTERNAL,SHIM
I_CRI_Z_25_09_Particle_on_Nozzle_Top_Sr_No_3371_3_04_doc_txt__3__0,0,Valve setting removing base,UNRESOLVED,
I_CRI_Z_25_09_Particle_on_Nozzle_Top_Sr_No_3371_3_04_doc_txt__4__0,0,Body,INTERNAL,INJECTOR_BODY
I_CRI_Z_25_09_Particle_on_Nozzle_Top_Sr_No_3371_3_04_doc_txt__4__0,1,IC Stud,INTERNAL,IC_STUD
I_CRI_Z_25_09_Particle_on_Nozzle_Top_Sr_No_3371_3_04_doc_txt__4__0,2,Filter,UNRESOLVED,
I_CRI_Z_25_09_Particle_on_Nozzle_Top_Sr_No_3371_3_04_doc_txt__4__0,3,NR Nut,INTERNAL,NR_NUT
I_CRI_Z_25_09_Particle_on_Nozzle_Top_Sr_No_3371_3_04_doc_txt__4__0,4,Magnet nut,INTERNAL,MAGNET_NUT
I_CRI_Z_25_09_Particle_on_Nozzle_Top_Sr_No_3371_3_04_doc_txt__5__0,0,Body,INTERNAL,INJECTOR_BODY
I_CRI_Z_25_09_Particle_on_Nozzle_Top_Sr_No_3371_3_04_doc_txt__5__0,1,IC Stud,INTERNAL,IC_STUD
I_CRI_Z_25_09_Particle_on_Nozzle_Top_Sr_No_3371_3_04_doc_txt__5__0,2,Filter,UNRESOLVED,
I_CRI_Z_25_09_Particle_on_Nozzle_Top_Sr_No_3371_3_04_doc_txt__5__0,3,NR Nut,INTERNAL,NR_NUT
I_CRI_Z_25_09_Particle_on_Nozzle_Top_Sr_No_3371_3_04_doc_txt__5__0,4,Magnet nut,INTERNAL,MAGNET_NUT
I_CRI_Z_25_09_Particle_on_Nozzle_Top_Sr_No_3371_3_04_doc_txt__6__0,0,Magnet nut,INTERNAL,MAGNET_NUT
I_CRI_Z_25_09_Particle_on_Nozzle_Top_Sr_No_3371_3_04_doc_txt__6__0,1,Edge filter,INTERNAL,BAR_EDGE_FILTER
I_CRI_Z_25_09_Particle_on_Nozzle_Top_Sr_No_3371_3_04_doc_txt__6__0,2,Bushing,INTERNAL,BUSHING
I_CRI_Z_25_09_Particle_on_Nozzle_Top_Sr_No_3371_3_04_doc_txt__6__0,3,CRI: Magnet Nut spanner BaP line: Ball Guide plate,INTERNAL,MAGNET_NUT
I_CRI_Z_25_09_Particle_on_Nozzle_Top_Sr_No_3371_3_04_doc_txt__6__0,4,Shim position,INTERNAL,SHIM
0Km_CRI_I_25_155_Particle_on_Bar_Filter_Fen_2_A_L_13_doc_txt__1__0,0,"rtv„ ¤¦¼¾Àèêìþ "" 5 CJ$OJQJaJ$h&l† $ & ( : V ^ ` b p hÝAQ5 OJQJ\ ""h&l ñãÑãÉÅÁ½Á¶¬¥ “¶Á¶Á †heW5 CJ$OJQJ\ a ˆÁvhˆÁ¶ˆXLÁh&l†",GARBAGE,
0Km_CRI_I_25_157_Particle_In_IC_Stud_Sr_1335_SMLI_28_doc_txt__1__0,0,Tanks,EXTERNAL,
0Km_CRI_I_25_157_Particle_In_IC_Stud_Sr_1335_SMLI_28_doc_txt__1__0,1,Jigs,EXTERNAL,
0Km_CRI_I_25_157_Particle_In_IC_Stud_Sr_1335_SMLI_28_doc_txt__1__0,2,Fixture etc.,EXTERNAL,
RI_0_Km_0Km_CRI_I_26_04_Particle_In_IC_Stud_ISUZU_07_doc_txt__1__0,0,Filters,EXTERNAL,
RI_0_Km_0Km_CRI_I_26_04_Particle_In_IC_Stud_ISUZU_07_doc_txt__1__0,1,Tissues,EXTERNAL,
RI_0_Km_0Km_CRI_I_26_04_Particle_In_IC_Stud_ISUZU_07_doc_txt__1__0,2,Cotton duster etc.,EXTERNAL,
CRI_0_Km_0Km_CRI_I_26_16_Particle_In_IC_Stud_M_M_28_doc_txt__1__0,0,Magnet Nut,INTERNAL,MAGNET_NUT
CRI_0_Km_0Km_CRI_I_26_16_Particle_In_IC_Stud_M_M_28_doc_txt__1__0,1,NR Nut,INTERNAL,NR_NUT
CRI_0_Km_0Km_CRI_I_26_16_Particle_In_IC_Stud_M_M_28_doc_txt__1__0,2,Edge filter,INTERNAL,BAR_EDGE_FILTER
CRI_0_Km_0Km_CRI_I_26_16_Particle_In_IC_Stud_M_M_28_doc_txt__1__0,3,Bushing,INTERNAL,BUSHING
_25_93_Particle_Collected_From_Armature_Plate_M_M_17_doc_txt__1__0,0,Magnet Core,INTERNAL,MAGNET_CORE
_25_93_Particle_Collected_From_Armature_Plate_M_M_17_doc_txt__2__0,0,Magnet Core,INTERNAL,MAGNET_CORE
_25_93_Particle_Collected_From_Armature_Plate_M_M_17_doc_txt__3__0,0,Magnet Core,INTERNAL,MAGNET_CORE
RI_0_Km_0Km_CRI_I_26_06_Particles_On_AH_Plate_TML_28_doc_txt__2__0,0,Magnet Core,INTERNAL,MAGNET_CORE
RI_0_Km_0Km_CRI_I_26_06_Particles_On_AH_Plate_TML_28_doc_txt__4__0,0,Magnet Core,INTERNAL,MAGNET_CORE
RI_0_Km_0Km_CRI_I_26_06_Particles_On_AH_Plate_TML_28_doc_txt__5__0,0,Magnet Core,INTERNAL,MAGNET_CORE
RI_0_Km_0Km_CRI_I_26_06_Particles_On_AH_Plate_TML_28_doc_txt__6__0,0,Magnet Core,INTERNAL,MAGNET_CORE
CRI_0_Km_0Km_CRI_I_26_120_Particle_In_BFT_M_M_19_doc_txt__1__0,0,Nozzle Needle,INTERNAL,NOZZLE_NEEDLE
CRI_0_Km_0Km_CRI_I_26_120_Particle_In_BFT_M_M_19_doc_txt__1__0,1,Valve piston,INTERNAL,VALVE_PISTON
CRI_0_Km_0Km_CRI_I_26_62_Particle_In_Z_Hole_A_L_12_doc_txt__1__0,0,Injector body,INTERNAL,INJECTOR_BODY
CRI_0_Km_0Km_CRI_I_26_62_Particle_In_Z_Hole_A_L_12_doc_txt__1__0,1,IC Stud,INTERNAL,IC_STUD
CRI_0_Km_0Km_CRI_I_26_62_Particle_In_Z_Hole_A_L_12_doc_txt__1__0,2,[pic] at NaP,UNRESOLVED,
RI_0_Km_0Km_CRI_I_26_44_Particle_At_CU_Washer_M_M_17_doc_txt__3__0,0,"rtv„ ¤¦¼¾æèêü 5 CJ$OJQJaJ$hY[p "" $ & 8 T \ ^ ` n ic]$hÝAQ5 OJQJ\ p r † Š ""hY[pic]$h´Ø5 CJ ñãÑãÉÅÁ½Á¶¬¢¬¶Á¶Á— $OJQJ\ aJ$h",GARBAGE,
RI_0_Km_0Km_CRI_I_25_136_Particle_On_AH_Plate_M_M_13_doc_txt__1__0,0,Magnet Core,INTERNAL,MAGNET_CORE
RI_0_Km_0Km_CRI_I_25_136_Particle_On_AH_Plate_M_M_13_doc_txt__2__0,0,Magnet Core,INTERNAL,MAGNET_CORE
RI_0_Km_0Km_CRI_I_25_136_Particle_On_AH_Plate_M_M_13_doc_txt__3__0,0,Magnet Core,INTERNAL,MAGNET_CORE
RI_0_Km_0Km_CRI_I_25_136_Particle_On_AH_Plate_M_M_13_doc_txt__4__0,0,Tissue paper,EXTERNAL,
RI_0_Km_0Km_CRI_I_25_136_Particle_On_AH_Plate_M_M_13_doc_txt__4__0,1,cotton threads etc.,EXTERNAL,
_CRI_I_26_104_Particle_In_IC_Stud_Sr_No_2646_FUSO_19_doc_txt__1__0,0,Bar filter,INTERNAL,BAR_EDGE_FILTER
_CRI_I_26_104_Particle_In_IC_Stud_Sr_No_2646_FUSO_19_doc_txt__2__0,0,HPP,INTERNAL,HPP
_CRI_I_26_104_Particle_In_IC_Stud_Sr_No_2646_FUSO_19_doc_txt__2__0,1,HPP sleeve,INTERNAL,HPP_SLEEVE
_CRI_I_26_104_Particle_In_IC_Stud_Sr_No_2646_FUSO_19_doc_txt__2__0,2,general purpose tanks,EXTERNAL,
_CRI_I_26_104_Particle_In_IC_Stud_Sr_No_2646_FUSO_19_doc_txt__2__0,3,pipes.,EXTERNAL,
_CRI_I_26_104_Particle_In_IC_Stud_Sr_No_2646_FUSO_19_doc_txt__3__0,0,[pic],UNRESOLVED,
0_Km_0Km_CRI_I_25_58_Particle_in_IC_Stud_Cone_M_M_15_doc_txt__1__0,0,Loose particle from tanks,EXTERNAL,
_Km_0Km_CRI_I_25_170_Particle_In_NB_Seat_Area_M_M_15_doc_txt__1__0,0,NHB,INTERNAL,NHB
_Km_0Km_CRI_I_25_170_Particle_In_NB_Seat_Area_M_M_15_doc_txt__1__0,1,IC stud,INTERNAL,IC_STUD
CRI_0_Km_0Km_CRI_I_26_121_Particle_In_BFT_M_M_14_doc_txt__1__0,0,Grinding wheel flake,EXTERNAL,
Km_CRI_I_25_157_Particle_In_Z_Hole_Sr_0609_3_SMLI_13_doc_txt__1__0,0,NHB,INTERNAL,NHB
Km_CRI_I_25_157_Particle_In_Z_Hole_Sr_0609_3_SMLI_13_doc_txt__1__0,1,IC stud,INTERNAL,IC_STUD
RI_I_25_157_Particle_In_Bar_Filter_Sr_0696_2_SMLI_01_doc_txt__1__0,0,NHB,INTERNAL,NHB
RI_I_25_157_Particle_In_Bar_Filter_Sr_0696_2_SMLI_01_doc_txt__1__0,1,IC stud,INTERNAL,IC_STUD
CRI_0_Km_0Km_CRI_I_25_161_Particle_In_BF_Cone_M_M_23_doc_txt__1__0,0,Loose particle from tanks,EXTERNAL,
CRI_0_Km_0Km_CRI_I_25_161_Particle_In_BF_Cone_M_M_23_doc_txt__1__0,1,Jigs,EXTERNAL,
CRI_0_Km_0Km_CRI_I_25_161_Particle_In_BF_Cone_M_M_23_doc_txt__1__0,2,Fixture etc.,EXTERNAL,
Km_0Km_CRI_I_26_60_Particle_On_Small_O_Ring_ISUZU_25_doc_txt__2__0,0,Filters,EXTERNAL,
Km_0Km_CRI_I_26_60_Particle_On_Small_O_Ring_ISUZU_25_doc_txt__2__0,1,Cellulose paper,EXTERNAL,
Km_0Km_CRI_I_26_60_Particle_On_Small_O_Ring_ISUZU_25_doc_txt__2__0,2,Dusters,EXTERNAL,
Km_0Km_CRI_I_26_60_Particle_On_Small_O_Ring_ISUZU_25_doc_txt__2__0,3,General purpose nylon base parts,EXTERNAL,
Km_0Km_CRI_I_26_60_Particle_On_Small_O_Ring_ISUZU_25_doc_txt__2__0,4,filters.,EXTERNAL,
CRI_0_Km_0Km_CRI_I_26_64_NB_Seat_Particle_A_L_22_doc_txt__1__0,0,Dirst dust,EXTERNAL,
CRI_0_Km_0Km_CRI_I_26_64_NB_Seat_Particle_A_L_22_doc_txt__1__0,1,Agglomeration of paper,EXTERNAL,
CRI_0_Km_0Km_CRI_I_26_64_NB_Seat_Particle_A_L_22_doc_txt__1__0,2,cloth.,EXTERNAL,
CRI_0_Km_0Km_CRI_I_26_64_NB_Seat_Particle_A_L_22_doc_txt__2__0,0,Filters,EXTERNAL,
CRI_0_Km_0Km_CRI_I_26_64_NB_Seat_Particle_A_L_22_doc_txt__2__0,1,Cellulose paper,EXTERNAL,
CRI_0_Km_0Km_CRI_I_26_64_NB_Seat_Particle_A_L_22_doc_txt__2__0,2,Dusters,EXTERNAL,
CRI_0_Km_0Km_CRI_I_26_64_NB_Seat_Particle_A_L_22_doc_txt__2__0,3,General purpose nylon base parts,EXTERNAL,
CRI_0_Km_0Km_CRI_I_26_64_NB_Seat_Particle_A_L_22_doc_txt__2__0,4,filters.,EXTERNAL,
0_Km_0Km_CRI_I_26_59_Particle_In_NB_Seat_Area_M_M_10_doc_txt__1__0,0,Injector body,INTERNAL,INJECTOR_BODY
0_Km_0Km_CRI_I_26_59_Particle_In_NB_Seat_Area_M_M_10_doc_txt__1__0,1,IC Stud,INTERNAL,IC_STUD
0_Km_0Km_CRI_I_26_59_Particle_In_NB_Seat_Area_M_M_10_doc_txt__1__0,2,VSS,INTERNAL,VSS
0Km_CRI_I_25_155_Particle_on_Bar_Filter_Fen_1_A_L_11_doc_txt__1__0,0,Inlet Connector,INTERNAL,INLET_CONNECTOR
0Km_CRI_I_25_155_Particle_on_Bar_Filter_Fen_1_A_L_11_doc_txt__1__0,1,Body,INTERNAL,INJECTOR_BODY
0Km_CRI_I_25_155_Particle_on_Bar_Filter_Fen_1_A_L_11_doc_txt__1__0,2,VSS screw,INTERNAL,VSS
_Km_0Km_CRI_I_25_48_Particle_on_Bar_Filter_Escort_04_doc_txt__1__0,0,"5 CJ$OJQJaJ$hAaœ rtv„ ¤¦¼¾æèêü hÝAQ5 OJQJ\ ""hAa "" $ & 8 T \ ^ œhqO_5 CJ$OJQJ\ ñãÑãÉÅÁ½Á¶¬‹¬¶Á¶Á€ aJ$hAaœhÝAQOJQJ@ Án`€Á¶",GARBAGE,
_Km_0Km_CRI_I_25_48_Particle_on_Bar_Filter_Escort_04_doc_txt__1__0,1,General purpose pipes,EXTERNAL,
CRI_0_Km_0Km_CRI_I_26_41_Particle_In_IC_Stud_A_L_23_doc_txt__1__0,0,Injector body,INTERNAL,INJECTOR_BODY
CRI_0_Km_0Km_CRI_I_26_41_Particle_In_IC_Stud_A_L_23_doc_txt__1__0,1,IC stud,INTERNAL,IC_STUD
CRI_0_Km_0Km_CRI_I_25_149_Particle_In_Z_Hole_M_M_11_doc_txt__1__0,0,Grinding wheel,EXTERNAL,
CRI_0_Km_0Km_CRI_I_24_70_Particle_on_AH_Bolt_M_M_17_doc_txt__1__0,0,Nozzle needle,INTERNAL,NOZZLE_NEEDLE
CRI_0_Km_0Km_CRI_I_24_70_Particle_on_AH_Bolt_M_M_17_doc_txt__1__0,1,valve piston,INTERNAL,VALVE_PISTON
CRI_0_Km_0Km_CRI_I_24_70_Particle_on_AH_Bolt_M_M_17_doc_txt__2__0,0,Nozzle needle,INTERNAL,NOZZLE_NEEDLE
CRI_0_Km_0Km_CRI_I_24_70_Particle_on_AH_Bolt_M_M_17_doc_txt__2__0,1,valve piston,INTERNAL,VALVE_PISTON
CRI_0_Km_0Km_CRI_I_24_70_Particle_on_AH_Bolt_M_M_17_doc_txt__3__0,0,Nozzle needle,INTERNAL,NOZZLE_NEEDLE
CRI_0_Km_0Km_CRI_I_24_70_Particle_on_AH_Bolt_M_M_17_doc_txt__3__0,1,valve piston,INTERNAL,VALVE_PISTON
CRI_0_Km_0Km_CRI_I_24_70_Particle_on_AH_Bolt_M_M_17_doc_txt__4__0,0,Nozzle needle,INTERNAL,NOZZLE_NEEDLE
CRI_0_Km_0Km_CRI_I_24_70_Particle_on_AH_Bolt_M_M_17_doc_txt__4__0,1,valve piston,INTERNAL,VALVE_PISTON
CRI_0_Km_0Km_CRI_I_24_70_Particle_on_AH_Bolt_M_M_17_doc_txt__5__0,0,Nozzle needle,INTERNAL,NOZZLE_NEEDLE
CRI_0_Km_0Km_CRI_I_24_70_Particle_on_AH_Bolt_M_M_17_doc_txt__5__0,1,valve piston,INTERNAL,VALVE_PISTON
I_0_Km_0Km_CRI_I_25136_Particle_at_Bar_Filter_M_M_15_doc_txt__1__0,0,Nozzle Body,INTERNAL,NOZZLE_BODY
I_0_Km_0Km_CRI_I_25136_Particle_at_Bar_Filter_M_M_15_doc_txt__1__0,1,"rtv„ ¤¦¼äæèú - "" $ 6 R Z \ j l n † œ ž ¢ ñãÑãÉÅÁ½Á¶¨š¶Á¶Á Á }o Á¶ cÁo \Xñ\ÁhŸA",GARBAGE,
RI_I_25_157_Particle_In_Bar_Filter_Sr_1335_1_SMLI_28_doc_txt__1__0,0,NHB,INTERNAL,NHB
RI_I_25_157_Particle_In_Bar_Filter_Sr_1335_1_SMLI_28_doc_txt__1__0,1,IC stud,INTERNAL,IC_STUD
RI_I_25_157_Particle_In_Bar_Filter_Sr_1335_1_SMLI_28_doc_txt__3__0,0,[pic] [pic],UNRESOLVED,
RI_I_25_157_Particle_In_Bar_Filter_Sr_1335_1_SMLI_28_doc_txt__3__0,1,"As in Table 1 at NaP rtv„ ¤¦¼äæèú - "" $ 6 R Z \ j l n † œ ž ¢ ñãÑãÉÅÁ½Á¶¨š¶Á¶Á",GARBAGE,
CRI_0_Km_0Km_CRI_I_24_47_Particle_In_IC_Stud_M_M_28_doc_txt__1__0,0,Loose particles from tank,EXTERNAL,
CRI_0_Km_0Km_CRI_I_24_47_Particle_In_IC_Stud_M_M_28_doc_txt__2__0,0,Loose particles from tank,EXTERNAL,
CRI_0_Km_0Km_CRI_I_25_161_Particle_In_BFT_M_M_26_doc_txt__1__0,0,Clamping saddle,INTERNAL,CLAMPING_SADDLE
CRI_0_Km_0Km_CRI_I_25_161_Particle_In_BFT_M_M_26_doc_txt__2__0,0,[pic] [pic],UNRESOLVED,
CRI_0_Km_0Km_CRI_I_25_161_Particle_In_BFT_M_M_26_doc_txt__2__0,1,As in Table 1,EXTERNAL,
CRI_0_Km_0Km_CRI_I_25_161_Particle_In_BFT_M_M_26_doc_txt__2__0,2,General purpose tanks,EXTERNAL,
CRI_0_Km_0Km_CRI_I_25_161_Particle_In_BFT_M_M_26_doc_txt__2__0,3,pipes,EXTERNAL,
CRI_0_Km_0Km_CRI_I_25_161_Particle_In_BFT_M_M_26_doc_txt__4__0,0,Clamping saddle,INTERNAL,CLAMPING_SADDLE
_0_Km_0Km_CRI_I_25_161_Particle_In_Bar_Filter_M_M_28_doc_txt__1__0,0,RBKR Line Screw river,UNRESOLVED,
_0_Km_0Km_CRI_I_25_182_Particle_In_Bar_Filter_M_M_23_doc_txt__1__0,0,IC stud,INTERNAL,IC_STUD
_0_Km_0Km_CRI_I_25_182_Particle_In_Bar_Filter_M_M_23_doc_txt__1__0,1,Injector body,INTERNAL,INJECTOR_BODY
_0_Km_0Km_CRI_I_25_182_Particle_In_Bar_Filter_M_M_23_doc_txt__1__0,2,VSS,INTERNAL,VSS
_0_Km_0Km_CRI_I_25_182_Particle_In_Bar_Filter_M_M_23_doc_txt__1__0,3,Bar filter,INTERNAL,BAR_EDGE_FILTER
_0_Km_0Km_CRI_I_25_182_Particle_In_Bar_Filter_M_M_23_doc_txt__2__0,0,Loose particle from tanks,EXTERNAL,
_0_Km_0Km_CRI_I_25_182_Particle_In_Bar_Filter_M_M_23_doc_txt__2__0,1,Jigs,EXTERNAL,
_0_Km_0Km_CRI_I_25_182_Particle_In_Bar_Filter_M_M_23_doc_txt__2__0,2,Fixture etc.,EXTERNAL,
_0_Km_0Km_CRI_I_25_182_Particle_In_Bar_Filter_M_M_23_doc_txt__3__0,0,Loose particle from tanks,EXTERNAL,
_0_Km_0Km_CRI_I_25_182_Particle_In_Bar_Filter_M_M_23_doc_txt__3__0,1,Jigs,EXTERNAL,
_0_Km_0Km_CRI_I_25_182_Particle_In_Bar_Filter_M_M_23_doc_txt__3__0,2,Fixture etc.,EXTERNAL,
_0_Km_0Km_CRI_I_25_182_Particle_In_Bar_Filter_M_M_23_doc_txt__4__0,0,Loose particle from tanks,EXTERNAL,
_0_Km_0Km_CRI_I_25_182_Particle_In_Bar_Filter_M_M_23_doc_txt__4__0,1,Jigs,EXTERNAL,
_0_Km_0Km_CRI_I_25_182_Particle_In_Bar_Filter_M_M_23_doc_txt__4__0,2,Fixture etc.,EXTERNAL,
_0_Km_0Km_CRI_I_25_182_Particle_In_Bar_Filter_M_M_23_doc_txt__5__0,0,Loose particle from tanks,EXTERNAL,
_0_Km_0Km_CRI_I_25_182_Particle_In_Bar_Filter_M_M_23_doc_txt__5__0,1,Jigs,EXTERNAL,
_0_Km_0Km_CRI_I_25_182_Particle_In_Bar_Filter_M_M_23_doc_txt__5__0,2,Fixture etc.,EXTERNAL,
_0_Km_0Km_CRI_I_25_182_Particle_In_Bar_Filter_M_M_23_doc_txt__6__0,0,"rtv„ ¤¦¼¾æèêü 5 CJ$OJQJaJ$hâuh "" $ & ( : V ^ ` b ÝAQ5 OJQJ\ ""hâuh p r *PÙ5 CJ$OJQJ\ aJ ñãÑãÉÅÁ½Á¶¬¢¬¶Á¶Á— $hâuh*PÙ5 OJQJ",GARBAGE,
CRI_0_Km_0Km_CRI_I_25_94_Particle_In_Z_Hole_M_M_23_doc_txt__1__0,0,Sealing ring,INTERNAL,SEALING_RING
I_0_Km_0Km_CRI_I_25_48_Particle_In_IC_Stud_ESCORT_19_doc_txt__1__0,0,Tanks,EXTERNAL,
I_0_Km_0Km_CRI_I_25_48_Particle_In_IC_Stud_ESCORT_19_doc_txt__1__0,1,Jigs,EXTERNAL,
I_0_Km_0Km_CRI_I_25_48_Particle_In_IC_Stud_ESCORT_19_doc_txt__1__0,2,Fixture,EXTERNAL,
I_0_Km_0Km_CRI_I_25_48_Particle_In_IC_Stud_ESCORT_19_doc_txt__1__0,3,Tables,EXTERNAL,
I_0_Km_0Km_CRI_I_25_48_Particle_In_IC_Stud_ESCORT_19_doc_txt__1__0,4,Dirt/ dust- grinding wheel etc.,EXTERNAL,
CRI_0_Km_0Km_CRI_I_24_22_Particle_In_Z_Hole_SMIL_11_doc_txt__1__0,0,NHB,INTERNAL,NHB
CRI_0_Km_0Km_CRI_I_24_22_Particle_In_Z_Hole_SMIL_11_doc_txt__1__0,1,IC Stud,INTERNAL,IC_STUD
I_0_Km_0Km_CRI_I_24_51_Particle_on_VFK_Spring_M_M_23_doc_txt__1__0,0,Magnet core,INTERNAL,MAGNET_CORE
I_0_Km_0Km_CRI_I_24_51_Particle_on_VFK_Spring_M_M_23_doc_txt__3__0,0,Magnet Core,INTERNAL,MAGNET_CORE
I_0_Km_0Km_CRI_I_24_51_Particle_on_VFK_Spring_M_M_23_doc_txt__4__0,0,Injector body,INTERNAL,INJECTOR_BODY
I_0_Km_0Km_CRI_I_24_51_Particle_on_VFK_Spring_M_M_23_doc_txt__4__0,1,IC Stud,INTERNAL,IC_STUD
I_0_Km_0Km_CRI_I_24_51_Particle_on_VFK_Spring_M_M_23_doc_txt__4__0,2,[pic] at NaP,UNRESOLVED,
I_0_Km_0Km_CRI_I_24_51_Particle_on_VFK_Spring_M_M_23_doc_txt__5__0,0,Magnet Core,INTERNAL,MAGNET_CORE
I_0_Km_0Km_CRI_I_24_51_Particle_on_VFK_Spring_M_M_23_doc_txt__6__0,0,Magnet Core,INTERNAL,MAGNET_CORE
I_0_Km_0Km_CRI_I_24_51_Particle_on_VFK_Spring_M_M_23_doc_txt__7__0,0,Injector body,INTERNAL,INJECTOR_BODY
I_0_Km_0Km_CRI_I_24_51_Particle_on_VFK_Spring_M_M_23_doc_txt__7__0,1,IC Stud,INTERNAL,IC_STUD
I_0_Km_0Km_CRI_I_24_51_Particle_on_VFK_Spring_M_M_23_doc_txt__7__0,2,[pic] at NaP,UNRESOLVED,
I_0_Km_0Km_CRI_I_24_51_Particle_on_VFK_Spring_M_M_23_doc_txt__8__0,0,Injector body,INTERNAL,INJECTOR_BODY
I_0_Km_0Km_CRI_I_24_51_Particle_on_VFK_Spring_M_M_23_doc_txt__8__0,1,IC Stud,INTERNAL,IC_STUD
I_0_Km_0Km_CRI_I_24_51_Particle_on_VFK_Spring_M_M_23_doc_txt__8__0,2,[pic] at NaP,UNRESOLVED,
_Km_0Km_CRI_I_25_146_Particle_In_NB_Seat_Area_M_M_22_doc_txt__1__0,0,Filters at analysis test bench,EXTERNAL,
_Km_0Km_CRI_I_25_146_Particle_In_NB_Seat_Area_M_M_22_doc_txt__1__0,1,In oils,UNRESOLVED,
CRI_0_Km_0Km_CRI_I_24_63_Particle_on_AH_Plate_M_M_28_doc_txt__1__0,0,Magnet Core,INTERNAL,MAGNET_CORE
CRI_0_Km_0Km_CRI_I_24_63_Particle_on_AH_Plate_M_M_28_doc_txt__2__0,0,Magnet Core,INTERNAL,MAGNET_CORE
CRI_0_Km_0Km_CRI_I_24_63_Particle_on_AH_Plate_M_M_28_doc_txt__3__0,0,Magnet Core,INTERNAL,MAGNET_CORE
CRI_0_Km_0Km_CRI_I_24_63_Particle_on_AH_Plate_M_M_28_doc_txt__4__0,0,Magnet Core,INTERNAL,MAGNET_CORE
CRI_0_Km_0Km_CRI_I_24_63_Particle_on_AH_Plate_M_M_28_doc_txt__5__0,0,Magnet Core,INTERNAL,MAGNET_CORE
CRI_0_Km_0Km_CRI_I_24_63_Particle_on_AH_Plate_M_M_28_doc_txt__6__0,0,Magnet Core,INTERNAL,MAGNET_CORE
_Km_0Km_CRI_I_25_132_Particle_On_VFK_Spring_ISUZU_01_doc_txt__2__0,0,Tank,EXTERNAL,
_Km_0Km_CRI_I_25_132_Particle_On_VFK_Spring_ISUZU_01_doc_txt__2__0,1,Jigs,EXTERNAL,
_Km_0Km_CRI_I_25_132_Particle_On_VFK_Spring_ISUZU_01_doc_txt__2__0,2,Fixture etc.,EXTERNAL,
Km_0Km_CRI_I_25_93_Particle_On_Armature_Plate_M_M_15_doc_txt__2__0,0,Magnet Core,INTERNAL,MAGNET_CORE
Km_0Km_CRI_I_25_93_Particle_On_Armature_Plate_M_M_15_doc_txt__3__0,0,Magnet Core,INTERNAL,MAGNET_CORE
Km_0Km_CRI_I_25_93_Particle_On_Armature_Plate_M_M_15_doc_txt__4__0,0,Magnet Core,INTERNAL,MAGNET_CORE
Km_0Km_CRI_I_25_93_Particle_On_Armature_Plate_M_M_15_doc_txt__5__0,0,Magnet Core,INTERNAL,MAGNET_CORE
Km_0Km_CRI_I_25_93_Particle_On_Armature_Plate_M_M_15_doc_txt__6__0,0,Magnet Core,INTERNAL,MAGNET_CORE
Km_0Km_CRI_I_25_93_Particle_On_Armature_Plate_M_M_15_doc_txt__7__0,0,Magnet Core,INTERNAL,MAGNET_CORE
Km_0Km_CRI_I_25_93_Particle_On_Armature_Plate_M_M_15_doc_txt__8__0,0,Magnet Core,INTERNAL,MAGNET_CORE
Km_CRI_I_26_27_Particle_In_Z_Hole_Sr_No_2416_SMLI_15_doc_txt__1__0,0,Injector body,INTERNAL,INJECTOR_BODY
Km_CRI_I_26_27_Particle_In_Z_Hole_Sr_No_2416_SMLI_15_doc_txt__1__0,1,IC stud,INTERNAL,IC_STUD
Km_CRI_I_26_27_Particle_In_Z_Hole_Sr_No_2416_SMLI_15_doc_txt__1__0,2,VSS,INTERNAL,VSS
Km_CRI_I_26_27_Particle_In_Z_Hole_Sr_No_2416_SMLI_15_doc_txt__2__0,0,Injector body,INTERNAL,INJECTOR_BODY
Km_CRI_I_26_27_Particle_In_Z_Hole_Sr_No_2416_SMLI_15_doc_txt__2__0,1,IC stud,INTERNAL,IC_STUD
Km_CRI_I_26_27_Particle_In_Z_Hole_Sr_No_2416_SMLI_15_doc_txt__2__0,2,VSS,INTERNAL,VSS
0Km_CRI_I_25_48_Particle_Near_Small_O_Ring_Escort_23_doc_txt__2__0,0,Filters,EXTERNAL,
CRI_0_Km_0KM_CRI_I_24_76_Particle_on_Magnet_Group_04_doc_txt__1__0,0,Magnet Core,INTERNAL,MAGNET_CORE
CRI_0_Km_0KM_CRI_I_24_76_Particle_on_Magnet_Group_04_doc_txt__2__0,0,Magnet Core,INTERNAL,MAGNET_CORE
CRI_0_Km_0KM_CRI_I_24_76_Particle_on_Magnet_Group_04_doc_txt__3__0,0,Magnet Core,INTERNAL,MAGNET_CORE
CRI_0_Km_0KM_CRI_I_24_76_Particle_on_Magnet_Group_04_doc_txt__4__0,0,Magnet Core,INTERNAL,MAGNET_CORE
CRI_0_Km_0KM_CRI_I_24_76_Particle_on_Magnet_Group_04_doc_txt__5__0,0,Magnet Core,INTERNAL,MAGNET_CORE
CRI_0_Km_0KM_CRI_I_24_76_Particle_on_Magnet_Group_04_doc_txt__6__0,0,Magnet Core,INTERNAL,MAGNET_CORE
CRI_0_Km_0KM_CRI_I_24_76_Particle_on_Magnet_Group_04_doc_txt__7__0,0,Magnet Core,INTERNAL,MAGNET_CORE
I_0_Km_0KM_CRI_I_24_76_Particle_on_Armature_Group_04_doc_txt__1__0,0,Magnet core,INTERNAL,MAGNET_CORE
I_0_Km_0KM_CRI_I_24_76_Particle_on_Armature_Group_04_doc_txt__2__0,0,Magnet core,INTERNAL,MAGNET_CORE
I_0_Km_0KM_CRI_I_24_76_Particle_on_Armature_Group_04_doc_txt__3__0,0,Magnet core,INTERNAL,MAGNET_CORE
I_0_Km_0KM_CRI_I_24_76_Particle_on_Armature_Group_04_doc_txt__4__0,0,Magnet core,INTERNAL,MAGNET_CORE
I_0_Km_0KM_CRI_I_24_76_Particle_on_Armature_Group_04_doc_txt__5__0,0,Magnet core,INTERNAL,MAGNET_CORE
RI_0_Km_0Km_CRI_I_25_107_Particle_On_AH_Plate_M_M_27_doc_txt__1__0,0,Magnet Core,INTERNAL,MAGNET_CORE
RI_0_Km_0Km_CRI_I_25_107_Particle_On_AH_Plate_M_M_27_doc_txt__2__0,0,Paint,EXTERNAL,
RI_0_Km_0Km_CRI_I_24_47_Particle_on_Nozzle_HP_M_M_22_doc_txt__1__0,0,Tables,EXTERNAL,
RI_0_Km_0Km_CRI_I_24_47_Particle_on_Nozzle_HP_M_M_22_doc_txt__1__0,1,Jigs,EXTERNAL,
RI_0_Km_0Km_CRI_I_24_47_Particle_on_Nozzle_HP_M_M_22_doc_txt__1__0,2,Fixture etc.,EXTERNAL,
RI_0_Km_0Km_CRI_I_24_47_Particle_on_Nozzle_HP_M_M_22_doc_txt__2__0,0,Tables,EXTERNAL,
RI_0_Km_0Km_CRI_I_24_47_Particle_on_Nozzle_HP_M_M_22_doc_txt__2__0,1,Jigs,EXTERNAL,
RI_0_Km_0Km_CRI_I_24_47_Particle_on_Nozzle_HP_M_M_22_doc_txt__2__0,2,Fixture etc.,EXTERNAL,
RI_0_Km_0Km_CRI_I_24_47_Particle_on_Nozzle_HP_M_M_22_doc_txt__3__0,0,Injector body,INTERNAL,INJECTOR_BODY
RI_0_Km_0Km_CRI_I_24_47_Particle_on_Nozzle_HP_M_M_22_doc_txt__3__0,1,IC Stud,INTERNAL,IC_STUD
RI_0_Km_0Km_CRI_I_24_47_Particle_on_Nozzle_HP_M_M_22_doc_txt__3__0,2,[pic] at NaP,UNRESOLVED,
_0_Km_0Km_CRI_I_24_69_Particle_on_Magnet_Core_M_M_29_doc_txt__1__0,0,Stationary paper,EXTERNAL,
_0_Km_0Km_CRI_I_24_69_Particle_on_Magnet_Core_M_M_29_doc_txt__1__0,1,oily cotton,EXTERNAL,
CRI_0_Km_0Km_CRI_I_26_44_Particle_At_IC_Stud_M_M_02_doc_txt__1__0,0,Tables,EXTERNAL,
CRI_0_Km_0Km_CRI_I_26_44_Particle_At_IC_Stud_M_M_02_doc_txt__1__0,1,fixtures,EXTERNAL,
CRI_0_Km_0Km_CRI_I_26_44_Particle_At_IC_Stud_M_M_02_doc_txt__2__0,0,Tables,EXTERNAL,
CRI_0_Km_0Km_CRI_I_26_44_Particle_At_IC_Stud_M_M_02_doc_txt__2__0,1,fixtures,EXTERNAL,
CRI_0_Km_0Km_CRI_I_26_44_Particle_At_IC_Stud_M_M_02_doc_txt__3__0,0,Tables,EXTERNAL,
CRI_0_Km_0Km_CRI_I_26_44_Particle_At_IC_Stud_M_M_02_doc_txt__3__0,1,fixtures,EXTERNAL,
CRI_0_Km_0Km_CRI_I_25_51_Particle_in_Z_Hole_M_M_17_doc_txt__1__0,0,Seal Ring,INTERNAL,SEALING_RING
CRI_0_Km_0Km_CRI_I_25_161_Particle_In_Z_Hole_M_M_02_doc_txt__1__0,0,Injector body,INTERNAL,INJECTOR_BODY
CRI_0_Km_0Km_CRI_I_25_161_Particle_In_Z_Hole_M_M_02_doc_txt__1__0,1,Inlet connector,INTERNAL,INLET_CONNECTOR
CRI_0_Km_0Km_CRI_I_25_161_Particle_In_Z_Hole_M_M_02_doc_txt__1__0,2,VSS screw,INTERNAL,VSS
CRI_0_Km_0Km_CRI_I_25_161_Particle_In_Z_Hole_M_M_02_doc_txt__1__0,3,Magnet core,INTERNAL,MAGNET_CORE
CRI_0_Km_0Km_CRI_I_25_161_Particle_In_Z_Hole_M_M_02_doc_txt__1__0,4,General purpose shot blasting media,EXTERNAL,
CRI_0_Km_0Km_CRI_I_25_161_Particle_In_Z_Hole_M_M_02_doc_txt__1__0,5,Wires,EXTERNAL,
_0_Km_0Km_CRI_I_24_116_NB_Filter_Paper_BharatBenz_27_doc_txt__2__0,0,Needle,INTERNAL,NOZZLE_NEEDLE
_0_Km_0Km_CRI_I_24_116_NB_Filter_Paper_BharatBenz_27_doc_txt__4__0,0,Nozzle body,INTERNAL,NOZZLE_BODY
_0_Km_0Km_CRI_I_24_116_NB_Filter_Paper_BharatBenz_27_doc_txt__5__0,0,Nozzle body,INTERNAL,NOZZLE_BODY
I_0_Km_0Km_CRI_I_25_48_Particle_in_IC_Stud_Escort_07_doc_txt__1__0,0,Tanks,EXTERNAL,
I_0_Km_0Km_CRI_I_25_48_Particle_in_IC_Stud_Escort_07_doc_txt__1__0,1,Jigs,EXTERNAL,
I_0_Km_0Km_CRI_I_25_48_Particle_in_IC_Stud_Escort_07_doc_txt__1__0,2,Fixture,EXTERNAL,
I_0_Km_0Km_CRI_I_25_48_Particle_in_IC_Stud_Escort_07_doc_txt__1__0,3,Tables,EXTERNAL,
I_0_Km_0Km_CRI_I_25_48_Particle_in_IC_Stud_Escort_07_doc_txt__1__0,4,"Dirt/ dust- grinding wheel etc. rtv„ ¤¦¼¾àâäö 5 CJ$OJQJaJ$hh<… - 2 N V X hÝAQ5 OJQJ\ ""hh< ñãÑãÉÅÁ½Á¶¬‹¬¶Á¶Á€ …hqO_5 CJ$O",GARBAGE,
_0_Km_0Km_CRI_I_25_176_Particle_In_Bar_Filter_M_M_07_doc_txt__2__0,0,Magnet Nut,INTERNAL,MAGNET_NUT
_0_Km_0Km_CRI_I_25_176_Particle_In_Bar_Filter_M_M_07_doc_txt__2__0,1,NR Nut,INTERNAL,NR_NUT
_0_Km_0Km_CRI_I_25_176_Particle_In_Bar_Filter_M_M_07_doc_txt__3__0,0,Magnet Nut,INTERNAL,MAGNET_NUT
_0_Km_0Km_CRI_I_25_176_Particle_In_Bar_Filter_M_M_07_doc_txt__3__0,1,NR Nut,INTERNAL,NR_NUT
_0_Km_0Km_CRI_I_25_176_Particle_In_Bar_Filter_M_M_07_doc_txt__4__0,0,Magnet Nut,INTERNAL,MAGNET_NUT
_0_Km_0Km_CRI_I_25_176_Particle_In_Bar_Filter_M_M_07_doc_txt__4__0,1,NR Nut,INTERNAL,NR_NUT
_0_Km_0Km_CRI_I_25_176_Particle_In_Bar_Filter_M_M_07_doc_txt__6__0,0,NHB,INTERNAL,NHB
_0_Km_0Km_CRI_I_25_176_Particle_In_Bar_Filter_M_M_07_doc_txt__6__0,1,IC stud,INTERNAL,IC_STUD
I_0_Km_0Km_CRI_I_26_05_Particle_In_Bar_Filter_TML_18_doc_txt__1__0,0,Nozzle needle,INTERNAL,NOZZLE_NEEDLE
I_0_Km_0Km_CRI_I_26_05_Particle_In_Bar_Filter_TML_18_doc_txt__1__0,1,Valve Piston,INTERNAL,VALVE_PISTON
m_0Km_CRI_I_24_140_Particle_at_Bar_Filter_Pin_M_M_22_doc_txt__1__0,0,"5 CJ$OJQJaJ$h_Öh rtv„ ¤¦¼¾æèêü ÝAQ5 OJQJ\ ""h_Öh "" $ & 8 T \ ^ ` n í ’5 CJ$OJQJ\ aJ p r Š $h_ÖhÝAQOJQJh_Öh ñãÑãÉÅÁ½Á¶¬¢¬¶",GARBAGE,
CRI_0_Km_0Km_CRI_I_25_136_Particle_On_VSS_M_M_19_doc_txt__1__0,0,Magnet Core,INTERNAL,MAGNET_CORE
RI_0_Km_0Km_CRI_I_24_171_Particle_in_Z_Hole_ISUZU_29_doc_txt__1__0,0,IC stud,INTERNAL,IC_STUD
RI_0_Km_0Km_CRI_I_24_171_Particle_in_Z_Hole_ISUZU_29_doc_txt__1__0,1,Injector body,INTERNAL,INJECTOR_BODY
CRI_0_Km_0Km_CRI_I_26_06_Particle_In_B_F_Pin_TML_14_doc_txt__1__0,0,Needle,INTERNAL,NOZZLE_NEEDLE
CRI_0_Km_0Km_CRI_I_26_06_Particle_In_B_F_Pin_TML_14_doc_txt__1__0,1,Valve Piston,INTERNAL,VALVE_PISTON
CRI_0_Km_0Km_CRI_I_25_82_Particle_in_NB_Seat_M_M_24_doc_txt__2__0,0,Paint – Epoxy,EXTERNAL,
CRI_0_Km_0Km_CRI_I_25_82_Particle_in_NB_Seat_M_M_24_doc_txt__3__0,0,Paint – Epoxy,EXTERNAL,
CRI_0_Km_0Km_CRI_I_25_82_Particle_in_NB_Seat_M_M_24_doc_txt__4__0,0,Paint – Epoxy,EXTERNAL,
CRI_0_Km_0Km_CRI_I_25_82_Particle_in_NB_Seat_M_M_24_doc_txt__5__0,0,Paint – Epoxy,EXTERNAL,
CRI_0_Km_0Km_CRI_I_24_152_Particle_in_Z_Hole_M_M_19_doc_txt__1__0,0,Injector body,INTERNAL,INJECTOR_BODY
CRI_0_Km_0Km_CRI_I_24_152_Particle_in_Z_Hole_M_M_19_doc_txt__1__0,1,IC stud,INTERNAL,IC_STUD
Km_CRI_I_26_59_Particle_In_IC_Stud_Sr_No_0107_M_M_15_doc_txt__1__0,0,"rtv„ ¤¦¼¾æèêü 5 CJ$OJQJaJ$hõ9 "" $ & 8 T \ ^ ` n hÝAQ5 OJQJ\ ""hõ9 p r † Š h´Ø5 CJ$OJQJ\ a ñãÑãÉÅÁ½Á¶¬¢¬¶Á¶Á— J$hõ9 hÝAQOJ",GARBAGE,
_CRI_I_24_140_Particle_at_VFK_Spring_AH_Plate_M_M_08_doc_txt__1__0,0,Valve Piston,INTERNAL,VALVE_PISTON
_CRI_I_24_140_Particle_at_VFK_Spring_AH_Plate_M_M_08_doc_txt__1__0,1,Needle,INTERNAL,NOZZLE_NEEDLE
_CRI_I_24_140_Particle_at_VFK_Spring_AH_Plate_M_M_08_doc_txt__2__0,0,Valve Piston,INTERNAL,VALVE_PISTON
_CRI_I_24_140_Particle_at_VFK_Spring_AH_Plate_M_M_08_doc_txt__2__0,1,Needle,INTERNAL,NOZZLE_NEEDLE
_CRI_I_24_140_Particle_at_VFK_Spring_AH_Plate_M_M_08_doc_txt__3__0,0,Valve Piston,INTERNAL,VALVE_PISTON
_CRI_I_24_140_Particle_at_VFK_Spring_AH_Plate_M_M_08_doc_txt__3__0,1,Needle,INTERNAL,NOZZLE_NEEDLE
_CRI_I_24_140_Particle_at_VFK_Spring_AH_Plate_M_M_08_doc_txt__4__0,0,Valve Piston,INTERNAL,VALVE_PISTON
_CRI_I_24_140_Particle_at_VFK_Spring_AH_Plate_M_M_08_doc_txt__4__0,1,Needle,INTERNAL,NOZZLE_NEEDLE
CRI_0_Km_0Km_CRI_I_26_120_Particle_In_Z_Hole_M_M_25_doc_txt__1__0,0,Jigs,EXTERNAL,
CRI_0_Km_0Km_CRI_I_26_120_Particle_In_Z_Hole_M_M_25_doc_txt__1__0,1,fixture,EXTERNAL,
Km_CRI_I_26_59_Particle_In_IC_Stud_Sr_No_2280_M_M_14_doc_txt__1__0,0,IC stud,INTERNAL,IC_STUD
Km_CRI_I_26_59_Particle_In_IC_Stud_Sr_No_2280_M_M_14_doc_txt__1__0,1,Injector,UNRESOLVED,
Km_CRI_I_26_59_Particle_In_IC_Stud_Sr_No_2280_M_M_14_doc_txt__1__0,2,VSS,INTERNAL,VSS
CRI_0_Km_0Km_CRI_I_26_16_Particle_In_Z_Hole_M_M_28_doc_txt__1__0,0,Injector body,INTERNAL,INJECTOR_BODY
CRI_0_Km_0Km_CRI_I_26_16_Particle_In_Z_Hole_M_M_28_doc_txt__1__0,1,VSS,INTERNAL,VSS
CRI_0_Km_0Km_CRI_I_26_16_Particle_In_Z_Hole_M_M_28_doc_txt__1__0,2,IC Stud,INTERNAL,IC_STUD
CRI_0_Km_0Km_CRI_I_26_15_Particle_In_Z_Hole_M_M_23_doc_txt__1__0,0,Injector Body,INTERNAL,INJECTOR_BODY
CRI_0_Km_0Km_CRI_I_26_15_Particle_In_Z_Hole_M_M_23_doc_txt__1__0,1,IC Stud,INTERNAL,IC_STUD
CRI_0_Km_0Km_CRI_I_26_15_Particle_In_Z_Hole_M_M_23_doc_txt__1__0,2,VSS,INTERNAL,VSS
CRI_0_Km_0Km_CRI_I_24_63_Particle_on_B_F_Pin_M_M_22_doc_txt__1__0,0,Loose particle from tank,EXTERNAL,
RI_0_Km_0Km_CRI_I_24_161_Particle_in_IC_Stud_DICV_17_doc_txt__1__0,0,"rtv„ ¤¦¼¾æèêü 5 CJ$OJQJaJ$h¹:Ï "" $ & 8 T \ ^ hÝAQ5 OJQJ\ ""h¹: ñãÑãÉÅÁ½Á¶¬‹¬¶Á¶Á€ ÏhrF‘5 CJ$OJQJ\ Án`€Á¶€Ph¹:ÏhŒF aJ$h¹:Ï",GARBAGE,
0_Km_0Km_CRI_I_24_70_Particle_on_Magnet_Group_M_M_17_doc_txt__1__0,0,Nozzle needle,INTERNAL,NOZZLE_NEEDLE
0_Km_0Km_CRI_I_24_70_Particle_on_Magnet_Group_M_M_17_doc_txt__1__0,1,valve piston,INTERNAL,VALVE_PISTON
0_Km_0Km_CRI_I_24_70_Particle_on_Magnet_Group_M_M_17_doc_txt__2__0,0,Nozzle needle,INTERNAL,NOZZLE_NEEDLE
0_Km_0Km_CRI_I_24_70_Particle_on_Magnet_Group_M_M_17_doc_txt__2__0,1,valve piston,INTERNAL,VALVE_PISTON
0_Km_0Km_CRI_I_24_70_Particle_on_Magnet_Group_M_M_17_doc_txt__3__0,0,Nozzle needle,INTERNAL,NOZZLE_NEEDLE
0_Km_0Km_CRI_I_24_70_Particle_on_Magnet_Group_M_M_17_doc_txt__3__0,1,valve piston,INTERNAL,VALVE_PISTON
0_Km_0Km_CRI_I_24_70_Particle_on_Magnet_Group_M_M_17_doc_txt__3__0,2,"Brtv„ ¤¦¼¾Àèêìþ "" $ & ( : V ^ ` n p r † Š ¢ ¤ ¦ ñãÑÑãÉÅÁ½Á¶¬¢¢¬¶Á¶ Á—Á…w—Á¶—kÁw—dd`ñd ÁhŸA hª®hÝAQhÌ­hÝA Q5 OJQJhÌ­hÝAQ5",GARBAGE,
_CRI_I_26_104_Particle_In_IC_Stud_Sr_No_2640_FUSO_06_doc_txt__1__0,0,[pic] BaP Line,UNRESOLVED,
_0_Km_0Km_CRI_I_24_22_Particle_on_Bar_Filter_SMIL_15_doc_txt__1__0,0,Corrugated sheet,EXTERNAL,
CRI_0_Km_0Km_CRI_I_26_111_Particle_In_Z_Hole_FUSO_13_doc_txt__1__0,0,Injector body,INTERNAL,INJECTOR_BODY
0_Km_0Km_CRI_I_26_118_Particle_In_Valve_Piece_M_M_26_doc_txt__1__0,0,Probable General purpose jigs external,EXTERNAL,
0_Km_0Km_CRI_I_26_118_Particle_In_Valve_Piece_M_M_26_doc_txt__1__0,1,fixtures,EXTERNAL,
CRI_0_Km_0Km_CRI_I_24_47_Particle_on_AH_Plate_M_M_01_doc_txt__1__0,0,Armature spring,INTERNAL,ARMATURE_SPRING
CRI_0_Km_0Km_CRI_I_24_47_Particle_on_AH_Plate_M_M_01_doc_txt__1__0,1,Nozzle spring,INTERNAL,NOZZLE_SPRING
CRI_0_Km_0Km_CRI_I_24_47_Particle_on_AH_Plate_M_M_01_doc_txt__1__0,2,valve spring,INTERNAL,VALVE_SPRING
CRI_0_Km_0Km_CRI_I_24_47_Particle_on_AH_Plate_M_M_01_doc_txt__2__0,0,NHB,INTERNAL,NHB
CRI_0_Km_0Km_CRI_I_24_47_Particle_on_AH_Plate_M_M_01_doc_txt__2__0,1,IC stud,INTERNAL,IC_STUD
CRI_0_Km_0Km_CRI_I_24_47_Particle_on_AH_Plate_M_M_01_doc_txt__3__0,0,Armature spring,INTERNAL,ARMATURE_SPRING
CRI_0_Km_0Km_CRI_I_24_47_Particle_on_AH_Plate_M_M_01_doc_txt__3__0,1,Nozzle spring,INTERNAL,NOZZLE_SPRING
CRI_0_Km_0Km_CRI_I_24_47_Particle_on_AH_Plate_M_M_01_doc_txt__3__0,2,valve spring,INTERNAL,VALVE_SPRING
CRI_0_Km_0Km_CRI_I_24_47_Particle_on_AH_Plate_M_M_01_doc_txt__4__0,0,Magnet core,INTERNAL,MAGNET_CORE
CRI_0_Km_0Km_CRI_I_24_62_Particle_in_Z_Hole_M_M_12_doc_txt__1__0,0,NHB,INTERNAL,NHB
CRI_0_Km_0Km_CRI_I_24_62_Particle_in_Z_Hole_M_M_12_doc_txt__1__0,1,IC stud,INTERNAL,IC_STUD
CRI_0_Km_0Km_CRI_I_26_20_Particle_In_Z_Hole_TML_11_doc_txt__2__0,0,Barium hexaferrite (,INTERNAL,BA_HEXAFERRITE
CRI_0_Km_0Km_CRI_I_26_20_Particle_In_Z_Hole_TML_11_doc_txt__2__0,1,[pic] a magnetic ceramic material composed of barium,UNRESOLVED,
CRI_0_Km_0Km_CRI_I_26_20_Particle_In_Z_Hole_TML_11_doc_txt__2__0,2,iron,UNRESOLVED,
CRI_0_Km_0Km_CRI_I_26_20_Particle_In_Z_Hole_TML_11_doc_txt__2__0,3,oxygen,UNRESOLVED,
CRI_0_Km_0Km_CRI_I_26_20_Particle_In_Z_Hole_TML_11_doc_txt__2__0,4,Barium Hexaferrite,INTERNAL,BA_HEXAFERRITE
CRI_0_Km_0Km_CRI_I_26_20_Particle_In_Z_Hole_TML_11_doc_txt__2__0,5,"rtv„ ’¨ªÒÔÖèüþ 5 CJ$OJQJaJ$hR…h $ @ H J L Z \ ÝAQ5 OJQJ\ ""hR…h ñãÑãÉÅÁÁº°¢‘ºÁºÁ†Á rR75 CJ$OJQJ\ aJ tf†Áº†VJÁfhR…hÝAQ5 $h",GARBAGE,
CRI_0_Km_0Km_CRI_I_26_61_Particle_In_IC_Stud_A_L_13_doc_txt__1__0,0,"rtv„ ¤¦¼äæèú - 5 \ hköhÝAQh[c "" $ 6 R Z \ j l n ‚ † œ ž ¢ ¤ ¦ Â Ä ñãÑãÉÅÁ½Á¶¯¥¶Á¶Áš ÁˆzšÁ¶šnÁzšggcñgÁ",GARBAGE,
I_0_Km_0Km_CRI_I_25_165_NB_Seat_Particle_M_M_11_Copy_doc_txt__1__0,0,Injector Body,INTERNAL,INJECTOR_BODY
I_0_Km_0Km_CRI_I_25_165_NB_Seat_Particle_M_M_11_Copy_doc_txt__1__0,1,IC Stud,INTERNAL,IC_STUD
I_0_Km_0Km_CRI_I_25_165_NB_Seat_Particle_M_M_11_Copy_doc_txt__1__0,2,VSS,INTERNAL,VSS
I_0_Km_0Km_CRI_I_25_165_NB_Seat_Particle_M_M_11_Copy_doc_txt__2__0,0,Injector Body,INTERNAL,INJECTOR_BODY
I_0_Km_0Km_CRI_I_25_165_NB_Seat_Particle_M_M_11_Copy_doc_txt__2__0,1,IC Stud,INTERNAL,IC_STUD
I_0_Km_0Km_CRI_I_25_165_NB_Seat_Particle_M_M_11_Copy_doc_txt__2__0,2,VSS,INTERNAL,VSS
0_Km_0Km_CRI_I_26_56_Particle_In_NB_Seat_Area_M_M_13_doc_txt__1__0,0,Plastic bins,EXTERNAL,
0_Km_0Km_CRI_I_26_56_Particle_In_NB_Seat_Area_M_M_13_doc_txt__1__0,1,Protection caps,EXTERNAL,
0_Km_0Km_CRI_I_26_56_Particle_In_NB_Seat_Area_M_M_13_doc_txt__1__0,2,general purpose polymer base.,EXTERNAL,
0_Km_0Km_CRI_I_26_56_Particle_In_NB_Seat_Area_M_M_13_doc_txt__2__0,0,Filters,EXTERNAL,
0_Km_0Km_CRI_I_26_56_Particle_In_NB_Seat_Area_M_M_13_doc_txt__2__0,1,Stationary,EXTERNAL,
0_Km_0Km_CRI_I_26_56_Particle_In_NB_Seat_Area_M_M_13_doc_txt__2__0,2,tissue papers,EXTERNAL,
0_Km_0Km_CRI_I_26_56_Particle_In_NB_Seat_Area_M_M_13_doc_txt__2__0,3,Cellulose filters,EXTERNAL,
0_Km_0Km_CRI_I_26_56_Particle_In_NB_Seat_Area_M_M_13_doc_txt__2__0,4,"rtv„ ¤¦¼¾èêìþ "" 5 CJ$OJQJaJ$h${þ $ & ( : V ^ ` b p hÝAQ5 OJQJ\ ""h${ r t ˆ Œ þh´Ø5 CJ$OJQJ\ a ñãÑãÉÅÁ½Á¶¬¢¬¶Á¶Á— J$h${þhÝ",GARBAGE,
_Km_0Km_CRI_I_25_145_Particle_In_NB_Seat_Area_M_M_19_doc_txt__1__0,0,IC Stud,INTERNAL,IC_STUD
_Km_0Km_CRI_I_25_145_Particle_In_NB_Seat_Area_M_M_19_doc_txt__1__0,1,Injector Body,INTERNAL,INJECTOR_BODY
_Km_0Km_CRI_I_25_145_Particle_In_NB_Seat_Area_M_M_19_doc_txt__1__0,2,VSS,INTERNAL,VSS
_Km_0Km_CRI_I_25_145_Particle_In_NB_Seat_Area_M_M_19_doc_txt__2__0,0,IC Stud,INTERNAL,IC_STUD
_Km_0Km_CRI_I_25_145_Particle_In_NB_Seat_Area_M_M_19_doc_txt__2__0,1,Injector Body,INTERNAL,INJECTOR_BODY
_Km_0Km_CRI_I_25_145_Particle_In_NB_Seat_Area_M_M_19_doc_txt__2__0,2,VSS,INTERNAL,VSS
0Km_CRI_I_25_125_Particle_In_IC_Stud_Sr_2104_SMLI_09_doc_txt__1__0,0,"rtv„’¨ªÒÔÖèüþ 5 CJ$OJQJaJ$hê[s $ @ H J L Z \ ^ hÝAQ5 OJQJ\ ""hê[ ñãÑãÉÅÁº° °ºÁºÁ„Ár sh""·5 CJ$OJQJ\ a d„Áº„THÁd„hê[shÝAQ J",GARBAGE,
_Km_0Km_CRI_I_25_177_Particle_In_NB_Seat_Area_M_M_19_doc_txt__1__0,0,NHB,INTERNAL,NHB
_Km_0Km_CRI_I_25_177_Particle_In_NB_Seat_Area_M_M_19_doc_txt__1__0,1,IC stud,INTERNAL,IC_STUD
_CRI_I_26_40_Particle_In_IC_Stud_SR_No_1855_1_A_L_02_doc_txt__1__0,0,Loose particle from tanks,EXTERNAL,
_CRI_I_26_40_Particle_In_IC_Stud_SR_No_1855_1_A_L_02_doc_txt__1__0,1,Jigs,EXTERNAL,
_CRI_I_26_40_Particle_In_IC_Stud_SR_No_1855_1_A_L_02_doc_txt__1__0,2,Fixture etc.,EXTERNAL,
RI_0_Km_0Km_CRI_I_26_60_Particle_In_IC_Stud_ISUZU_15_doc_txt__1__0,0,Bar filter,INTERNAL,BAR_EDGE_FILTER
RI_0_Km_0Km_CRI_I_26_60_Particle_In_IC_Stud_ISUZU_15_doc_txt__1__0,1,Magnet Nut,INTERNAL,MAGNET_NUT
RI_0_Km_0Km_CRI_I_26_60_Particle_In_IC_Stud_ISUZU_15_doc_txt__1__0,2,NR nut,INTERNAL,NR_NUT
RI_0_Km_0Km_CRI_I_26_60_Particle_In_IC_Stud_ISUZU_15_doc_txt__1__0,3,Bushing,INTERNAL,BUSHING
RI_0_Km_0Km_CRI_I_26_60_Particle_In_IC_Stud_ISUZU_15_doc_txt__2__0,0,"rtv„ ¤¦¼¾Àèêìþ "" $ & ( : V ^ ` ñãÑãÉÅÁ½Á¶¬¥“‰¶Á ¶Á~Ál^~Á¶~NheþhŒ F",GARBAGE,
I_0_Km_0Km_CRI_I_25_164_NB_Seat_Particle_M_M_13_Copy_doc_txt__1__0,0,Injector Body,INTERNAL,INJECTOR_BODY
I_0_Km_0Km_CRI_I_25_164_NB_Seat_Particle_M_M_13_Copy_doc_txt__1__0,1,IC Stud,INTERNAL,IC_STUD
I_0_Km_0Km_CRI_I_25_164_NB_Seat_Particle_M_M_13_Copy_doc_txt__1__0,2,VSS,INTERNAL,VSS
Km_CRI_I_25_157_Particle_In_Z_Hole_Sr_1335_1_SMLI_18_doc_txt__1__0,0,NHB,INTERNAL,NHB
Km_CRI_I_25_157_Particle_In_Z_Hole_Sr_1335_1_SMLI_18_doc_txt__1__0,1,IC stud,INTERNAL,IC_STUD
CRI_0_Km_0Km_CRI_I_24_51_Particle_on_AH_Group_M_M_25_doc_txt__1__0,0,Injector body,INTERNAL,INJECTOR_BODY
CRI_0_Km_0Km_CRI_I_24_51_Particle_on_AH_Group_M_M_25_doc_txt__1__0,1,IC Stud,INTERNAL,IC_STUD
CRI_0_Km_0Km_CRI_I_24_51_Particle_on_AH_Group_M_M_25_doc_txt__1__0,2,[pic] at NaP,UNRESOLVED,
CRI_0_Km_0Km_CRI_I_24_51_Particle_on_AH_Group_M_M_25_doc_txt__2__0,0,Injector body,INTERNAL,INJECTOR_BODY
CRI_0_Km_0Km_CRI_I_24_51_Particle_on_AH_Group_M_M_25_doc_txt__2__0,1,IC Stud,INTERNAL,IC_STUD
CRI_0_Km_0Km_CRI_I_24_51_Particle_on_AH_Group_M_M_25_doc_txt__2__0,2,[pic] at NaP,UNRESOLVED,
CRI_0_Km_0Km_CRI_I_24_51_Particle_on_AH_Group_M_M_25_doc_txt__3__0,0,Injector body,INTERNAL,INJECTOR_BODY
CRI_0_Km_0Km_CRI_I_24_51_Particle_on_AH_Group_M_M_25_doc_txt__3__0,1,IC Stud,INTERNAL,IC_STUD
CRI_0_Km_0Km_CRI_I_24_51_Particle_on_AH_Group_M_M_25_doc_txt__3__0,2,[pic] at NaP,UNRESOLVED,
CRI_0_Km_0Km_CRI_I_24_51_Particle_on_AH_Group_M_M_25_doc_txt__4__0,0,Injector body,INTERNAL,INJECTOR_BODY
CRI_0_Km_0Km_CRI_I_24_51_Particle_on_AH_Group_M_M_25_doc_txt__4__0,1,IC Stud,INTERNAL,IC_STUD
CRI_0_Km_0Km_CRI_I_24_51_Particle_on_AH_Group_M_M_25_doc_txt__4__0,2,[pic] at NaP,UNRESOLVED,
CRI_0_Km_0Km_CRI_I_24_51_Particle_on_AH_Group_M_M_25_doc_txt__5__0,0,Injector body,INTERNAL,INJECTOR_BODY
CRI_0_Km_0Km_CRI_I_24_51_Particle_on_AH_Group_M_M_25_doc_txt__5__0,1,IC Stud,INTERNAL,IC_STUD
CRI_0_Km_0Km_CRI_I_24_51_Particle_on_AH_Group_M_M_25_doc_txt__5__0,2,[pic] at NaP,UNRESOLVED,
CRI_0_Km_0Km_CRI_I_24_51_Particle_on_AH_Group_M_M_25_doc_txt__6__0,0,Injector body,INTERNAL,INJECTOR_BODY
CRI_0_Km_0Km_CRI_I_24_51_Particle_on_AH_Group_M_M_25_doc_txt__6__0,1,IC Stud,INTERNAL,IC_STUD
CRI_0_Km_0Km_CRI_I_24_51_Particle_on_AH_Group_M_M_25_doc_txt__6__0,2,[pic] at NaP,UNRESOLVED,
CRI_0_Km_0Km_CRI_I_24_51_Particle_on_AH_Group_M_M_25_doc_txt__7__0,0,Injector body,INTERNAL,INJECTOR_BODY
CRI_0_Km_0Km_CRI_I_24_51_Particle_on_AH_Group_M_M_25_doc_txt__7__0,1,IC Stud,INTERNAL,IC_STUD
CRI_0_Km_0Km_CRI_I_24_51_Particle_on_AH_Group_M_M_25_doc_txt__7__0,2,[pic] at NaP,UNRESOLVED,
CRI_0_Km_0Km_CRI_I_24_171_Particle_in_BFT_ISUZU_24_doc_txt__1__0,0,General pipes,EXTERNAL,
CRI_0_Km_0Km_CRI_I_24_171_Particle_in_BFT_ISUZU_24_doc_txt__1__0,1,tanks,EXTERNAL,
CRI_0_Km_0Km_CRI_I_24_171_Particle_in_BFT_ISUZU_24_doc_txt__1__0,2,"rtv„ ¤¦¼¾æèêü 5 CJ$OJQJaJ$h²dh "" $ & 8 T \ ^ ÝAQ5 OJQJ\ ""h²dh ñãÑãÉÅÁ½Á¶¬‹¬¶Á¶Á€ ¦B5 CJ$OJQJ\ aJ$ Án`€Á¶€Ph²dhŒF h²dhÝAQ",GARBAGE,
CRI_0_Km_0Km_CRI_I_25_168_NB_Seat_Particle_ISUZU_07_doc_txt__2__0,0,Nozzle body,INTERNAL,NOZZLE_BODY
Km_0Km_CRI_I_25_128_Particle_in_NB_Seat_Area_SMLI_09_doc_txt__1__0,0,Injector body,INTERNAL,INJECTOR_BODY
Km_0Km_CRI_I_25_128_Particle_in_NB_Seat_Area_SMLI_09_doc_txt__1__0,1,IC Stud,INTERNAL,IC_STUD
Km_0Km_CRI_I_25_128_Particle_in_NB_Seat_Area_SMLI_09_doc_txt__1__0,2,[pic] at NaP,UNRESOLVED,
Km_0Km_CRI_I_25_128_Particle_in_NB_Seat_Area_SMLI_09_doc_txt__2__0,0,Injector body,INTERNAL,INJECTOR_BODY
Km_0Km_CRI_I_25_128_Particle_in_NB_Seat_Area_SMLI_09_doc_txt__2__0,1,IC Stud,INTERNAL,IC_STUD
Km_0Km_CRI_I_25_128_Particle_in_NB_Seat_Area_SMLI_09_doc_txt__2__0,2,[pic] at NaP,UNRESOLVED,
Km_0Km_CRI_I_25_128_Particle_in_NB_Seat_Area_SMLI_09_doc_txt__3__0,0,Injector body,INTERNAL,INJECTOR_BODY
Km_0Km_CRI_I_25_128_Particle_in_NB_Seat_Area_SMLI_09_doc_txt__3__0,1,IC Stud,INTERNAL,IC_STUD
Km_0Km_CRI_I_25_128_Particle_in_NB_Seat_Area_SMLI_09_doc_txt__3__0,2,[pic] at NaP,UNRESOLVED,
Km_0Km_CRI_I_25_128_Particle_in_NB_Seat_Area_SMLI_09_doc_txt__4__0,0,Injector body,INTERNAL,INJECTOR_BODY
Km_0Km_CRI_I_25_128_Particle_in_NB_Seat_Area_SMLI_09_doc_txt__4__0,1,IC Stud,INTERNAL,IC_STUD
Km_0Km_CRI_I_25_128_Particle_in_NB_Seat_Area_SMLI_09_doc_txt__4__0,2,[pic] at NaP,UNRESOLVED,
Km_0Km_CRI_I_25_128_Particle_in_NB_Seat_Area_SMLI_09_doc_txt__5__0,0,Injector body,INTERNAL,INJECTOR_BODY
Km_0Km_CRI_I_25_128_Particle_in_NB_Seat_Area_SMLI_09_doc_txt__5__0,1,IC Stud,INTERNAL,IC_STUD
Km_0Km_CRI_I_25_128_Particle_in_NB_Seat_Area_SMLI_09_doc_txt__5__0,2,[pic] at NaP,UNRESOLVED,
Km_0Km_CRI_I_25_128_Particle_in_NB_Seat_Area_SMLI_09_doc_txt__6__0,0,Injector body,INTERNAL,INJECTOR_BODY
Km_0Km_CRI_I_25_128_Particle_in_NB_Seat_Area_SMLI_09_doc_txt__6__0,1,IC Stud,INTERNAL,IC_STUD
Km_0Km_CRI_I_25_128_Particle_in_NB_Seat_Area_SMLI_09_doc_txt__6__0,2,[pic] at NaP,UNRESOLVED,
CRI_0_Km_0Km_CRI_I_25_155_Particle_in_Z_Hole_A_L_02_doc_txt__1__0,0,Injector body,INTERNAL,INJECTOR_BODY
CRI_0_Km_0Km_CRI_I_25_155_Particle_in_Z_Hole_A_L_02_doc_txt__1__0,1,Inlet connector,INTERNAL,INLET_CONNECTOR
CRI_0_Km_0Km_CRI_I_25_155_Particle_in_Z_Hole_A_L_02_doc_txt__1__0,2,VSS screw,INTERNAL,VSS
CRI_0_Km_0Km_CRI_I_25_155_Particle_in_Z_Hole_A_L_02_doc_txt__1__0,3,Magnet core,INTERNAL,MAGNET_CORE
_0_Km_0Km_CRI_I_25_161_Particle_on_Nozzle_Tip_M_M_17_doc_txt__1__0,0,Grinding wheel,EXTERNAL,
_0_Km_0Km_CRI_I_25_161_Particle_on_Nozzle_Tip_M_M_17_doc_txt__1__0,1,Grinding muck,EXTERNAL,
CRI_0_Km_0Km_CRI_I_24_51_Particle_In_IC_Stud_M_M_01_doc_txt__1__0,0,Loose particles from tank,EXTERNAL,
CRI_0_Km_0Km_CRI_I_25_194_Particle_In_IC_Stud_A_L_25_doc_txt__1__0,0,[pic],UNRESOLVED,
RI_0_Km_0Km_CRI_I_25_157_Particle_In_IC_Stud_SMLI_10_doc_txt__1__0,0,Magnet Nut,INTERNAL,MAGNET_NUT
RI_0_Km_0Km_CRI_I_25_157_Particle_In_IC_Stud_SMLI_10_doc_txt__1__0,1,Nozzle Nut,INTERNAL,NOZZLE_NUT
RI_0_Km_0Km_CRI_I_25_157_Particle_In_IC_Stud_SMLI_10_doc_txt__1__0,2,Bushing .,INTERNAL,BUSHING
RI_0_Km_0Km_CRI_I_25_157_Particle_In_IC_Stud_SMLI_10_doc_txt__2__0,0,Thread,EXTERNAL,
RI_0_Km_0Km_CRI_I_25_157_Particle_In_IC_Stud_SMLI_10_doc_txt__2__0,1,tissue,EXTERNAL,
0Km_CRI_I_25_125_Particle_In_IC_Stud_Sr_2113_SMLI_25_doc_txt__2__0,0,Loose flake from tanks,EXTERNAL,
0Km_CRI_I_25_125_Particle_In_IC_Stud_Sr_2113_SMLI_25_doc_txt__2__0,1,jigs,EXTERNAL,
0Km_CRI_I_25_125_Particle_In_IC_Stud_Sr_2113_SMLI_25_doc_txt__2__0,2,Fixture etc.,EXTERNAL,
0Km_CRI_I_25_125_Particle_In_IC_Stud_Sr_2113_SMLI_25_doc_txt__3__0,0,Loose flake from tanks,EXTERNAL,
0Km_CRI_I_25_125_Particle_In_IC_Stud_Sr_2113_SMLI_25_doc_txt__3__0,1,jigs,EXTERNAL,
0Km_CRI_I_25_125_Particle_In_IC_Stud_Sr_2113_SMLI_25_doc_txt__3__0,2,Fixture etc.,EXTERNAL,
0Km_CRI_I_25_125_Particle_In_IC_Stud_Sr_2113_SMLI_25_doc_txt__4__0,0,Loose flake from rtv„ ¤¦¼äæèú - tanks,GARBAGE,
0Km_CRI_I_25_125_Particle_In_IC_Stud_Sr_2113_SMLI_25_doc_txt__4__0,1,jigs,EXTERNAL,
0Km_CRI_I_25_125_Particle_In_IC_Stud_Sr_2113_SMLI_25_doc_txt__4__0,2,""" $ 6 R Z \ j l n Fixture etc. † œ ñãÑãÉÅÁ½Á¶›‘¶Á¶Á†Á tf†Á¶†ZÁf†SOhŸA hª ®hÝAQhYfhÝAQ5 OJQJ hYfhÝAQ5 OJQJ\ ""hY",GARBAGE,
0_Km_0km_CRI_I_26_111_Particles_For_Analysis_FUSO_06_doc_txt__2__0,0,rtv„ ¨ªÀÂÄæìîðò ( *,GARBAGE,
0_Km_0km_CRI_I_26_111_Particles_For_Analysis_FUSO_06_doc_txt__2__0,1,. 0 B ^ f ñãÑãÉÅÁ·­¦œ•‹„„œ¦Á ¦ÁyÁn^PyÁ¦yh~30hÝA QProbable Indirect,GARBAGE,
CRI_0_Km_0Km_CRI_I_26_20_Particle_In_IC_Stud_TML_10_doc_txt__1__0,0,Probable General purpose jigs external,EXTERNAL,
CRI_0_Km_0Km_CRI_I_26_20_Particle_In_IC_Stud_TML_10_doc_txt__1__0,1,fixtures,EXTERNAL,
CRI_0_Km_0Km_CRI_I_25_176_Particle_In_Z_Hole_M_M_14_doc_txt__1__0,0,General purpose steel,EXTERNAL,
CRI_0_Km_0Km_CRI_I_25_176_Particle_In_Z_Hole_M_M_14_doc_txt__1__0,1,tools,EXTERNAL,
CRI_0_Km_0Km_CRI_I_25_176_Particle_In_Z_Hole_M_M_14_doc_txt__1__0,2,Jigs,EXTERNAL,
CRI_0_Km_0Km_CRI_I_25_176_Particle_In_Z_Hole_M_M_14_doc_txt__1__0,3,Fixture etc.,EXTERNAL,
CRI_0_Km_0Km_CRI_I_25_176_Particle_In_Z_Hole_M_M_14_doc_txt__2__0,0,NHB,INTERNAL,NHB
CRI_0_Km_0Km_CRI_I_25_176_Particle_In_Z_Hole_M_M_14_doc_txt__2__0,1,IC stud,INTERNAL,IC_STUD
CRI_0_Km_0Km_CRI_I_25_176_Particle_In_Z_Hole_M_M_14_doc_txt__3__0,0,General purpose steel,EXTERNAL,
CRI_0_Km_0Km_CRI_I_25_176_Particle_In_Z_Hole_M_M_14_doc_txt__3__0,1,tools,EXTERNAL,
CRI_0_Km_0Km_CRI_I_25_176_Particle_In_Z_Hole_M_M_14_doc_txt__3__0,2,Jigs,EXTERNAL,
CRI_0_Km_0Km_CRI_I_25_176_Particle_In_Z_Hole_M_M_14_doc_txt__3__0,3,Fixture etc.,EXTERNAL,
CRI_0_Km_0Km_CRI_I_25_176_Particle_In_Z_Hole_M_M_14_doc_txt__4__0,0,Magnet Core,INTERNAL,MAGNET_CORE
RI_0_Km_0Km_CRI_I_25_135_Particle_On_AH_Plate_M_M_28_doc_txt__1__0,0,Injector body,INTERNAL,INJECTOR_BODY
RI_0_Km_0Km_CRI_I_25_135_Particle_On_AH_Plate_M_M_28_doc_txt__1__0,1,IC Stud,INTERNAL,IC_STUD
RI_0_Km_0Km_CRI_I_25_135_Particle_On_AH_Plate_M_M_28_doc_txt__1__0,2,[pic] at NaP,UNRESOLVED,
CRI_0_Km_0Km_CRI_I_25_59_Particle_In_IC_Stud_M_M_19_doc_txt__1__0,0,NHB,INTERNAL,NHB
CRI_0_Km_0Km_CRI_I_25_59_Particle_In_IC_Stud_M_M_19_doc_txt__1__0,1,IC stud,INTERNAL,IC_STUD
CRI_0_Km_0Km_CRI_I_25_59_Particle_In_IC_Stud_M_M_19_doc_txt__1__0,2,"rtv„ ¤¦¼¾Àèêìþ "" $ & ( : V ^ ` n p ñãÑãÉÅÁ½Á¶¬¢Šƒ¶Á¶Á xÁfXxÁ¶xLÁXhèC’hÝA Q5 OJQJhèC’hÝAQ5 O",GARBAGE,
_0_Km_0Km_CRI_I_24_69_Particle_on_AH_Bolt_Top_M_M_12_doc_txt__2__0,0,Plastic general,EXTERNAL,
_0_Km_0Km_CRI_I_24_69_Particle_on_AH_Bolt_Top_M_M_12_doc_txt__2__0,1,VCI bag,EXTERNAL,
Km_CRI_I_26_27_Particle_In_Z_Hole_Sr_No_0166_SMLI_01_doc_txt__1__0,0,Injector body,INTERNAL,INJECTOR_BODY
Km_CRI_I_26_27_Particle_In_Z_Hole_Sr_No_0166_SMLI_01_doc_txt__1__0,1,IC stud,INTERNAL,IC_STUD
Km_CRI_I_26_27_Particle_In_Z_Hole_Sr_No_0166_SMLI_01_doc_txt__1__0,2,VSS,INTERNAL,VSS
I_0_Km_0Km_CRI_I_25_161_NB_Seat_Particle_M_M_14_Copy_doc_txt__1__0,0,Injector Body,INTERNAL,INJECTOR_BODY
I_0_Km_0Km_CRI_I_25_161_NB_Seat_Particle_M_M_14_Copy_doc_txt__1__0,1,IC Stud,INTERNAL,IC_STUD
I_0_Km_0Km_CRI_I_25_161_NB_Seat_Particle_M_M_14_Copy_doc_txt__1__0,2,VSS,INTERNAL,VSS
_0_Km_0Km_CRI_I_24_63_Particle_on_Magnet_Core_M_M_28_doc_txt__2__0,0,Magnet core,INTERNAL,MAGNET_CORE
_0_Km_0Km_CRI_I_24_63_Particle_on_Magnet_Core_M_M_28_doc_txt__3__0,0,Magnet core,INTERNAL,MAGNET_CORE
_0_Km_0Km_CRI_I_24_63_Particle_on_Magnet_Core_M_M_28_doc_txt__4__0,0,Magnet core,INTERNAL,MAGNET_CORE
_0_Km_0Km_CRI_I_24_63_Particle_on_Magnet_Core_M_M_28_doc_txt__5__0,0,Magnet core,INTERNAL,MAGNET_CORE
_0_Km_0Km_CRI_I_24_63_Particle_on_Magnet_Core_M_M_28_doc_txt__5__0,1,"rtv„ ¤¦¼¾èêìþ "" $ & ( : V Z \ j l n † œ ž ¢ ¤ ¦ Â ñãÑãÉÅÁ½Á¶¬¢¬¶Á¶Á— Á…w—Á¶—kÁw—d`ñdÁ¬Á dhŸA hª®hÝAQh\U hÝ AQ5 OJQJh\U h",GARBAGE,
_CRI_I_26_40_Particle_In_IC_Stud_SR_No_3033_3_A_L_28_doc_txt__2__0,0,Injector Body,INTERNAL,INJECTOR_BODY
_CRI_I_26_40_Particle_In_IC_Stud_SR_No_3033_3_A_L_28_doc_txt__2__0,1,IC stud,INTERNAL,IC_STUD
0_Km_0Km_CRI_I_26_09_Particle_on_Small_O_Ring_M_M_29_doc_txt__1__0,0,NHB,INTERNAL,NHB
0_Km_0Km_CRI_I_26_09_Particle_on_Small_O_Ring_M_M_29_doc_txt__1__0,1,IC stud,INTERNAL,IC_STUD
0_Km_0Km_CRI_I_26_09_Particle_on_Small_O_Ring_M_M_29_doc_txt__1__0,2,VSS,INTERNAL,VSS
Km_0Km_CRI_I_26_04_Particle_In_NB_Seat_Area_ISUZU_01_doc_txt__1__0,0,Tissues,EXTERNAL,
Km_0Km_CRI_I_26_04_Particle_In_NB_Seat_Area_ISUZU_01_doc_txt__1__0,1,Lint’s,EXTERNAL,
Km_0Km_CRI_I_26_04_Particle_In_NB_Seat_Area_ISUZU_01_doc_txt__1__0,2,Filters etc.,EXTERNAL,
I_Field_Field_CRI_I_26_42_Particle_In_Z_Hole_SMLI_22_doc_txt__1__0,0,Injector Body,INTERNAL,INJECTOR_BODY
I_Field_Field_CRI_I_26_42_Particle_In_Z_Hole_SMLI_22_doc_txt__1__0,1,IC Stud,INTERNAL,IC_STUD
_Field_Field_CRI_I_24_164_Particle_in_IC_Stud_M_M_09_doc_txt__1__0,0,[pic],UNRESOLVED,
_Field_Field_CRI_I_24_164_Particle_in_IC_Stud_M_M_09_doc_txt__2__0,0,[pic],UNRESOLVED,
_Field_Field_CRI_I_24_164_Particle_in_IC_Stud_M_M_09_doc_txt__3__0,0,[pic],UNRESOLVED,
_Field_Field_CRI_I_24_164_Particle_in_IC_Stud_M_M_09_doc_txt__4__0,0,[pic],UNRESOLVED,
ld_Field_CRI_I_26_28_Particle_From_Bar_Filter_TML_22_doc_txt__1__0,0,Inlet connector,INTERNAL,INLET_CONNECTOR
ld_Field_CRI_I_26_28_Particle_From_Bar_Filter_TML_22_doc_txt__1__0,1,Injector body,INTERNAL,INJECTOR_BODY
ld_Field_CRI_I_26_28_Particle_From_Bar_Filter_TML_22_doc_txt__2__0,0,‘Inlet connector,INTERNAL,INLET_CONNECTOR
ld_Field_CRI_I_26_28_Particle_From_Bar_Filter_TML_22_doc_txt__2__0,1,Injector body,INTERNAL,INJECTOR_BODY
ld_Field_CRI_I_26_28_Particle_From_Bar_Filter_TML_22_doc_txt__3__0,0,Inlet connector,INTERNAL,INLET_CONNECTOR
ld_Field_CRI_I_26_28_Particle_From_Bar_Filter_TML_22_doc_txt__3__0,1,Injector body,INTERNAL,INJECTOR_BODY
ield_Field_CRI_I_25_175_Particle_NB_Seat_Area_M_M_13_doc_txt__1__0,0,[pic] Probable HPP,INTERNAL,HPP
ield_Field_CRI_I_25_175_Particle_NB_Seat_Area_M_M_13_doc_txt__1__0,1,HPP sleeve,INTERNAL,HPP_SLEEVE
ield_Field_CRI_I_25_175_Particle_NB_Seat_Area_M_M_13_doc_txt__1__0,2,Union external Nut,INTERNAL,UNION_NUT
ield_Field_CRI_I_25_175_Particle_NB_Seat_Area_M_M_13_doc_txt__2__0,0,[pic] Probable HPP,INTERNAL,HPP
ield_Field_CRI_I_25_175_Particle_NB_Seat_Area_M_M_13_doc_txt__2__0,1,HPP sleeve,INTERNAL,HPP_SLEEVE
ield_Field_CRI_I_25_175_Particle_NB_Seat_Area_M_M_13_doc_txt__2__0,2,Union external Nut,INTERNAL,UNION_NUT
ield_Field_CRI_I_25_175_Particle_NB_Seat_Area_M_M_13_doc_txt__3__0,0,[pic] Probable HPP,INTERNAL,HPP
ield_Field_CRI_I_25_175_Particle_NB_Seat_Area_M_M_13_doc_txt__3__0,1,HPP sleeve,INTERNAL,HPP_SLEEVE
ield_Field_CRI_I_25_175_Particle_NB_Seat_Area_M_M_13_doc_txt__3__0,2,Union external Nut,INTERNAL,UNION_NUT
d_Field_CRI_I_25_167_Particle_on_Valve_Piston_M_M_08_doc_txt__2__0,0,Tissue paper,EXTERNAL,
d_Field_CRI_I_25_167_Particle_on_Valve_Piston_M_M_08_doc_txt__2__0,1,Cotton duster,EXTERNAL,
d_Field_CRI_I_25_167_Particle_on_Valve_Piston_M_M_08_doc_txt__2__0,2,Filter paper lint,EXTERNAL,
d_Field_CRI_I_25_167_Particle_on_Valve_Piston_M_M_08_doc_txt__3__0,0,Grinding wheel,EXTERNAL,
d_Field_CRI_I_25_167_Particle_on_Valve_Piston_M_M_08_doc_txt__3__0,1,Dirt,EXTERNAL,
d_Field_CRI_I_25_167_Particle_on_Valve_Piston_M_M_08_doc_txt__3__0,2,Dust etc.,EXTERNAL,
d_Field_CRI_I_25_167_Particle_on_Valve_Piston_M_M_08_doc_txt__4__0,0,"rtv„ ¤¦¼ÄÈÊàäæèú - "" 4 P X Z h j l n ‚ † œ ž ¢ ñãÑãÉÅÁ½Á¶¯¯¯¯¯¥ ¶Á¶ÁšÁŒšÁ¶š€ÁnŒš ggcñgÁhŸA hª®hÝA Q""hUU}h6‘5 CJ$OJ",GARBAGE,
RI_Field_Field_CRI_I_25_127_Particle_In_Body_SMLI_24_doc_txt__1__0,0,Injector body . Inlet connector,INTERNAL,INJECTOR_BODY
RI_Field_Field_CRI_I_25_127_Particle_In_Body_SMLI_24_doc_txt__1__0,1,VSS,INTERNAL,VSS
ld_Field_CRI_I_26_69_Particle_In_NB_Seat_Area_M_M_29_doc_txt__1__0,0,Injector body,INTERNAL,INJECTOR_BODY
ld_Field_CRI_I_26_69_Particle_In_NB_Seat_Area_M_M_29_doc_txt__1__0,1,IC stud,INTERNAL,IC_STUD
ld_Field_CRI_I_26_69_Particle_In_NB_Seat_Area_M_M_29_doc_txt__1__0,2,VSS,INTERNAL,VSS
Field_Field_CRI_I_26_106_Particle_In_IC_Stud_FUSO_21_doc_txt__1__0,0,Loose particles from tanks,EXTERNAL,
Field_Field_CRI_I_26_106_Particle_In_IC_Stud_FUSO_21_doc_txt__1__0,1,Jigs,EXTERNAL,
Field_Field_CRI_I_26_106_Particle_In_IC_Stud_FUSO_21_doc_txt__1__0,2,Fixture,EXTERNAL,
Field_Field_CRI_I_26_106_Particle_In_IC_Stud_FUSO_21_doc_txt__1__0,3,tools etc.,EXTERNAL,
CRI_Field_Field_CRI_I_24_68_NB_Particle_Depo_M_M_21_doc_txt__1__0,0,NHB,INTERNAL,NHB
CRI_Field_Field_CRI_I_24_68_NB_Particle_Depo_M_M_21_doc_txt__1__0,1,IC stud,INTERNAL,IC_STUD
RI_Field_Field_CRI_I_25_74_Particle_in_Z_Hole_M_M_02_doc_txt__1__0,0,Injector body,INTERNAL,INJECTOR_BODY
RI_Field_Field_CRI_I_25_74_Particle_in_Z_Hole_M_M_02_doc_txt__1__0,1,IC Stud,INTERNAL,IC_STUD
RI_Field_Field_CRI_I_25_74_Particle_in_Z_Hole_M_M_02_doc_txt__1__0,2,[pic] at NaP,UNRESOLVED,
CRI_Field_Field_CRI_I_24_40_Particle_in_B_F_MAH_02_doc_txt__1__0,0,NHB,INTERNAL,NHB
CRI_Field_Field_CRI_I_24_40_Particle_in_B_F_MAH_02_doc_txt__1__0,1,IC stud,INTERNAL,IC_STUD
RI_Field_Field_CRI_I_26_03_Particle_In_Z_Hole_M_M_25_doc_txt__1__0,0,NHB,INTERNAL,NHB
RI_Field_Field_CRI_I_26_03_Particle_In_Z_Hole_M_M_25_doc_txt__1__0,1,IC stud,INTERNAL,IC_STUD
CRI_Field_Field_CRI_I_23_191_NB_Seat_Particle_M_M_21_doc_txt__1__0,0,Oily cotton,EXTERNAL,
CRI_Field_Field_CRI_I_23_191_NB_Seat_Particle_M_M_21_doc_txt__1__0,1,"Brtv„ ¤¦¼¾Âêìî Oily cotton $ & ( : V ^ ` n p r t ˆ Œ ¢ ¤ ¦ ¨ ñãÑÑãÉÅÁ½Á¶¬¢¢¬¶Á¶ Á—Á‰—Á¶—}Ák‰—dd`ñd ÁhŸA hª®hÝAQ""h< hÑ",GARBAGE,
I_Field_Field_CRI_I_25_26_Particle_in_IC_Stud_M_M_19_doc_txt__1__0,0,"Free/ Loose particle from tank rtv„ ¤¦¼¾èêìþ "" $ & 8 T \ ^ l n p r Š ¢ ¤ ¦ ¨ ª Æ ñãÑãÉÅÁ½Á¶¬¢¬¶Á¶Á— Á‰—Á¶—}Ák‰—d`ñdÁ¬Á",GARBAGE,
d_CRI_I_25_187_Particle_in_IC_Stud_Sr_No_2839_M_M_10_doc_txt__1__0,0,"Brtv„ ¤¦¼¾æèêü 5 CJ$OJQJaJ$hÈ&¹ "" $ & 8 T \ ^ ` n hÝAQ5 OJQJ\ hÈ&¹ p h*PÙ5 OJQJ\ hÈ&¹ ñãÑÑãÉÅÁ½Á¶¬¢¬¶Á¶Á hÝAQOJQJhÈ&¹hôH",GARBAGE,
d_Field_CRI_I_25_187_Particle_on_IC_Stud_Cone_M_M_12_doc_txt__1__0,0,Loose particle from tanks,EXTERNAL,
d_Field_CRI_I_25_187_Particle_on_IC_Stud_Cone_M_M_12_doc_txt__1__0,1,Jigs,EXTERNAL,
d_Field_CRI_I_25_187_Particle_on_IC_Stud_Cone_M_M_12_doc_txt__1__0,2,Fixture,EXTERNAL,
d_Field_CRI_I_25_187_Particle_on_IC_Stud_Cone_M_M_12_doc_txt__1__0,3,tools etc.,EXTERNAL,
d_Field_CRI_I_25_187_Particle_on_IC_Stud_Cone_M_M_12_doc_txt__2__0,0,Loose particle from tanks,EXTERNAL,
d_Field_CRI_I_25_187_Particle_on_IC_Stud_Cone_M_M_12_doc_txt__2__0,1,Jigs,EXTERNAL,
d_Field_CRI_I_25_187_Particle_on_IC_Stud_Cone_M_M_12_doc_txt__2__0,2,Fixture,EXTERNAL,
d_Field_CRI_I_25_187_Particle_on_IC_Stud_Cone_M_M_12_doc_txt__2__0,3,tools etc.,EXTERNAL,
d_Field_CRI_I_25_187_Particle_on_IC_Stud_Cone_M_M_12_doc_txt__3__0,0,Loose particle from tanks,EXTERNAL,
d_Field_CRI_I_25_187_Particle_on_IC_Stud_Cone_M_M_12_doc_txt__3__0,1,Jigs,EXTERNAL,
d_Field_CRI_I_25_187_Particle_on_IC_Stud_Cone_M_M_12_doc_txt__3__0,2,Fixture,EXTERNAL,
d_Field_CRI_I_25_187_Particle_on_IC_Stud_Cone_M_M_12_doc_txt__3__0,3,tools etc.,EXTERNAL,
d_Field_CRI_I_25_187_Particle_on_IC_Stud_Cone_M_M_12_doc_txt__4__0,0,Loose particle from tanks,EXTERNAL,
d_Field_CRI_I_25_187_Particle_on_IC_Stud_Cone_M_M_12_doc_txt__4__0,1,Jigs,EXTERNAL,
d_Field_CRI_I_25_187_Particle_on_IC_Stud_Cone_M_M_12_doc_txt__4__0,2,Fixture,EXTERNAL,
d_Field_CRI_I_25_187_Particle_on_IC_Stud_Cone_M_M_12_doc_txt__4__0,3,tools etc.,EXTERNAL,
d_Field_CRI_I_25_187_Particle_on_IC_Stud_Cone_M_M_12_doc_txt__5__0,0,"rtv„ ¤¦¼¾Àæèêìþ "" $ & ( : V ^ ñãÑãÉÅÁ½Á¶¬Ž„}¬¶Á¶ ÁrÁdVrÁ¶rhð[ ] hÝA Q5 OJQJmaterial source",GARBAGE,
d_Field_CRI_I_25_187_Particle_on_IC_Stud_Cone_M_M_12_doc_txt__5__0,1,Loose particle from tanks,EXTERNAL,
d_Field_CRI_I_25_187_Particle_on_IC_Stud_Cone_M_M_12_doc_txt__5__0,2,Jigs,EXTERNAL,
d_Field_CRI_I_25_187_Particle_on_IC_Stud_Cone_M_M_12_doc_txt__5__0,3,Fixture,EXTERNAL,
d_Field_CRI_I_25_187_Particle_on_IC_Stud_Cone_M_M_12_doc_txt__5__0,4,tools etc.,EXTERNAL,
_Field_Field_CRI_I_24_172_Particle_in_IC_Stud_TML_14_doc_txt__2__0,0,Loose particles from Tanks,EXTERNAL,
_Field_Field_CRI_I_24_172_Particle_in_IC_Stud_TML_14_doc_txt__2__0,1,Jigs,EXTERNAL,
_Field_Field_CRI_I_24_172_Particle_in_IC_Stud_TML_14_doc_txt__2__0,2,Fixture etc.,EXTERNAL,
_Field_Field_CRI_I_24_172_Particle_in_IC_Stud_TML_14_doc_txt__2__0,3,"rtv„ ¤¦¼¾Àèêìþ "" $ & 8 T \ ^ l n p r Š ¢ ñãÑãÉÅÁ½Á¶¬¢˜¬¶Á¶Á Á Á¶ sÁa ZVñhŸA h ª®hÝAQ""h7IâhÑt‚5 C",GARBAGE,
RI_Field_Field_CRI_I_25_123_Particle_in_Z_Hole_A_L_1_doc_txt__1__0,0,Sealing ring,INTERNAL,SEALING_RING
ield_Field_CRI_I_26_46_Particle_From_IC_Stud_SMLI_22_doc_txt__1__0,0,Shim,INTERNAL,SHIM
_Field_Field_CRI_I_25_187_Particle_At_NB_Seat_M_M_07_doc_txt__3__0,0,Copper washer,INTERNAL,COPPER_WASHER
ld_Field_CRI_I_26_03_Particle_In_NB_Seat_Area_M_M_21_doc_txt__1__0,0,Nozzle Body,INTERNAL,NOZZLE_BODY
ld_Field_CRI_I_26_03_Particle_In_NB_Seat_Area_M_M_21_doc_txt__2__0,0,Nozzle Body,INTERNAL,NOZZLE_BODY
ld_Field_CRI_I_26_03_Particle_In_NB_Seat_Area_M_M_21_doc_txt__3__0,0,Nozzle Body,INTERNAL,NOZZLE_BODY
ld_Field_CRI_I_26_03_Particle_In_NB_Seat_Area_M_M_21_doc_txt__4__0,0,Nozzle Body,INTERNAL,NOZZLE_BODY
ld_Field_CRI_I_26_03_Particle_In_NB_Seat_Area_M_M_21_doc_txt__5__0,0,Nozzle Body,INTERNAL,NOZZLE_BODY
ld_Field_CRI_I_26_03_Particle_In_NB_Seat_Area_M_M_21_doc_txt__6__0,0,NHB,INTERNAL,NHB
ld_Field_CRI_I_26_03_Particle_In_NB_Seat_Area_M_M_21_doc_txt__6__0,1,IC stud,INTERNAL,IC_STUD
ld_Field_CRI_I_26_03_Particle_In_NB_Seat_Area_M_M_21_doc_txt__6__0,2,"Brtv„ ¢¤¦¼äæèú - "" 4 P X Z h j l n ‚ † œ ž ñãÑÑãÉÅÁ½½Á¶¨š¶Á¶Á Á Á¶ uÁc \\XñhŸ A hª®hÝAQ""h fïh›+-",GARBAGE,
CRI_I_25_138_Particle_In_IC_Stud_Sr_No_0673_ISUZU_18_doc_txt__1__0,0,NHB,INTERNAL,NHB
CRI_I_25_138_Particle_In_IC_Stud_Sr_No_0673_ISUZU_18_doc_txt__1__0,1,IC stud,INTERNAL,IC_STUD
CRI_I_25_138_Particle_In_IC_Stud_Sr_No_0673_ISUZU_18_doc_txt__1__0,2,General purpose steel,EXTERNAL,
CRI_I_25_138_Particle_In_IC_Stud_Sr_No_0673_ISUZU_18_doc_txt__1__0,3,flake from tanks,EXTERNAL,
CRI_I_25_138_Particle_In_IC_Stud_Sr_No_0673_ISUZU_18_doc_txt__1__0,4,Jigs,EXTERNAL,
CRI_I_25_138_Particle_In_IC_Stud_Sr_No_0673_ISUZU_18_doc_txt__1__0,5,"Fixture etc. rtv„ ¤¦¼äæèú - "" 4 P X Z h j l n ñãÑãÉÅÁ½Á¶ž†¶Á¶Á{Á",GARBAGE,
d_Field_CRI_I_23_192_NB_Particles_Deposition_KOEL_21_doc_txt__2__0,0,Corrugated sheet,EXTERNAL,
d_Field_CRI_I_23_192_NB_Particles_Deposition_KOEL_21_doc_txt__4__0,0,Corrugated sheet,EXTERNAL,
I_Field_Field_CRI_I_26_95_Particle_In_IC_Stud_A_L_13_doc_txt__1__0,0,IC stud,INTERNAL,IC_STUD
I_Field_Field_CRI_I_26_95_Particle_In_IC_Stud_A_L_13_doc_txt__1__0,1,‘ at NaP,UNRESOLVED,
I_Field_Field_CRI_I_26_95_Particle_In_IC_Stud_A_L_13_doc_txt__2__0,0,IC stud,INTERNAL,IC_STUD
I_Field_Field_CRI_I_26_95_Particle_In_IC_Stud_A_L_13_doc_txt__2__0,1,‘ at NaP,UNRESOLVED,
_Field_Field_CRI_I_26_84_Particle_At_AH_Plate_M_M_23_doc_txt__1__0,0,Magnet Core,INTERNAL,MAGNET_CORE
_Field_Field_CRI_I_26_84_Particle_At_AH_Plate_M_M_23_doc_txt__2__0,0,Injector body,INTERNAL,INJECTOR_BODY
_Field_Field_CRI_I_26_84_Particle_At_AH_Plate_M_M_23_doc_txt__2__0,1,IC stud,INTERNAL,IC_STUD
_Field_Field_CRI_I_26_84_Particle_At_AH_Plate_M_M_23_doc_txt__2__0,2,VSS,INTERNAL,VSS
_Field_Field_CRI_I_26_84_Particle_At_AH_Plate_M_M_23_doc_txt__3__0,0,Magnet Core,INTERNAL,MAGNET_CORE
_Field_Field_CRI_I_26_84_Particle_At_AH_Plate_M_M_23_doc_txt__4__0,0,Magnet Core,INTERNAL,MAGNET_CORE
ield_CRI_I_25_158_Particle_In_IC_Stud_SR_0068_FML_02_doc_txt__2__0,0,Magnet Nut,INTERNAL,MAGNET_NUT
ield_CRI_I_25_158_Particle_In_IC_Stud_SR_0068_FML_02_doc_txt__2__0,1,[pic] at NaP,UNRESOLVED,
_Field_Field_CRI_I_26_142_Particle_In_IC_Stud_M_M_25_doc_txt__1__0,0,Grinding wheel,EXTERNAL,
_Field_Field_CRI_I_26_142_Particle_In_IC_Stud_M_M_25_doc_txt__2__0,0,Grinding wheel,EXTERNAL,
_Field_Field_CRI_I_26_142_Particle_In_IC_Stud_M_M_25_doc_txt__3__0,0,Grinding wheel,EXTERNAL,
I_Field_Field_CRI_I_25_44_Particle_in_IC_Stud_M_M_25_doc_txt__3__0,0,"5 CJ$OJQJaJ$hjLh martv„ ¤¦¼¾æèêü ÝAQ5 OJQJ\ hjLhÝ "" $ 6 R Z \ ^ l AQOJQJ@hjLho¶5 B ñãÑãÉÅÁ½Á¶¬‹¬¶Á¶Á€ *[pic]CJOJQJ\ ^J Á",GARBAGE,
I_Field_Field_CRI_I_24_164_Particle_in_Z_Hole_M_M_18_doc_txt__1__0,0,"rtv„ ¤¦¼¾æèêü 5 CJ$OJQJaJ$h€eÝhÝAQ5 "" $ 6 R Z \ ^ l OJQJ\ h€eÝhÝAQOJQJ@h ñãÑãÉÅÁ½Á¶¬‹¬¶Á¶Á€ €eÝh!=5 B*[pic]CJOJQJ Ár€Á¶€",GARBAGE,
I_Field_Field_CRI_I_24_61_Particle_at_Z_Hole_SMLI_21_doc_txt__1__0,0,Nozzle Body,INTERNAL,NOZZLE_BODY
ld_CRI_I_25_60_Particle_In_IC_Stud_SR_No_1187_M_M_29_doc_txt__3__0,0,IC Stud,INTERNAL,IC_STUD
ld_CRI_I_25_60_Particle_In_IC_Stud_SR_No_1187_M_M_29_doc_txt__3__0,1,Injector Body,INTERNAL,INJECTOR_BODY
I_Field_Field_CRI_I_25_122_Particle_In_Magnet_A_L_29_doc_txt__2__0,0,Tissue paper,EXTERNAL,
I_Field_Field_CRI_I_25_122_Particle_In_Magnet_A_L_29_doc_txt__2__0,1,Cotton duster,EXTERNAL,
I_Field_Field_CRI_I_25_122_Particle_In_Magnet_A_L_29_doc_txt__2__0,2,Filter paper lint,EXTERNAL,
Field_Field_CRI_I_26_133_Particle_Near_Z_Hole_M_M_25_doc_txt__1__0,0,Refer comment in Table 1,EXTERNAL,
eld_Field_CRI_I_26_48_Particle_on_Bar_Filter_SMLI_10_doc_txt__1__0,0,Stationary threads,EXTERNAL,
eld_Field_CRI_I_26_48_Particle_on_Bar_Filter_SMLI_10_doc_txt__1__0,1,Filter paper lint’s,EXTERNAL,
eld_Field_CRI_I_26_48_Particle_on_Bar_Filter_SMLI_10_doc_txt__1__0,2,Tissue,EXTERNAL,
eld_Field_CRI_I_26_48_Particle_on_Bar_Filter_SMLI_10_doc_txt__1__0,3,etc.,UNRESOLVED,
eld_Field_CRI_I_26_48_Particle_on_Bar_Filter_SMLI_10_doc_txt__1__0,4,"Brtv„ ¤¦¼äæèú - Stationary "" 4 P X Z h j l n threads",GARBAGE,
eld_Field_CRI_I_26_48_Particle_on_Bar_Filter_SMLI_10_doc_txt__1__0,5,Filter ‚ † œ ž ¢ paper lint’s,GARBAGE,
eld_Field_CRI_I_26_48_Particle_on_Bar_Filter_SMLI_10_doc_txt__1__0,6,ñãÑÑãÉÅÁ½Á¶¬¢¶Á¶Á— Tissue,GARBAGE,
eld_Field_CRI_I_26_48_Particle_on_Bar_Filter_SMLI_10_doc_txt__1__0,7,"etc. Á‰—Á¶—}Ák‰—dd`ñdÁh ŸA hª®hÝAQ""hýÿhYN[",GARBAGE,
ld_Field_CRI_I_26_47_Particle_From_Bar_Filter_TML_23_doc_txt__1__0,0,[pic],UNRESOLVED,
ld_Field_CRI_I_26_47_Particle_From_Bar_Filter_TML_23_doc_txt__1__0,1,As in Table 1,EXTERNAL,
I_Field_Field_CRI_I_24_86_Particle_in_Z_Hole_KOEL_14_doc_txt__1__0,0,"5 CJ$OJQJaJ$hÈJI rtv„ ¤¦¼äæèú - hÝAQ5 OJQJ\ hÈJI "" 4 P X Z \ j l n hÝAQOJQJhÈJIhÝAQ p ˆ ž 5 \ hÈJIh2J+5 \ ñãÑãÉÅÁ½Á¶¬¢¶Á",GARBAGE,
ield_Field_CRI_I_26_90_Particle_In_Bar_Filter_M_M_29_doc_txt__1__0,0,"Armature spring rtv„ ¤¦¼¾Àæèêìþ "" $ & 8 T \ ^ l n p ñãÑãÉÅÁ½Á¶¬žž“¬¶Á¶ ÁˆÁzˆÁ¶ˆnÁ`N""hÄhÄh ÄhÄhÄhû º5 B*[pic]\ phhk h",GARBAGE,
ld_Field_CRI_I_25_89_Particle_In_Dia_2_2_Body_M_M_24_doc_txt__1__0,0,Paint on Metal,EXTERNAL,
ld_Field_CRI_I_25_89_Particle_In_Dia_2_2_Body_M_M_24_doc_txt__2__0,0,Paint on Metal,EXTERNAL,
_Field_Field_CRI_I_25_52_Particle_In_IC_Stud_KOEL_26_doc_txt__1__0,0,Clamping Saddle,INTERNAL,CLAMPING_SADDLE
Field_Field_CRI_I_26_65_NB_Seat_Area_Particle_M_M_18_doc_txt__1__0,0,Injector body,INTERNAL,INJECTOR_BODY
Field_Field_CRI_I_26_65_NB_Seat_Area_Particle_M_M_18_doc_txt__1__0,1,VSS,INTERNAL,VSS
Field_Field_CRI_I_26_65_NB_Seat_Area_Particle_M_M_18_doc_txt__1__0,2,Inlet connector.,INTERNAL,INLET_CONNECTOR
RI_Field_Field_CRI_I_26_32_Particle_In_Z_Hole_M_M_13_doc_txt__1__0,0,Injector Body,INTERNAL,INJECTOR_BODY
RI_Field_Field_CRI_I_26_32_Particle_In_Z_Hole_M_M_13_doc_txt__1__0,1,IC stud,INTERNAL,IC_STUD
Field_CRI_I_25_06_Particle_in_NB_Seat_Needle_SMLI_17_doc_txt__3__0,0,Filters,EXTERNAL,
Field_CRI_I_25_06_Particle_in_NB_Seat_Needle_SMLI_17_doc_txt__4__0,0,Filters,EXTERNAL,
Field_CRI_I_25_06_Particle_in_NB_Seat_Needle_SMLI_17_doc_txt__5__0,0,Nozzle body,INTERNAL,NOZZLE_BODY
d_Field_CRI_I_25_50_Abnormal_Particle_on_Core_M_M_23_doc_txt__1__0,0,Dirt Dust,EXTERNAL,
d_Field_CRI_I_25_50_Abnormal_Particle_on_Core_M_M_23_doc_txt__1__0,1,Grinding wheel,EXTERNAL,
d_Field_CRI_I_25_50_Abnormal_Particle_on_Core_M_M_23_doc_txt__2__0,0,Dirt Dust,EXTERNAL,
d_Field_CRI_I_25_50_Abnormal_Particle_on_Core_M_M_23_doc_txt__2__0,1,Grinding wheel,EXTERNAL,
d_Field_CRI_I_25_50_Abnormal_Particle_on_Core_M_M_23_doc_txt__3__0,0,Dirt Dust,EXTERNAL,
d_Field_CRI_I_25_50_Abnormal_Particle_on_Core_M_M_23_doc_txt__3__0,1,Grinding wheel,EXTERNAL,
CRI_Field_Field_CRI_I_26_105_Particle_In_Body_FML_29_doc_txt__1__0,0,Injector body,INTERNAL,INJECTOR_BODY
CRI_Field_Field_CRI_I_26_105_Particle_In_Body_FML_29_doc_txt__1__0,1,Inlet connector,INTERNAL,INLET_CONNECTOR
CRI_Field_Field_CRI_I_26_105_Particle_In_Body_FML_29_doc_txt__1__0,2,VSS.,INTERNAL,VSS
d_CRI_I_26_29_Particle_At_IC_Stud_Sr_No_2794_TMTL_28_doc_txt__2__0,0,IC stud,INTERNAL,IC_STUD
d_CRI_I_26_29_Particle_At_IC_Stud_Sr_No_2794_TMTL_28_doc_txt__2__0,1,Injector body,INTERNAL,INJECTOR_BODY
d_CRI_I_26_29_Particle_At_IC_Stud_Sr_No_2794_TMTL_28_doc_txt__2__0,2,VSS,INTERNAL,VSS
_I_25_60_Particle_At_Body_DFK_Near_SR_No_1169_M_M_18_doc_txt__2__0,0,Clamping saddle,INTERNAL,CLAMPING_SADDLE
_I_25_60_Particle_At_Body_DFK_Near_SR_No_1169_M_M_18_doc_txt__4__0,0,Body,INTERNAL,INJECTOR_BODY
_I_25_60_Particle_At_Body_DFK_Near_SR_No_1169_M_M_18_doc_txt__4__0,1,IC stud,INTERNAL,IC_STUD
CRI_I_25_60_Particle_At_Piston_Top_SR_No_1120_M_M_17_doc_txt__1__0,0,( ),UNRESOLVED,
CRI_I_25_60_Particle_At_Piston_Top_SR_No_1120_M_M_17_doc_txt__3__0,0,"rtv„ ¤¦¼¾æèêü 5 CJ$OJQJaJ$hhW"" "" $ 6 R Z \ ^ l hÝAQ5 OJQJ\ hhW"" ñãÑãÉÅÁ½Á¶¬‹¬¶Á¶Á€ hÝAQOJQJ@hhW""h¼= Ár€Á¶€bVÁhhW""hÝAQ5 ¤",GARBAGE,
_CRI_I_26_97_Particle_At_IC_Stud_Sr_No_0610_1_TML_26_doc_txt__1__0,0,"rtv„ ¤¦¼¾äæèêü General purpose "" $ 6 R Z \ j l n tanks",GARBAGE,
_CRI_I_26_97_Particle_At_IC_Stud_Sr_No_0610_1_TML_26_doc_txt__1__0,1,"pipes p r ñãÑãÉÅÁ½Á¶¬¢›¬¶Á¶Á Á‚ Á¶ vÁhV‚ ""hçÌh ›Ç5 CJ$OJQJ\ aJ$hç",GARBAGE,
_I_25_60_Particle_At_DFK_Shim_Area_SR_No_1179_M_M_22_doc_txt__5__0,0,"5 CJ$OJQJaJ$h`aD rtv„ ¤¦¼¾æèêü hÝAQ5 OJQJ\ h`aD "" $ 6 R Z \ ^ l hÝAQOJQJ@h`aDhq5 ñãÑãÉÅÁ½Á¶¬‹¬¶Á¶Á€ B*[pic]CJOJQJ\ Ár€Á¶",GARBAGE,
CRI_Field_Field_CRI_I_24_83_NB_Ball_Breakage_TCL_24_doc_txt__1__0,0,Probable external,EXTERNAL,
Field_Field_CRI_I_24_156_Particle_in_IC_Stud_SMLI_22_doc_txt__1__0,0,Copper coupling with Iron base,INTERNAL,COPPER_WASHER
26_110_Particle_At_NB_Seat_Area_Sr_No_1781_V_SMLM_11_doc_txt__1__0,0,Injector Body,INTERNAL,INJECTOR_BODY
26_110_Particle_At_NB_Seat_Area_Sr_No_1781_V_SMLM_11_doc_txt__1__0,1,IC stud,INTERNAL,IC_STUD
26_110_Particle_At_NB_Seat_Area_Sr_No_1781_V_SMLM_11_doc_txt__1__0,2,VSS,INTERNAL,VSS
26_110_Particle_At_NB_Seat_Area_Sr_No_1781_V_SMLM_11_doc_txt__2__0,0,Injector Body,INTERNAL,INJECTOR_BODY
26_110_Particle_At_NB_Seat_Area_Sr_No_1781_V_SMLM_11_doc_txt__2__0,1,IC stud,INTERNAL,IC_STUD
26_110_Particle_At_NB_Seat_Area_Sr_No_1781_V_SMLM_11_doc_txt__2__0,2,VSS,INTERNAL,VSS
26_110_Particle_At_NB_Seat_Area_Sr_No_1781_V_SMLM_11_doc_txt__2__0,3,rtv„ ’š¨ªÀÂÄìmater ial source at NaP,GARBAGE,
CRI_Field_Field_CRI_I_26_30_NB_Seat_Particle_TMTL_28_doc_txt__2__0,0,Oily cotton,EXTERNAL,
CRI_Field_Field_CRI_I_26_30_NB_Seat_Particle_TMTL_28_doc_txt__2__0,1,duster etc.,EXTERNAL,
CRI_Field_Field_CRI_I_26_30_NB_Seat_Particle_TMTL_28_doc_txt__3__0,0,Corrugated sheet,EXTERNAL,
CRI_Field_Field_CRI_I_26_30_NB_Seat_Particle_TMTL_28_doc_txt__3__0,1,stationary paper,EXTERNAL,
CRI_Field_Field_CRI_I_26_30_NB_Seat_Particle_TMTL_28_doc_txt__4__0,0,Corrugated sheet,EXTERNAL,
CRI_Field_Field_CRI_I_26_30_NB_Seat_Particle_TMTL_28_doc_txt__4__0,1,stationary paper,EXTERNAL,
CRI_Field_Field_CRI_I_26_30_NB_Seat_Particle_TMTL_28_doc_txt__5__0,0,Corrugated sheet,EXTERNAL,
CRI_Field_Field_CRI_I_26_30_NB_Seat_Particle_TMTL_28_doc_txt__5__0,1,stationary paper,EXTERNAL,
d_CRI_I_26_146_Particle_At_IC_Stud_Sr_No_2702_M_M_06_doc_txt__4__0,0,rtv„ ¨ªÀÂÄìîð[ ] & ( * < X ` b d r ñãÑãÉÅÁ·­¦œ•‹œ¦Á¦Á €Ár€Á¦€bVÁh·`[hÝAQ,GARBAGE,
d_CRI_I_25_29_Particle_on_Ar_Plate_Seal_Ring_SMLI_12_doc_txt__2__0,0,Needle,INTERNAL,NOZZLE_NEEDLE
d_CRI_I_25_29_Particle_on_Ar_Plate_Seal_Ring_SMLI_12_doc_txt__2__0,1,valve piston,INTERNAL,VALVE_PISTON
d_CRI_I_25_29_Particle_on_Ar_Plate_Seal_Ring_SMLI_12_doc_txt__3__0,0,Needle,INTERNAL,NOZZLE_NEEDLE
d_CRI_I_25_29_Particle_on_Ar_Plate_Seal_Ring_SMLI_12_doc_txt__3__0,1,valve piston,INTERNAL,VALVE_PISTON
d_CRI_I_25_29_Particle_on_Ar_Plate_Seal_Ring_SMLI_12_doc_txt__4__0,0,Sealing ring,INTERNAL,SEALING_RING
d_CRI_I_25_29_Particle_on_Ar_Plate_Seal_Ring_SMLI_12_doc_txt__5__0,0,Sealing ring,INTERNAL,SEALING_RING
RI_Field_Field_CRI_I_26_01_Particle_At_Z_Hole_M_M_01_doc_txt__1__0,0,Seal Ring,INTERNAL,SEALING_RING
d_CRI_I_25_187_Particle_in_IC_Stud_Sr_No_3918_M_M_15_doc_txt__1__0,0,"Brtv„ ¤¦¼¾æèêü 5 CJ$OJQJaJ$h1N1 "" $ & 8 T \ ^ ` n hÝAQ5 OJQJ\ h1N1 p h*PÙ5 OJQJ\ h1N1 ñãÑÑãÉÅÁ½Á¶¬¢¬¶Á¶Á hÝAQOJQJh1N1hÈe",GARBAGE,
d_CRI_I_25_187_Particle_in_IC_Stud_Sr_No_3918_M_M_15_doc_txt__1__0,1,ŒF,UNRESOLVED,
d_CRI_I_25_187_Particle_on_NB_Sr_No_3918_2839_M_M_29_doc_txt__2__0,0,"Brtv„ ¤¦¼¾Àèêìþ 5 CJ$OJQJaJ$h]7— "" $ & ( : V ^ ` hÝAQ5 OJQJ\ h]7— ñãÑÑãÉÅÁ½Á¶¬‹ ¬¶Á¶ h*PÙ5 OJQJ\ h]7— ÁvÁhZvÁ¶vJh]7—hŒF ",GARBAGE,
I_Field_Field_CRI_I_25_54_Particle_in_IC_Stud_M_M_21_doc_txt__1__0,0,Shim Valve Spring,INTERNAL,VALVE_SPRING
I_Field_Field_CRI_I_25_54_Particle_in_IC_Stud_M_M_21_doc_txt__1__0,1,IC stud,INTERNAL,IC_STUD
I_Field_Field_CRI_I_25_54_Particle_in_IC_Stud_M_M_21_doc_txt__1__0,2,Retaining screw,INTERNAL,RETAINING_SCREW
ld_CRI_I_24_168_Sr_No_0298_Particle_in_IC_Stud_AL_08_doc_txt__2__0,0,NHB,INTERNAL,NHB
ld_CRI_I_24_168_Sr_No_0298_Particle_in_IC_Stud_AL_08_doc_txt__2__0,1,IC Stud,INTERNAL,IC_STUD
_CRI_I_26_96_Particle_At_IC_Stud_Sr_No_1798_1_TML_06_doc_txt__2__0,0,"rtv„ ¤¦¼¾Àèêìþ "" 5 CJ$OJQJaJ$h3bh $ & 8 T \ ^ ` n p ÝAQ5 OJQJ\ h3bhÝ ñãÑãÉÅÁ½Á¶¬¥›¬¶Á¶Á AQOJQJhZÇhZÇ5 \ Á‚ Á¶ rfÁXh3bh›Ç",GARBAGE,
eld_Field_CRI_I_26_42_Particle_In_Bar_Filter_SMLI_25_doc_txt__1__0,0,Nozzle needle,INTERNAL,NOZZLE_NEEDLE
eld_Field_CRI_I_26_42_Particle_In_Bar_Filter_SMLI_25_doc_txt__1__0,1,Valve piston,INTERNAL,VALVE_PISTON
CRI_Field_CRI_I_24_223_ISUZU_17_doc_txt__1__0,0,Injector Body,INTERNAL,INJECTOR_BODY
CRI_Field_CRI_I_24_223_ISUZU_17_doc_txt__1__0,1,IC Stud,INTERNAL,IC_STUD
CRI_Field_CRI_I_24_223_ISUZU_17_doc_txt__1__0,2,Straining Screw,INTERNAL,STRAINING_SCREW
CRI_Field_CRI_I_24_223_ISUZU_17_doc_txt__6__0,0,"rtv ¦¼¾Àèêìþ "" $ hË^ò5 CJ$OJQJ\ a & 8 T V X Z \ j p J$hß. r ñßñ×ÓÓÌÂ»£œÌÓÌÓ‘Óƒ ‘ÓÌ‘xh\ÓƒJ""hß.",GARBAGE,
ld_CRI_I_26_93_Particle_In_IC_Stud_Sr_No_3077_MAH_25_doc_txt__1__0,0,Nozzle Nut,INTERNAL,NOZZLE_NUT
ld_CRI_I_26_93_Particle_In_IC_Stud_Sr_No_3077_MAH_25_doc_txt__1__0,1,Bushing,INTERNAL,BUSHING
ld_CRI_I_26_93_Particle_In_IC_Stud_Sr_No_3077_MAH_25_doc_txt__1__0,2,Magnet Nut,INTERNAL,MAGNET_NUT
ld_Field_CRI_I_26_70_Particle_In_NB_Seat_Area_M_M_10_doc_txt__1__0,0,Bar Filter core,INTERNAL,BAR_EDGE_FILTER
ld_Field_CRI_I_26_70_Particle_In_NB_Seat_Area_M_M_10_doc_txt__2__0,0,Bar Filter core,INTERNAL,BAR_EDGE_FILTER
ld_Field_CRI_I_26_70_Particle_In_NB_Seat_Area_M_M_10_doc_txt__4__0,0,Bar Filter core,INTERNAL,BAR_EDGE_FILTER
ld_Field_CRI_I_26_70_Particle_In_NB_Seat_Area_M_M_10_doc_txt__5__0,0,Bar Filter core,INTERNAL,BAR_EDGE_FILTER
Field_Field_CRI_I_26_47_NB_Seat_Area_Particle_TML_19_doc_txt__1__0,0,Stationary paper,EXTERNAL,
Field_Field_CRI_I_26_47_NB_Seat_Area_Particle_TML_19_doc_txt__1__0,1,cotton threads etc.,EXTERNAL,
Field_Field_CRI_I_26_47_NB_Seat_Area_Particle_TML_19_doc_txt__2__0,0,Viton ring,INTERNAL,VITON_RING
Field_Field_CRI_I_26_47_NB_Seat_Area_Particle_TML_19_doc_txt__3__0,0,Stationary tissue,EXTERNAL,
Field_Field_CRI_I_26_47_NB_Seat_Area_Particle_TML_19_doc_txt__3__0,1,Filter tissues etc.,EXTERNAL,
Field_Field_CRI_I_26_47_NB_Seat_Area_Particle_TML_19_doc_txt__4__0,0,"Brtv„ ¤¦¼ÀÐäæèú Stationary - "" 4 P X Z h j tissue",GARBAGE,
Field_Field_CRI_I_26_47_NB_Seat_Area_Particle_TML_19_doc_txt__4__0,1,"Filter l n p „ tissues etc. ñãÑÑãÉÅÁ½Á¶¬¬¬¢¶Á¶ Á—Á‰—Á¶—}Áo]‰—Vhª® hÝAQ""h",GARBAGE,
Field_Field_CRI_I_26_47_NB_Seat_Area_Particle_TML_19_doc_txt__4__0,2,h¡:5 CJ$OJ,GARBAGE,
RI_I_26_117_Particle_In_IC_Stud_Sr_No_0639_4_SMLI_18_doc_txt__1__0,0,Injector Body,INTERNAL,INJECTOR_BODY
RI_I_26_117_Particle_In_IC_Stud_Sr_No_0639_4_SMLI_18_doc_txt__1__0,1,VSS,INTERNAL,VSS
RI_I_26_117_Particle_In_IC_Stud_Sr_No_0639_4_SMLI_18_doc_txt__1__0,2,IC stud,INTERNAL,IC_STUD
RI_I_26_117_Particle_In_IC_Stud_Sr_No_0639_4_SMLI_18_doc_txt__2__0,0,General purpose steel,EXTERNAL,
RI_I_26_117_Particle_In_IC_Stud_Sr_No_0639_4_SMLI_18_doc_txt__2__0,1,Jigs,EXTERNAL,
RI_I_26_117_Particle_In_IC_Stud_Sr_No_0639_4_SMLI_18_doc_txt__2__0,2,Fixture,EXTERNAL,
RI_I_26_117_Particle_In_IC_Stud_Sr_No_0639_4_SMLI_18_doc_txt__2__0,3,tools etc.,EXTERNAL,
ield_Field_CRI_I_25_181_Particle_NB_Seat_Area_M_M_18_doc_txt__1__0,0,Needle,INTERNAL,NOZZLE_NEEDLE
ield_Field_CRI_I_25_181_Particle_NB_Seat_Area_M_M_18_doc_txt__1__0,1,Valve piston,INTERNAL,VALVE_PISTON
ield_Field_CRI_I_25_181_Particle_NB_Seat_Area_M_M_18_doc_txt__4__0,0,Grinding wheel,EXTERNAL,
ield_Field_CRI_I_25_181_Particle_NB_Seat_Area_M_M_18_doc_txt__4__0,1,muck etc.,EXTERNAL,
ield_Field_CRI_I_26_108_Particle_In_IC_Stud_ISUZU_14_doc_txt__1__0,0,Injector Body,INTERNAL,INJECTOR_BODY
ield_Field_CRI_I_26_108_Particle_In_IC_Stud_ISUZU_14_doc_txt__1__0,1,IC stud,INTERNAL,IC_STUD
ield_Field_CRI_I_26_108_Particle_In_IC_Stud_ISUZU_14_doc_txt__1__0,2,VSS,INTERNAL,VSS
I_Field_Field_CRI_I_26_88_Particle_In_IC_Stud_M_M_13_doc_txt__1__0,0,"rtv„ ¤¦¼äæèú - Polyethylene "" 4 P X Z h j l n p „ ˆ ž ñãÑãÉÅÁ½Á¶¯¥¶Á¶ÁšÁ ŒšÁ¶š€Ár`ŒšYYUñhŸA hª®hÝAQ""h§",GARBAGE,
RI_Field_Field_CRI_I_26_24_Particle_In_Z_Hole_M_M_07_doc_txt__1__0,0,Injector Body,INTERNAL,INJECTOR_BODY
RI_Field_Field_CRI_I_26_24_Particle_In_Z_Hole_M_M_07_doc_txt__1__0,1,IC stud,INTERNAL,IC_STUD
RI_Field_Field_CRI_I_26_24_Particle_In_Z_Hole_M_M_07_doc_txt__1__0,2,VSS,INTERNAL,VSS
RI_Field_Field_CRI_I_26_24_Particle_In_Z_Hole_M_M_07_doc_txt__2__0,0,Injector Body,INTERNAL,INJECTOR_BODY
RI_Field_Field_CRI_I_26_24_Particle_In_Z_Hole_M_M_07_doc_txt__2__0,1,IC stud,INTERNAL,IC_STUD
RI_Field_Field_CRI_I_26_24_Particle_In_Z_Hole_M_M_07_doc_txt__2__0,2,VSS,INTERNAL,VSS
d_CRI_I_26_146_Particle_At_IC_Stud_Sr_No_2711_M_M_19_doc_txt__1__0,0,Tissue paper,EXTERNAL,
d_CRI_I_26_146_Particle_At_IC_Stud_Sr_No_2711_M_M_19_doc_txt__1__0,1,Cotton clothes,EXTERNAL,
Field_Field_CRI_I_26_15_Particle_On_Seal_Ring_M_M_05_doc_txt__1__0,0,Magnet Nut,INTERNAL,MAGNET_NUT
Field_Field_CRI_I_26_15_Particle_On_Seal_Ring_M_M_05_doc_txt__1__0,1,"rtv„ ¤¦¼¾èêìþ "" 5 CJ$OJQJaJ$hÕ8{ $ & 8 T \ ^ ` n p hÝAQ5 OJQJ\ hÕ8{ r † Š ¢ ¤ ¦ ¨ ª hÝAQOJQJhKôhKô5 Æ \ hÕ8{hÝAQ5 \ hk ñ",GARBAGE,
ld_CRI_I_26_146_Particle_In_Z_Hole_Sr_No_2702_M_M_22_doc_txt__1__0,0,Seal ring,INTERNAL,SEALING_RING
Field_Field_CRI_I_25_26_Particle_on_Arm_Plate_FML_07_doc_txt__1__0,0,Sealing ring,INTERNAL,SEALING_RING
Field_CRI_I_25_87_Particle_on_Body_NSS_NB_Top_M_M_07_doc_txt__1__0,0,NHB,INTERNAL,NHB
Field_CRI_I_25_87_Particle_on_Body_NSS_NB_Top_M_M_07_doc_txt__1__0,1,IC stud,INTERNAL,IC_STUD
Field_CRI_I_25_87_Particle_on_Body_NSS_NB_Top_M_M_07_doc_txt__1__0,2,NR Nut,INTERNAL,NR_NUT
Field_CRI_I_25_87_Particle_on_Body_NSS_NB_Top_M_M_07_doc_txt__2__0,0,NHB,INTERNAL,NHB
Field_CRI_I_25_87_Particle_on_Body_NSS_NB_Top_M_M_07_doc_txt__2__0,1,IC stud,INTERNAL,IC_STUD
Field_CRI_I_25_87_Particle_on_Body_NSS_NB_Top_M_M_07_doc_txt__2__0,2,NR Nut,INTERNAL,NR_NUT
I_Field_Field_CRI_I_25_171_Particle_In_Z_Hole_M_M_12_doc_txt__1__0,0,NHB,INTERNAL,NHB
I_Field_Field_CRI_I_25_171_Particle_In_Z_Hole_M_M_12_doc_txt__1__0,1,IC stud,INTERNAL,IC_STUD
ield_Field_CRI_I_25_183_Particle_In_IC_Stud_ISUZU_26_doc_txt__1__0,0,Loose particle from tanks,EXTERNAL,
ield_Field_CRI_I_25_183_Particle_In_IC_Stud_ISUZU_26_doc_txt__1__0,1,Jigs,EXTERNAL,
ield_Field_CRI_I_25_183_Particle_In_IC_Stud_ISUZU_26_doc_txt__1__0,2,Fixture,EXTERNAL,
ield_Field_CRI_I_25_183_Particle_In_IC_Stud_ISUZU_26_doc_txt__1__0,3,tools etc.,EXTERNAL,
ield_Field_CRI_I_25_183_Particle_In_IC_Stud_ISUZU_26_doc_txt__1__0,4,"rtv„ ¤¦¼¾æèêü 5 CJ$OJQJaJ$h "" $ 6 R Z \ ^ l n H™hÝAQ5 OJQJ\ h p r † Š H™hÝAQOJQJhoho5 ñãÑãÉÅÁ½Á¶¬¢¬¶Á¶Á— \ h Á‰—Á¶—ymÁ[‰",GARBAGE,
ield_Field_CRI_I_25_50_Particle_in_Ball_Guide_M_M_02_doc_txt__1__0,0,Valve ball,INTERNAL,VALVE_BALL
eld_Field_CRI_I_26_143_Particle_In_Bar_Filter_M_M_15_doc_txt__1__0,0,Copper shim,INTERNAL,SHIM
eld_Field_CRI_I_25_196_Particle_In_IC_Stud_Escort_01_doc_txt__1__0,0,NHB,INTERNAL,NHB
eld_Field_CRI_I_25_196_Particle_In_IC_Stud_Escort_01_doc_txt__1__0,1,IC stud,INTERNAL,IC_STUD
eld_Field_CRI_I_25_196_Particle_In_IC_Stud_Escort_01_doc_txt__1__0,2,Tools,EXTERNAL,
eld_Field_CRI_I_25_196_Particle_In_IC_Stud_Escort_01_doc_txt__1__0,3,Jigs,EXTERNAL,
eld_Field_CRI_I_25_196_Particle_In_IC_Stud_Escort_01_doc_txt__1__0,4,Fixture,EXTERNAL,
eld_Field_CRI_I_25_196_Particle_In_IC_Stud_Escort_01_doc_txt__1__0,5,general purpose steel,EXTERNAL,
eld_Field_CRI_I_25_196_Particle_In_IC_Stud_Escort_01_doc_txt__1__0,6,tanks etc.,EXTERNAL,
_Field_Field_CRI_I_25_127_Particle_In_Z_Hole_SMLI_25_doc_txt__1__0,0,Injector body,INTERNAL,INJECTOR_BODY
_Field_Field_CRI_I_25_127_Particle_In_Z_Hole_SMLI_25_doc_txt__1__0,1,Inlet connector,INTERNAL,INLET_CONNECTOR
_Field_Field_CRI_I_25_127_Particle_In_Z_Hole_SMLI_25_doc_txt__1__0,2,VSS screw,INTERNAL,VSS
RI_Field_Field_CRI_I_26_55_Particle_In_Z_Hole_M_M_28_doc_txt__1__0,0,IC Stud & NR Nut Loosening Spanner [pic],INTERNAL,IC_STUD
ield_Field_CRI_I_25_74_Particle_On_Bar_Filter_M_M_11_doc_txt__1__0,0,NHB,INTERNAL,NHB
ield_Field_CRI_I_25_74_Particle_On_Bar_Filter_M_M_11_doc_txt__1__0,1,IC stud,INTERNAL,IC_STUD
ield_Field_CRI_I_25_74_Particle_On_Bar_Filter_M_M_11_doc_txt__1__0,2,rtv„ ¤¦¼¾Àêìî $ ( *,GARBAGE,
ield_Field_CRI_I_25_74_Particle_On_Bar_Filter_M_M_11_doc_txt__1__0,3,> Z \ j n ñãÑãÉÅÁ½Á¶¬¢Š¬¶Á¶Á ÁqcÁ¶WÁIhúHœh:gI5 OJQJ\ húHœhÝAQ5 OJ QJhúHœhÝAQ5 OJQJ\,GARBAGE,
I_Field_Field_CRI_I_25_57_Particle_in_IC_Stud_M_M_10_doc_txt__1__0,0,NR Nut,INTERNAL,NR_NUT
I_Field_Field_CRI_I_25_57_Particle_in_IC_Stud_M_M_10_doc_txt__1__0,1,Magnet Nut,INTERNAL,MAGNET_NUT
ield_Field_CRI_I_24_223_Particle_in_IC_Stud_ISUZU_26_doc_txt__1__0,0,Loose particle from tanks,EXTERNAL,
ield_Field_CRI_I_24_223_Particle_in_IC_Stud_ISUZU_26_doc_txt__1__0,1,Jigs,EXTERNAL,
ield_Field_CRI_I_24_223_Particle_in_IC_Stud_ISUZU_26_doc_txt__1__0,2,Fixture etc.,EXTERNAL,
I_Field_Field_CRI_I_25_89_Particle_In_IC_Stud_M_M_10_doc_txt__1__0,0,Oily cotton,EXTERNAL,
I_Field_Field_CRI_I_25_89_Particle_In_IC_Stud_M_M_10_doc_txt__2__0,0,Oily cotton,EXTERNAL,
I_Field_Field_CRI_I_25_89_Particle_In_IC_Stud_M_M_10_doc_txt__3__0,0,Oily cotton,EXTERNAL,
ld_Field_CRI_I_26_95_Loose_Particle_At_Z_Hole_A_L_29_doc_txt__1__0,0,Seal ring,INTERNAL,SEALING_RING
ld_Field_CRI_I_26_95_Loose_Particle_At_Z_Hole_A_L_29_doc_txt__1__0,1,"rtv„ ¤¦¼¾æèêü "" $ 6 R Z \ j l n p r † Š at NaP ñãÑãÉÅÁ½Á¶¬¢¬¶Á¶Á —Á‰—Á¶—}Áo]‰—VVhª ®hÝAQ""h81ãh2>'5 C J$OJQJ\ aJ$h81ãh2 >",GARBAGE,
_Field_Field_CRI_I_25_159_Particle_In_IC_Stud_A_L_15_doc_txt__1__0,0,NHB,INTERNAL,NHB
_Field_Field_CRI_I_25_159_Particle_In_IC_Stud_A_L_15_doc_txt__1__0,1,IC stud,INTERNAL,IC_STUD
_Field_Field_CRI_I_25_159_Particle_In_IC_Stud_A_L_15_doc_txt__1__0,2,"rtv„ ¤¦¼äæèú - "" 4 P X Z h j l n ñãÑãÉÅÁ½Á¶ž†¶Á¶Á {Ám{Á¶{aÁOm{""hSh Ñt‚5 CJ$OJQJ\ aJ $hShÝAQ5 OJQJhSh ÝAQ5 OJQJ\ hShÝA",GARBAGE,
Field_Field_CRI_I_26_36_Particle_On_AH_Plate_TMTL_10_doc_txt__1__0,0,Armature spring,INTERNAL,ARMATURE_SPRING
Field_Field_CRI_I_26_36_Particle_On_AH_Plate_TMTL_10_doc_txt__1__0,1,Nozzle Spring,INTERNAL,NOZZLE_SPRING
Field_Field_CRI_I_26_36_Particle_On_AH_Plate_TMTL_10_doc_txt__1__0,2,Fixing Pin,INTERNAL,FIXING_PIN
Field_Field_CRI_I_26_36_Particle_On_AH_Plate_TMTL_10_doc_txt__2__0,0,Armature spring,INTERNAL,ARMATURE_SPRING
Field_Field_CRI_I_26_36_Particle_On_AH_Plate_TMTL_10_doc_txt__2__0,1,Nozzle Spring,INTERNAL,NOZZLE_SPRING
Field_Field_CRI_I_26_36_Particle_On_AH_Plate_TMTL_10_doc_txt__2__0,2,Fixing Pin,INTERNAL,FIXING_PIN
ield_Field_CRI_I_25_89_Particle_Found_In_Body_M_M_13_doc_txt__1__0,0,NHB,INTERNAL,NHB
ield_Field_CRI_I_25_89_Particle_Found_In_Body_M_M_13_doc_txt__1__0,1,IC stud,INTERNAL,IC_STUD
CRI_Field_Field_CRI_I_26_29_NB_Seat_Particle_TMTL_28_doc_txt__2__0,0,Oily cotton,EXTERNAL,
CRI_Field_Field_CRI_I_26_29_NB_Seat_Particle_TMTL_28_doc_txt__2__0,1,tissues,EXTERNAL,
CRI_Field_Field_CRI_I_26_29_NB_Seat_Particle_TMTL_28_doc_txt__2__0,2,filter papers,EXTERNAL,
CRI_Field_Field_CRI_I_26_29_NB_Seat_Particle_TMTL_28_doc_txt__4__0,0,Oily cotton,EXTERNAL,
CRI_Field_Field_CRI_I_26_29_NB_Seat_Particle_TMTL_28_doc_txt__4__0,1,tissues,EXTERNAL,
CRI_Field_Field_CRI_I_26_29_NB_Seat_Particle_TMTL_28_doc_txt__4__0,2,filter papers,EXTERNAL,
I_Field_Field_CRI_I_25_92_NB_Damage_Particles_FML_07_doc_txt__2__0,0,Dirt dust from testing oil,EXTERNAL,
RI_I_26_146_Particle_At_Bar_Filter_Sr_No_2378_M_M_09_doc_txt__1__0,0,[pic],UNRESOLVED,
26_115_Particle_In_NB_Seat_Area_Sr_No_1532_2_SMLI_06_doc_txt__1__0,0,Tissue paper,EXTERNAL,
26_115_Particle_In_NB_Seat_Area_Sr_No_1532_2_SMLI_06_doc_txt__1__0,1,Filter paper,EXTERNAL,
26_115_Particle_In_NB_Seat_Area_Sr_No_1532_2_SMLI_06_doc_txt__1__0,2,Stationary etc.,EXTERNAL,
26_115_Particle_In_NB_Seat_Area_Sr_No_1532_2_SMLI_06_doc_txt__2__0,0,Tissue paper,EXTERNAL,
26_115_Particle_In_NB_Seat_Area_Sr_No_1532_2_SMLI_06_doc_txt__2__0,1,Filter paper,EXTERNAL,
26_115_Particle_In_NB_Seat_Area_Sr_No_1532_2_SMLI_06_doc_txt__2__0,2,Stationary etc.,EXTERNAL,
26_115_Particle_In_NB_Seat_Area_Sr_No_1532_2_SMLI_06_doc_txt__3__0,0,Tissue paper,EXTERNAL,
26_115_Particle_In_NB_Seat_Area_Sr_No_1532_2_SMLI_06_doc_txt__3__0,1,Filter paper,EXTERNAL,
26_115_Particle_In_NB_Seat_Area_Sr_No_1532_2_SMLI_06_doc_txt__3__0,2,Stationary etc.,EXTERNAL,
_Field_Field_CRI_I_26_102_Particle_In_IC_Stud_M_M_11_doc_txt__1__0,0,Loose particle from tanks,EXTERNAL,
_Field_Field_CRI_I_26_102_Particle_In_IC_Stud_M_M_11_doc_txt__1__0,1,jigs,EXTERNAL,
_Field_Field_CRI_I_26_102_Particle_In_IC_Stud_M_M_11_doc_txt__1__0,2,fixtures etc.,EXTERNAL,
CRI_Field_Field_CRI_I_25_75_Particle_Analysis_GCL_12_doc_txt__1__0,0,Magnet Core,INTERNAL,MAGNET_CORE
CRI_Field_Field_CRI_I_25_75_Particle_Analysis_GCL_12_doc_txt__2__0,0,Magnet Core,INTERNAL,MAGNET_CORE
CRI_Field_Field_CRI_I_25_75_Particle_Analysis_GCL_12_doc_txt__3__0,0,Magnet Core,INTERNAL,MAGNET_CORE
CRI_Field_Field_CRI_I_25_75_Particle_Analysis_GCL_12_doc_txt__5__0,0,Magnet Core,INTERNAL,MAGNET_CORE
CRI_Field_Field_CRI_I_25_75_Particle_Analysis_GCL_12_doc_txt__6__0,0,Magnet Core,INTERNAL,MAGNET_CORE
CRI_Field_Field_CRI_I_25_75_Particle_Analysis_GCL_12_doc_txt__7__0,0,Magnet Core,INTERNAL,MAGNET_CORE
_Field_CRI_I_26_85_Particle_In_NB_Seat_Area_M_M_22_M_doc_txt__2__0,0,Injector Body,INTERNAL,INJECTOR_BODY
_Field_CRI_I_26_85_Particle_In_NB_Seat_Area_M_M_22_M_doc_txt__2__0,1,IC stud,INTERNAL,IC_STUD
_Field_CRI_I_26_85_Particle_In_NB_Seat_Area_M_M_22_M_doc_txt__2__0,2,VSS,INTERNAL,VSS
_Field_CRI_I_26_85_Particle_In_NB_Seat_Area_M_M_22_M_doc_txt__3__0,0,Injector Body,INTERNAL,INJECTOR_BODY
_Field_CRI_I_26_85_Particle_In_NB_Seat_Area_M_M_22_M_doc_txt__3__0,1,IC stud,INTERNAL,IC_STUD
_Field_CRI_I_26_85_Particle_In_NB_Seat_Area_M_M_22_M_doc_txt__3__0,2,VSS,INTERNAL,VSS
CRI_Field_Field_CRI_I_24_41_NB_Seat_Particle_SMLI_22_doc_txt__1__0,0,Body,INTERNAL,INJECTOR_BODY
CRI_Field_Field_CRI_I_24_41_NB_Seat_Particle_SMLI_22_doc_txt__1__0,1,IC Stud,INTERNAL,IC_STUD
I_Field_Field_CRI_I_26_82_Particle_In_IC_Stud_M_M_25_doc_txt__3__0,0,rtv„ ¤¦¼¾Àêìî HPP,GARBAGE,
I_Field_Field_CRI_I_26_82_Particle_In_IC_Stud_M_M_25_doc_txt__3__0,1,"HPP sleeve $ & ( : V ^ ` b p r t v ñãÑãÉÅÁ½Á¶¬¥›¬¶Á¶ Á Á‚ Á¶ rfÁT‚ ""h+ ':hçi}5 CJ$Probab",GARBAGE,
d_CRI_I_24_172_Particle_in_IC_Stud_Sr_No_0787_TML_28_doc_txt__1__0,0,Loose particles from Tanks,EXTERNAL,
d_CRI_I_24_172_Particle_in_IC_Stud_Sr_No_0787_TML_28_doc_txt__1__0,1,Jigs,EXTERNAL,
d_CRI_I_24_172_Particle_in_IC_Stud_Sr_No_0787_TML_28_doc_txt__1__0,2,Fixture etc.,EXTERNAL,
d_CRI_I_24_172_Particle_in_IC_Stud_Sr_No_0787_TML_28_doc_txt__2__0,0,Loose particles from Tanks,EXTERNAL,
d_CRI_I_24_172_Particle_in_IC_Stud_Sr_No_0787_TML_28_doc_txt__2__0,1,Jigs,EXTERNAL,
d_CRI_I_24_172_Particle_in_IC_Stud_Sr_No_0787_TML_28_doc_txt__2__0,2,Fixture etc.,EXTERNAL,
I_Field_Field_CRI_I_25_172_Particle_In_Z_Hole_M_M_26_doc_txt__1__0,0,Seal Ring,INTERNAL,SEALING_RING
CRI_I_25_50_Particle_in_A_Hole_of_Valve_Piece_M_M_08_doc_txt__1__0,0,Valve ball,INTERNAL,VALVE_BALL
CRI_I_25_50_Particle_in_A_Hole_of_Valve_Piece_M_M_08_doc_txt__2__0,0,Valve ball,INTERNAL,VALVE_BALL
CRI_I_25_50_Particle_in_A_Hole_of_Valve_Piece_M_M_08_doc_txt__3__0,0,Valve ball,INTERNAL,VALVE_BALL
CRI_I_25_50_Particle_in_A_Hole_of_Valve_Piece_M_M_08_doc_txt__4__0,0,Valve ball,INTERNAL,VALVE_BALL
CRI_I_25_50_Particle_in_A_Hole_of_Valve_Piece_M_M_08_doc_txt__5__0,0,Valve ball,INTERNAL,VALVE_BALL
ld_Field_CRI_I_25_128_Particle_in_Bar_Filter_SMLI_25_doc_txt__1__0,0,NHB,INTERNAL,NHB
ld_Field_CRI_I_25_128_Particle_in_Bar_Filter_SMLI_25_doc_txt__1__0,1,IC stud,INTERNAL,IC_STUD
ld_Field_CRI_I_25_128_Particle_in_Bar_Filter_SMLI_25_doc_txt__2__0,0,Loose particle from tanks,EXTERNAL,
ld_Field_CRI_I_25_128_Particle_in_Bar_Filter_SMLI_25_doc_txt__2__0,1,Jigs,EXTERNAL,
ld_Field_CRI_I_25_128_Particle_in_Bar_Filter_SMLI_25_doc_txt__2__0,2,Fixture etc.,EXTERNAL,
ld_Field_CRI_I_25_128_Particle_in_Bar_Filter_SMLI_25_doc_txt__3__0,0,Loose particle from tanks,EXTERNAL,
ld_Field_CRI_I_25_128_Particle_in_Bar_Filter_SMLI_25_doc_txt__3__0,1,Jigs,EXTERNAL,
ld_Field_CRI_I_25_128_Particle_in_Bar_Filter_SMLI_25_doc_txt__3__0,2,Fixture etc.,EXTERNAL,
I_Field_Field_CRI_I_25_43_Particle_in_IC_Stud_SML_08_doc_txt__1__0,0,IC stud,INTERNAL,IC_STUD
I_Field_Field_CRI_I_25_43_Particle_in_IC_Stud_SML_08_doc_txt__1__0,1,NA,UNRESOLVED,
I_Field_Field_CRI_I_25_43_Particle_in_IC_Stud_SML_08_doc_txt__2__0,0,IC stud,INTERNAL,IC_STUD
I_Field_Field_CRI_I_25_43_Particle_in_IC_Stud_SML_08_doc_txt__2__0,1,NA,UNRESOLVED,
I_Field_Field_CRI_I_25_43_Particle_in_IC_Stud_SML_08_doc_txt__3__0,0,IC stud,INTERNAL,IC_STUD
I_Field_Field_CRI_I_25_43_Particle_in_IC_Stud_SML_08_doc_txt__3__0,1,NA,UNRESOLVED,
I_Field_Field_CRI_I_25_43_Particle_in_IC_Stud_SML_08_doc_txt__4__0,0,IC stud,INTERNAL,IC_STUD
I_Field_Field_CRI_I_25_43_Particle_in_IC_Stud_SML_08_doc_txt__4__0,1,NA,UNRESOLVED,
ld_CRI_I_25_158_Particle_In_IC_Stud_SR_0416_3_FML_15_doc_txt__1__0,0,[pic],UNRESOLVED,
ld_CRI_I_26_146_Particle_In_Z_Hole_Sr_No_2702_M_M_22_doc_txt__1__0,0,[pic],UNRESOLVED,
d_Field_CRI_I_26_88_Particles_In_NB_Seat_Area_M_M_06_doc_txt__2__0,0,Threads from filters,EXTERNAL,
d_Field_CRI_I_26_88_Particles_In_NB_Seat_Area_M_M_06_doc_txt__2__0,1,cotton,EXTERNAL,
d_Field_CRI_I_26_88_Particles_In_NB_Seat_Area_M_M_06_doc_txt__2__0,2,duster etc.,EXTERNAL,
d_Field_CRI_I_26_88_Particles_In_NB_Seat_Area_M_M_06_doc_txt__3__0,0,Threads from filters,EXTERNAL,
d_Field_CRI_I_26_88_Particles_In_NB_Seat_Area_M_M_06_doc_txt__3__0,1,cotton,EXTERNAL,
d_Field_CRI_I_26_88_Particles_In_NB_Seat_Area_M_M_06_doc_txt__3__0,2,duster etc.,EXTERNAL,
23_126_Sr_No_2039_Particle_on_IC_Stud_ISUZU_2_Bin_17_doc_txt__1__0,0,Probable external,EXTERNAL,
ld_Field_CRI_I_26_78_Particle_In_NB_Seat_Area_M_M_07_doc_txt__1__0,0,Tissue paper,EXTERNAL,
ld_Field_CRI_I_26_78_Particle_In_NB_Seat_Area_M_M_07_doc_txt__1__0,1,Filer paper etc.,EXTERNAL,
ld_Field_CRI_I_26_78_Particle_In_NB_Seat_Area_M_M_07_doc_txt__2__0,0,Tissue paper,EXTERNAL,
ld_Field_CRI_I_26_78_Particle_In_NB_Seat_Area_M_M_07_doc_txt__2__0,1,Filer paper etc.,EXTERNAL,
CRI_I_25_138_Particle_In_IC_Stud_Sr_No_0721_ISUZU_13_doc_txt__1__0,0,Oily filter paper,EXTERNAL,
CRI_I_25_138_Particle_In_IC_Stud_Sr_No_0721_ISUZU_13_doc_txt__1__0,1,cotton,EXTERNAL,
CRI_I_25_138_Particle_In_IC_Stud_Sr_No_0721_ISUZU_13_doc_txt__1__0,2,tissue paper,EXTERNAL,
CRI_I_25_138_Particle_In_IC_Stud_Sr_No_0721_ISUZU_13_doc_txt__1__0,3,"rtv„ ¤¦¼¾Àèêìþ "" Oily filter $ & 8 T \ ^ l n p paper",GARBAGE,
CRI_I_25_138_Particle_In_IC_Stud_Sr_No_0721_ISUZU_13_doc_txt__1__0,4,"ñãÑãÉÅÁ½Á¶¬¢Šƒ¶Á¶Á tissue paper xÁjxÁ¶x^ÁLj""hœhÑt‚ 5 CJ$OJQJ\ aJ$hœhÝ AQ5 OJQJhœhÝAQ5 OJ",GARBAGE,
RI_Field_Field_CRI_I_25_22_Particle_in_Z_Hole_M_M_15_doc_txt__1__0,0,Free/ loose particle from tanks,EXTERNAL,
ield_CRI_I_24_223_Particle_in_Injector_Body_ISUZU_15_doc_txt__1__0,0,Injector body,INTERNAL,INJECTOR_BODY
ield_CRI_I_24_223_Particle_in_Injector_Body_ISUZU_15_doc_txt__1__0,1,IC Stud,INTERNAL,IC_STUD
ield_CRI_I_24_223_Particle_in_Injector_Body_ISUZU_15_doc_txt__1__0,2,[pic] at NaP,UNRESOLVED,
ield_CRI_I_24_223_Particle_in_Injector_Body_ISUZU_15_doc_txt__2__0,0,Tools,EXTERNAL,
ield_CRI_I_24_223_Particle_in_Injector_Body_ISUZU_15_doc_txt__2__0,1,Jigs,EXTERNAL,
ield_CRI_I_24_223_Particle_in_Injector_Body_ISUZU_15_doc_txt__2__0,2,Fixture,EXTERNAL,
ield_CRI_I_24_223_Particle_in_Injector_Body_ISUZU_15_doc_txt__2__0,3,Tanks,EXTERNAL,
ield_CRI_I_24_223_Particle_in_Injector_Body_ISUZU_15_doc_txt__2__0,4,"etc. rtv„ ¤¦¼¾Àèêìþ "" $ & 8 T \ ^ l n p r Š ñãÑãÉÅÁ½Á¶¬¢˜‘¶Á¶Á †Áx†Á¶†lÁZx†Shª®hÝ",GARBAGE,
_Field_Field_CRI_I_25_72_Particle_On_Body_NSS_M_M_06_doc_txt__1__0,0,NHB,INTERNAL,NHB
_Field_Field_CRI_I_25_72_Particle_On_Body_NSS_M_M_06_doc_txt__1__0,1,IC stud,INTERNAL,IC_STUD
_Field_Field_CRI_I_25_72_Particle_On_Body_NSS_M_M_06_doc_txt__1__0,2,NR Nut,INTERNAL,NR_NUT
_Field_Field_CRI_I_25_72_Particle_On_Body_NSS_M_M_06_doc_txt__2__0,0,NHB,INTERNAL,NHB
_Field_Field_CRI_I_25_72_Particle_On_Body_NSS_M_M_06_doc_txt__2__0,1,IC stud,INTERNAL,IC_STUD
_Field_Field_CRI_I_25_72_Particle_On_Body_NSS_M_M_06_doc_txt__2__0,2,NR Nut,INTERNAL,NR_NUT
_I_26_88_Particles_In_Bar_Filter_Sr_No_3762_2_M_M_14_doc_txt__2__0,0,Magnet Core,INTERNAL,MAGNET_CORE
ld_CRI_I_24_168_Sr_No_0311_Particle_in_IC_Stud_AL_07_doc_txt__1__0,0,"rtv„ ¤¦¼¾èêìþ "" $ & 8 T \ ^ l n p r † Š ¢ ¤ ¦ ¨ ª ñãÑãÉÅÁ½Á¶¬¢¬¶Á¶Á— Á‰—Á¶—}Ák‰—dd`ñdÁ¬ ÁhŸA hª®hÝAQ""h·­hÑ t‚5 CJ$OJQJ\ ",GARBAGE,
ld_CRI_I_24_168_Sr_No_0311_Particle_in_IC_Stud_AL_07_doc_txt__1__0,1,[pic],UNRESOLVED,
ield_Field_CRI_I_26_50_NB_Particles_Analysis_SMLI_11_doc_txt__2__0,0,Oily threads,EXTERNAL,
ield_Field_CRI_I_26_50_NB_Particles_Analysis_SMLI_11_doc_txt__2__0,1,Cotton,EXTERNAL,
ield_Field_CRI_I_26_50_NB_Particles_Analysis_SMLI_11_doc_txt__2__0,2,Tissue etc.,EXTERNAL,
ield_Field_CRI_I_26_50_NB_Particles_Analysis_SMLI_11_doc_txt__3__0,0,Oily threads,EXTERNAL,
ield_Field_CRI_I_26_50_NB_Particles_Analysis_SMLI_11_doc_txt__3__0,1,Cotton,EXTERNAL,
ield_Field_CRI_I_26_50_NB_Particles_Analysis_SMLI_11_doc_txt__3__0,2,"Tissue etc. Brtv„ ¤¦¼âäæèú - "" 4 P X Z h j l n ‚ † œ ž ¢ ñãÑÑãÉÅÁ½Á¶¬¬¢¶Á¶Á —Á‰—Á¶—}Ák‰—dd`ñdÁ",GARBAGE,
7_Particle_At_NB_Seat_Area_Sr_No_0448_Rajput_SMLM_10_doc_txt__2__0,0,Probable external,EXTERNAL,
d_Field_CRI_I_25_185_Particle_In_NB_Seat_Area_M_M_21_doc_txt__1__0,0,"Nozzle body Brtv„ ¤¦¼¾æèêü 5 CJ$OJQJaJ$hÊhÝ "" $ 6 R Z \ ^ l n AQ5 OJQJ\ hÊhÝAQ p r † OJQJhÊhH±5 \ hÊh ñãÑÑãÉÅÁ½Á¶¬¢¬¶Á¶Á",GARBAGE,
ld_Field_CRI_I_25_08_Particle_on_Small_O_Ring_A_L_04_doc_txt__1__0,0,Injector,UNRESOLVED,
ld_Field_CRI_I_25_08_Particle_on_Small_O_Ring_A_L_04_doc_txt__1__0,1,IC stud,INTERNAL,IC_STUD
CRI_Field_Field_CRI_I_26_78_Particle_In_BFT_M_M_28_doc_txt__2__0,0,Nozzle spring,INTERNAL,NOZZLE_SPRING
CRI_Field_Field_CRI_I_26_78_Particle_In_BFT_M_M_28_doc_txt__2__0,1,Armature spring,INTERNAL,ARMATURE_SPRING
CRI_Field_Field_CRI_I_26_78_Particle_In_BFT_M_M_28_doc_txt__2__0,2,Fixing Pin,INTERNAL,FIXING_PIN
ld_Field_CRI_I_25_89_Particle_From_Bar_Filter_M_M_12_doc_txt__1__0,0,Oily cotton,EXTERNAL,
ld_Field_CRI_I_25_89_Particle_From_Bar_Filter_M_M_12_doc_txt__2__0,0,"Oily cotton rtv„ ¤¦¼¾Àèêìþ "" $ & 8 T \ ^ l ñãÑãÉÅÁ½Á¶¬¢‹s¶Á¶Á hÁZhÁ¶hNÁhÏÖhÝAQ5 OJQJhÏÖhÝAQ5 OJQJ\",GARBAGE,
I_Field_Field_CRI_I_25_89_Particle_In_NB_Seat_M_M_27_doc_txt__1__0,0,NHB,INTERNAL,NHB
I_Field_Field_CRI_I_25_89_Particle_In_NB_Seat_M_M_27_doc_txt__1__0,1,IC stud,INTERNAL,IC_STUD
I_Field_Field_CRI_I_25_89_Particle_In_NB_Seat_M_M_27_doc_txt__2__0,0,NHB,INTERNAL,NHB
I_Field_Field_CRI_I_25_89_Particle_In_NB_Seat_M_M_27_doc_txt__2__0,1,IC stud,INTERNAL,IC_STUD
I_Field_Field_CRI_I_25_89_Particle_In_NB_Seat_M_M_27_doc_txt__3__0,0,NHB,INTERNAL,NHB
I_Field_Field_CRI_I_25_89_Particle_In_NB_Seat_M_M_27_doc_txt__3__0,1,IC stud,INTERNAL,IC_STUD
I_Field_Field_CRI_I_25_89_Particle_In_NB_Seat_M_M_27_doc_txt__4__0,0,NHB,INTERNAL,NHB
I_Field_Field_CRI_I_25_89_Particle_In_NB_Seat_M_M_27_doc_txt__4__0,1,IC stud,INTERNAL,IC_STUD
I_Field_Field_CRI_I_25_89_Particle_In_NB_Seat_M_M_27_doc_txt__5__0,0,NHB,INTERNAL,NHB
I_Field_Field_CRI_I_25_89_Particle_In_NB_Seat_M_M_27_doc_txt__5__0,1,IC stud,INTERNAL,IC_STUD
I_Field_Field_CRI_I_25_89_Particle_In_NB_Seat_M_M_27_doc_txt__6__0,0,NHB,INTERNAL,NHB
I_Field_Field_CRI_I_25_89_Particle_In_NB_Seat_M_M_27_doc_txt__6__0,1,IC stud,INTERNAL,IC_STUD
_Field_Field_CRI_I_25_77_Particle_In_IC_Stud_SMLI_13_doc_txt__1__0,0,mrtv„ ¤¦¼¾aterial source,GARBAGE,
_Field_Field_CRI_I_25_77_Particle_In_IC_Stud_SMLI_13_doc_txt__1__0,1,Loose particle from tanks,EXTERNAL,
_Field_Field_CRI_I_25_77_Particle_In_IC_Stud_SMLI_13_doc_txt__1__0,2,Jigs,EXTERNAL,
_Field_Field_CRI_I_25_77_Particle_In_IC_Stud_SMLI_13_doc_txt__1__0,3,Fixture etc.,EXTERNAL,
_Field_Field_CRI_I_24_46_Particle_in_IC_Stud_SMIL_11_doc_txt__1__0,0,Oily cotton,EXTERNAL,
I_Field_Field_CRI_I_24_214_Particle_in_Z_Hole_M_M_06_doc_txt__1__0,0,Magnet sleeve,INTERNAL,MAGNET_SLEEVE
I_Field_Field_CRI_I_24_214_Particle_in_Z_Hole_M_M_06_doc_txt__1__0,1,Back flow tube,INTERNAL,BACK_FLOW_TUBE
I_Field_Field_CRI_I_24_214_Particle_in_Z_Hole_M_M_06_doc_txt__1__0,2,As per table A,EXTERNAL,
I_I_25_89_Particle_In_Dia_2_2_Body_Inlet_Hole_M_M_13_doc_txt__1__0,0,NHB,INTERNAL,NHB
I_I_25_89_Particle_In_Dia_2_2_Body_Inlet_Hole_M_M_13_doc_txt__1__0,1,IC stud,INTERNAL,IC_STUD
I_I_25_89_Particle_In_Dia_2_2_Body_Inlet_Hole_M_M_13_doc_txt__3__0,0,NHB,INTERNAL,NHB
I_I_25_89_Particle_In_Dia_2_2_Body_Inlet_Hole_M_M_13_doc_txt__3__0,1,IC stud,INTERNAL,IC_STUD
I_Field_Field_CRI_I_25_173_NB_Seat_Particle_M_M_11_B_doc_txt__1__0,0,Injector body,INTERNAL,INJECTOR_BODY
I_Field_Field_CRI_I_25_173_NB_Seat_Particle_M_M_11_B_doc_txt__1__0,1,IC stud,INTERNAL,IC_STUD
I_Field_Field_CRI_I_25_173_NB_Seat_Particle_M_M_11_B_doc_txt__1__0,2,VSS,INTERNAL,VSS
I_Field_Field_CRI_I_25_173_NB_Seat_Particle_M_M_11_B_doc_txt__3__0,0,IC Stud,INTERNAL,IC_STUD
I_Field_Field_CRI_I_25_173_NB_Seat_Particle_M_M_11_B_doc_txt__3__0,1,Injector body,INTERNAL,INJECTOR_BODY
I_Field_Field_CRI_I_25_173_NB_Seat_Particle_M_M_11_B_doc_txt__3__0,2,VSS,INTERNAL,VSS
I_Field_Field_CRI_I_25_173_NB_Seat_Particle_M_M_11_B_doc_txt__4__0,0,Injector body,INTERNAL,INJECTOR_BODY
I_Field_Field_CRI_I_25_173_NB_Seat_Particle_M_M_11_B_doc_txt__4__0,1,Inlet connector,INTERNAL,INLET_CONNECTOR
I_Field_Field_CRI_I_25_173_NB_Seat_Particle_M_M_11_B_doc_txt__4__0,2,VSS,INTERNAL,VSS
I_Field_Field_CRI_I_25_173_NB_Seat_Particle_M_M_11_B_doc_txt__5__0,0,IC stud,INTERNAL,IC_STUD
I_Field_Field_CRI_I_25_173_NB_Seat_Particle_M_M_11_B_doc_txt__5__0,1,Injector body,INTERNAL,INJECTOR_BODY
I_Field_Field_CRI_I_26_85_Particle_In_IC_Stud_M_M_21_doc_txt__1__0,0,"5 CJ$OJQJaJ$hÖLÏ hÝAQ5 OJQJ\ hÖLÏ hÝAQOJQJhxB¨hxB¨ rtv„ ¤¦¼¾èêìþ "" 5 \ hÖLÏhÝAQ5 \ $ & 8 T \ ^ ` n p hköhÝAQhxB¨hÝAQh r ",GARBAGE,
Km_Direct_0Km_CRI_I_23_136_Particle_in_Z_Hole_FML_02_doc_txt__1__0,0,NHB,INTERNAL,NHB
Km_Direct_0Km_CRI_I_23_136_Particle_in_Z_Hole_FML_02_doc_txt__1__0,1,IC stud,INTERNAL,IC_STUD
_CRI_I_23_117_Particles_on_Magnet_Body_Thread_M_M_14_doc_txt__1__0,0,NHB,INTERNAL,NHB
_CRI_I_23_117_Particles_on_Magnet_Body_Thread_M_M_14_doc_txt__1__0,1,IC stud,INTERNAL,IC_STUD
_CRI_I_23_117_Particles_on_Magnet_Body_Thread_M_M_14_doc_txt__2__0,0,NHB,INTERNAL,NHB
_CRI_I_23_117_Particles_on_Magnet_Body_Thread_M_M_14_doc_txt__2__0,1,IC stud,INTERNAL,IC_STUD
_CRI_I_23_117_Particles_on_Magnet_Body_Thread_M_M_14_doc_txt__3__0,0,NHB,INTERNAL,NHB
_CRI_I_23_117_Particles_on_Magnet_Body_Thread_M_M_14_doc_txt__3__0,1,IC stud,INTERNAL,IC_STUD
_CRI_I_23_117_Particles_on_Magnet_Body_Thread_M_M_14_doc_txt__4__0,0,NHB,INTERNAL,NHB
_CRI_I_23_117_Particles_on_Magnet_Body_Thread_M_M_14_doc_txt__4__0,1,IC stud,INTERNAL,IC_STUD
_CRI_I_23_117_Particles_on_Magnet_Body_Thread_M_M_14_doc_txt__5__0,0,NHB,INTERNAL,NHB
_CRI_I_23_117_Particles_on_Magnet_Body_Thread_M_M_14_doc_txt__5__0,1,IC stud,INTERNAL,IC_STUD
_Km_Direct_0Km_CRI_I_23_113_Z_Hole_Particle_ISUZU_17_doc_txt__1__0,0,IC Stud – Filter rod,INTERNAL,IC_STUD
_Direct_0Km_CRI_I_23_127_Particle_on_Body_NSS_M_M_18_doc_txt__3__0,0,Injector Body,INTERNAL,INJECTOR_BODY
_Direct_0Km_CRI_I_23_127_Particle_on_Body_NSS_M_M_18_doc_txt__3__0,1,NR nut,INTERNAL,NR_NUT
ct_0Km_CRI_I_23_150_Particle_At_V_Pc_V_Piston_M_M_25_doc_txt__2__0,0,NHB,INTERNAL,NHB
ct_0Km_CRI_I_23_150_Particle_At_V_Pc_V_Piston_M_M_25_doc_txt__2__0,1,IC stud,INTERNAL,IC_STUD
ct_0Km_CRI_I_23_150_Particle_At_V_Pc_V_Piston_M_M_25_doc_txt__2__1,0,NHB,INTERNAL,NHB
ct_0Km_CRI_I_23_150_Particle_At_V_Pc_V_Piston_M_M_25_doc_txt__2__1,1,IC stud,INTERNAL,IC_STUD
ct_0Km_CRI_I_23_150_Particle_At_V_Pc_V_Piston_M_M_25_doc_txt__2__2,0,NHB,INTERNAL,NHB
ct_0Km_CRI_I_23_150_Particle_At_V_Pc_V_Piston_M_M_25_doc_txt__2__2,1,IC stud,INTERNAL,IC_STUD
ct_0Km_CRI_I_23_150_Particle_At_V_Pc_V_Piston_M_M_25_doc_txt__2__3,0,NHB,INTERNAL,NHB
ct_0Km_CRI_I_23_150_Particle_At_V_Pc_V_Piston_M_M_25_doc_txt__2__3,1,IC stud,INTERNAL,IC_STUD
ct_0Km_CRI_I_23_150_Particle_At_V_Pc_V_Piston_M_M_25_doc_txt__3__0,0,NHB,INTERNAL,NHB
ct_0Km_CRI_I_23_150_Particle_At_V_Pc_V_Piston_M_M_25_doc_txt__3__0,1,ICstud,INTERNAL,IC_STUD
I_0_Km_Direct_0Km_CRI_I_24_27_Z_Hole_Particle_M_M_26_doc_txt__1__0,0,NR Nut,INTERNAL,NR_NUT
I_0_Km_Direct_0Km_CRI_I_24_27_Z_Hole_Particle_M_M_26_doc_txt__1__0,1,magnet Nut,INTERNAL,MAGNET_NUT
irect_0Km_CRI_I_23_150_Particle_in_Spray_Hole_M_M_15_doc_txt__1__0,0,Valve piece,INTERNAL,VALVE_PIECE
irect_0Km_CRI_I_23_150_Particle_in_Spray_Hole_M_M_15_doc_txt__1__0,1,Armature plate,INTERNAL,ARMATURE_PLATE
irect_0Km_CRI_I_23_150_Particle_in_Spray_Hole_M_M_15_doc_txt__1__0,2,Armature guide,INTERNAL,ARMATURE_GUIDE
_Direct_0Km_CRI_I_23_111_Particle_in_Z_Hole_ISUZU_17_doc_txt__1__0,0,Seal Ring,INTERNAL,SEALING_RING
_Direct_0Km_CRI_I_23_111_Particle_in_Z_Hole_ISUZU_17_doc_txt__1__0,1,"rtv„ ¤¦¼¾èêìþ "" $ & ( : V ^ ` n p r Š ¢ ¤ ¦ ¨ ª Æ ñãÑãÉÅÁ½Á¶¬¢¬¶Á¶Á— Á…w—Á¶—kÁw—d`ñdÁ¬Á",GARBAGE,
_Km_Indirect_0Km_CRI_I_23_53_B_F_Pin_Particle_M_M_17_doc_txt__1__0,0,Green Plastic tray,EXTERNAL,
ndirect_0Km_CRI_I_24_19_Particle_on_AH_Plate_SMIL_13_doc_txt__3__0,0,NHB,INTERNAL,NHB
ndirect_0Km_CRI_I_24_19_Particle_on_AH_Plate_SMIL_13_doc_txt__3__0,1,IC stud,INTERNAL,IC_STUD
ndirect_0Km_CRI_I_24_19_Particle_on_AH_Plate_SMIL_13_doc_txt__3__0,2,Tanks,EXTERNAL,
ndirect_0Km_CRI_I_24_19_Particle_on_AH_Plate_SMIL_13_doc_txt__3__0,3,Fixture,EXTERNAL,
ndirect_0Km_CRI_I_24_19_Particle_on_AH_Plate_SMIL_13_doc_txt__3__0,4,Jigs,EXTERNAL,
ndirect_0Km_CRI_I_24_19_Particle_on_AH_Plate_SMIL_13_doc_txt__3__0,5,tools etc.,EXTERNAL,
ndirect_0Km_CRI_I_24_19_Particle_on_AH_Plate_SMIL_13_doc_txt__4__0,0,NHB,INTERNAL,NHB
ndirect_0Km_CRI_I_24_19_Particle_on_AH_Plate_SMIL_13_doc_txt__4__0,1,IC stud,INTERNAL,IC_STUD
ndirect_0Km_CRI_I_24_19_Particle_on_AH_Plate_SMIL_13_doc_txt__4__0,2,Tanks,EXTERNAL,
ndirect_0Km_CRI_I_24_19_Particle_on_AH_Plate_SMIL_13_doc_txt__4__0,3,Fixture,EXTERNAL,
ndirect_0Km_CRI_I_24_19_Particle_on_AH_Plate_SMIL_13_doc_txt__4__0,4,Jigs,EXTERNAL,
ndirect_0Km_CRI_I_24_19_Particle_on_AH_Plate_SMIL_13_doc_txt__4__0,5,tools etc.,EXTERNAL,
rect_0Km_CRI_I_23_136_Particle_Bar_Filter_Pin_FML_04_doc_txt__1__0,0,"Brtv„ ’¤¦¼¾Àèêìþ "" $ & ( : V \ ^ l n p „ ˆ ñãÑÑãÉÅÁ½½Á¶¬¥›¬¶Á ¶Á Á~p Á¶ dÁp ]]hª",GARBAGE,
_Km_Indirect_0Km_CRI_I_23_53_NB_Seat_Particle_M_M_05_doc_txt__2__0,0,Identification plastic ring,EXTERNAL,
_Km_Indirect_0Km_CRI_I_23_53_NB_Seat_Particle_M_M_05_doc_txt__3__0,0,Identification plastic ring,EXTERNAL,
_Km_Indirect_0Km_CRI_I_23_53_NB_Seat_Particle_M_M_05_doc_txt__4__0,0,Oily cotton,EXTERNAL,
_Km_Indirect_0Km_CRI_I_23_53_NB_Seat_Particle_M_M_05_doc_txt__5__0,0,Oily cotton,EXTERNAL,
ect_0Km_CRI_I_23_111_Particle_on_Valve_Seat_ISUZU_02_doc_txt__1__0,0,"rtv„’¨ªÒÔÖèüþ 5 CJ$OJQJaJ$hÙyh $ @ H J L Z \ ^ v ÝAQ5 OJQJ\ ""hÙyh Œ Ž qa5 CJ$OJQJ\ aJ$ ñãÑãÉÅÁº°¦°ºÁºÁ›Á‰ hÙyhÝAQOJQJhƒT",GARBAGE,
Km_Indirect_0Km_CRI_I_24_22_Particle_in_Body_SMLI_22_doc_txt__1__0,0,NHB,INTERNAL,NHB
Km_Indirect_0Km_CRI_I_24_22_Particle_in_Body_SMLI_22_doc_txt__1__0,1,IC stud,INTERNAL,IC_STUD
Km_Indirect_0Km_CRI_I_24_22_Particle_in_Body_SMLI_22_doc_txt__2__0,0,NHB,INTERNAL,NHB
Km_Indirect_0Km_CRI_I_24_22_Particle_in_Body_SMLI_22_doc_txt__2__0,1,IC stud,INTERNAL,IC_STUD
Indirect_0Km_CRI_I_23_123_Particle_on_IC_Stud_M_M_25_doc_txt__1__0,0,Pump Components,UNRESOLVED,
Indirect_0Km_CRI_I_23_123_Particle_on_IC_Stud_M_M_25_doc_txt__2__0,0,Pump Components,UNRESOLVED,
_Km_Indirect_0Km_CRI_I_23_91_IC_Stud_Particle_M_M_18_doc_txt__1__0,0,Tanks,EXTERNAL,
_Km_Indirect_0Km_CRI_I_23_91_IC_Stud_Particle_M_M_18_doc_txt__1__0,1,Jigs,EXTERNAL,
_Km_Indirect_0Km_CRI_I_23_91_IC_Stud_Particle_M_M_18_doc_txt__1__0,2,"Fixture etc. rtv„ ¤¦¼¾èêìþ "" $ & ( : V ^ ` n p r Š ¢ ¤ ¦ ¨ ª Æ ñãÑãÉÅÁ½Á¶¬¢¬¶Á¶Á— Á…w—Á¶—kÁw—d`ñdÁ¬Á",GARBAGE,
Indirect_0Km_CRI_I_23_50_Particle_on_Magnet_ISUZU_01_doc_txt__1__0,0,Oily cotton,EXTERNAL,
Indirect_0Km_CRI_I_23_50_Particle_on_Magnet_ISUZU_01_doc_txt__1__0,1,dusters etc.,EXTERNAL,
irect_0Km_CRI_I_24_09_Particle_on_IC_Stud_CNH_TTF_19_doc_txt__1__0,0,Zn flake from tanks,EXTERNAL,
irect_0Km_CRI_I_24_09_Particle_on_IC_Stud_CNH_TTF_19_doc_txt__1__0,1,Jigs,EXTERNAL,
irect_0Km_CRI_I_24_09_Particle_on_IC_Stud_CNH_TTF_19_doc_txt__1__0,2,Fixture etc.,EXTERNAL,
rect_0Km_CRI_I_23_162_Particle_on_Arm_Plate_ISUZU_09_doc_txt__1__0,0,Grinding wheel,EXTERNAL,
rect_0Km_CRI_I_23_162_Particle_on_Arm_Plate_ISUZU_09_doc_txt__1__0,1,dirt,EXTERNAL,
rect_0Km_CRI_I_23_162_Particle_on_Arm_Plate_ISUZU_09_doc_txt__1__0,2,"dust etc. rtv„ ¤¦¼¾èêìþ "" $ & ( : V ^ ` n p r Š ¢ ¤ ¦ ¨ ª Æ ñãÑãÉÅÁ½Á¶¬¢¬¶Á¶Á— Á…w—Á¶—kÁw—d`ñdÁ¬Á",GARBAGE,
_Indirect_0Km_CRI_I_23_121_Particle_in_Z_Hole_A_L_25_doc_txt__1__0,0,Probable General purpose external galvanized tanks,EXTERNAL,
_Indirect_0Km_CRI_I_23_121_Particle_in_Z_Hole_A_L_25_doc_txt__1__0,1,pipes,EXTERNAL,
_Indirect_0Km_CRI_I_23_121_Particle_in_Z_Hole_A_L_25_doc_txt__1__0,2,Union nut,INTERNAL,UNION_NUT
_Indirect_0Km_CRI_I_23_121_Particle_in_Z_Hole_A_L_25_doc_txt__4__0,0,Injector body,INTERNAL,INJECTOR_BODY
_Indirect_0Km_CRI_I_23_121_Particle_in_Z_Hole_A_L_25_doc_txt__4__0,1,Inlet connector,INTERNAL,INLET_CONNECTOR
_Indirect_0Km_CRI_I_23_121_Particle_in_Z_Hole_A_L_25_doc_txt__4__0,2,Shim Valve spring,INTERNAL,VALVE_SPRING
_Indirect_0Km_CRI_I_23_121_Particle_in_Z_Hole_A_L_25_doc_txt__4__0,3,Retaining screw,INTERNAL,RETAINING_SCREW
_Indirect_0Km_CRI_I_23_121_Particle_in_Z_Hole_A_L_25_doc_txt__4__0,4,"Cleaning area : Magnet nut Spanner Body holding fixture BaP Line: rtv„ ¤¦¼¾æèêü "" $ & 8 T \ ^ `",GARBAGE,
_Indirect_0Km_CRI_I_24_27_Particle_in_IC_Stud_M_M_29_doc_txt__1__0,0,Flake from tanks,EXTERNAL,
_Indirect_0Km_CRI_I_24_27_Particle_in_IC_Stud_M_M_29_doc_txt__2__0,0,Flake from tanks,EXTERNAL,
_Indirect_0Km_CRI_I_24_27_Particle_in_IC_Stud_M_M_29_doc_txt__3__0,0,Flake from tanks,EXTERNAL,
