secondary_id,secondary_component_raw,mapped_component_id,reference_component_name,spectrum_similarity,compatible,supporting_elements,contradicting_elements,reference_sites,reference_reports,decision,trust_level_assigned,conflict_reason,element_differences
SEC_001,Armature Bolt,,,0.0,NO,[],[],0,0,EXCLUDED,3,NO_PRIMARY_COUNTERPART: Component is not part of the validated internal-source target vocabulary.,{}
SEC_002,Armature Bolt,,,0.0,NO,[],[],0,0,EXCLUDED,3,NO_PRIMARY_COUNTERPART: Component is not part of the validated internal-source target vocabulary.,{}
SEC_003,Armature Bolt,,,0.0,NO,[],[],0,0,EXCLUDED,3,NO_PRIMARY_COUNTERPART: Component is not part of the validated internal-source target vocabulary.,{}
SEC_004,Armature Bolt,,,0.0,NO,[],[],0,0,EXCLUDED,3,NO_PRIMARY_COUNTERPART: Component is not part of the validated internal-source target vocabulary.,{}
SEC_005,Armature Bolt,,,0.0,NO,[],[],0,0,EXCLUDED,3,NO_PRIMARY_COUNTERPART: Component is not part of the validated internal-source target vocabulary.,{}
SEC_006,Armature Bolt,,,0.0,NO,[],[],0,0,EXCLUDED,3,NO_PRIMARY_COUNTERPART: Component is not part of the validated internal-source target vocabulary.,{}
SEC_007,Armature Guide,ARMATURE_GUIDE,Armature Guide,0.9655,YES,"['Cr', 'Fe', 'Mn', 'Si']",[],1,1,REVIEW,3,"INSUFFICIENT_REFERENCE_REPORTS: Spectrum matches (similarity=0.97), but primary has only 1 report.","{'Cr': 0.0789, 'Fe': -0.2796, 'Mn': 0.0429, 'Si': 0.1579}"
SEC_008,Armature Guide,ARMATURE_GUIDE,Armature Guide,0.9951,YES,"['Cr', 'Fe', 'Mn', 'Si']",[],1,1,REVIEW,3,"INSUFFICIENT_REFERENCE_REPORTS: Spectrum matches (similarity=1.00), but primary has only 1 report.","{'Cr': 0.0245, 'Fe': -0.114, 'Mn': 0.0445, 'Si': 0.045}"
SEC_009,Armature Guide,ARMATURE_GUIDE,Armature Guide,0.9863,YES,"['Cr', 'Fe', 'Mn', 'Si']",[],1,1,REVIEW,3,"INSUFFICIENT_REFERENCE_REPORTS: Spectrum matches (similarity=0.99), but primary has only 1 report.","{'Al': 0.3184, 'Cr': 0.0556, 'Fe': -0.5026, 'Mn': 0.0899, 'Si': 0.0388}"
SEC_010,Armature Guide,ARMATURE_GUIDE,Armature Guide,0.8901,YES,"['Cr', 'Fe', 'Mn', 'Si']",[],1,1,REVIEW,3,"INSUFFICIENT_REFERENCE_REPORTS: Spectrum matches (similarity=0.89), but primary has only 1 report.","{'Cr': 0.171, 'Fe': -0.0713, 'Mn': -0.2798, 'P': 0.04, 'S': 0.07, 'Si': 0.0702}"
SEC_011,Armature Plate,ARMATURE_PLATE,Armature Plate,0.9984,YES,"['Cr', 'Fe', 'Mn', 'Si']",[],1,1,REVIEW,3,"INSUFFICIENT_REFERENCE_REPORTS: Spectrum matches (similarity=1.00), but primary has only 1 report.","{'Al': 0.1775, 'Cr': 0.0216, 'Fe': -0.1829, 'Mn': 0.0126, 'Si': -0.0287}"
SEC_012,Armature Plate,ARMATURE_PLATE,Armature Plate,0.9013,YES,"['Cr', 'Fe', 'Mn', 'Si']",[],1,1,REVIEW,3,"INSUFFICIENT_REFERENCE_REPORTS: Spectrum matches (similarity=0.90), but primary has only 1 report.","{'Al': 0.229, 'Cr': 0.1408, 'Fe': -0.1331, 'Mn': -0.2798, 'Si': 0.0433}"
SEC_013,Armature Plate,ARMATURE_PLATE,Armature Plate,0.9592,YES,"['Cr', 'Fe', 'Mn', 'Si']",[],1,1,REVIEW,3,"INSUFFICIENT_REFERENCE_REPORTS: Spectrum matches (similarity=0.96), but primary has only 1 report.","{'Cr': 0.0608, 'Fe': -0.2111, 'Mn': 0.1602, 'P': 0.09, 'Si': -0.0998}"
SEC_014,Armature Plate,ARMATURE_PLATE,Armature Plate,0.9589,YES,"['Cr', 'Fe', 'Mn', 'Si']",[],1,1,REVIEW,3,"INSUFFICIENT_REFERENCE_REPORTS: Spectrum matches (similarity=0.96), but primary has only 1 report.","{'Cr': 0.1694, 'Fe': -0.369, 'Mn': 0.0999, 'S': 0.0699, 'Si': 0.0299}"
SEC_015,Armature Plate,ARMATURE_PLATE,Armature Plate,0.9799,YES,"['Cr', 'Fe', 'Mn', 'Si']",[],1,1,REVIEW,3,"INSUFFICIENT_REFERENCE_REPORTS: Spectrum matches (similarity=0.98), but primary has only 1 report.","{'Cr': 0.0807, 'Fe': -0.2308, 'Mn': 0.1001, 'Si': 0.0501}"
SEC_016,Armature Plate,ARMATURE_PLATE,Armature Plate,0.9895,YES,"['Cr', 'Fe', 'Mn', 'Si']",[],1,1,REVIEW,3,"INSUFFICIENT_REFERENCE_REPORTS: Spectrum matches (similarity=0.99), but primary has only 1 report.","{'Cr': -0.0652, 'Fe': -0.0411, 'Mn': 0.0531, 'Si': 0.0532}"
SEC_017,Armature Plate,ARMATURE_PLATE,Armature Plate,0.9113,YES,"['Cr', 'Fe', 'Mn', 'Si']",[],1,1,REVIEW,3,"INSUFFICIENT_REFERENCE_REPORTS: Spectrum matches (similarity=0.91), but primary has only 1 report.","{'Cr': 0.026, 'Fe': -0.425, 'Mn': 0.2651, 'Si': 0.134}"
SEC_018,Armature Spring,ARMATURE_SPRING,Armature Spring,0.9615,YES,"['Cr', 'Fe', 'Mn', 'Si']",[],1,1,REVIEW,3,"INSUFFICIENT_REFERENCE_REPORTS: Spectrum matches (similarity=0.96), but primary has only 1 report.","{'Cr': -0.0204, 'Fe': 0.0824, 'Mn': 0.0744, 'P': 0.03, 'S': 0.01, 'Si': -0.1763}"
SEC_019,Armature Spring,ARMATURE_SPRING,Armature Spring,0.9856,YES,"['Cr', 'Fe', 'Mn', 'Si']",[],1,1,REVIEW,3,"INSUFFICIENT_REFERENCE_REPORTS: Spectrum matches (similarity=0.99), but primary has only 1 report.","{'Cr': 0.0501, 'Fe': 0.0404, 'Mn': 0.005, 'P': 0.01, 'Si': -0.1053}"
SEC_020,Armature Spring,ARMATURE_SPRING,Armature Spring,0.4949,NO,"['Cr', 'Fe', 'Si']",['Mn'],1,1,REJECT,3,"LOW_SPECTRUM_SIMILARITY: similarity=0.49, contradicting=['Mn'].","{'Al': 0.3724, 'Cr': 0.2084, 'Fe': -0.4846, 'Mn': -0.7049, 'Si': 0.6087}"
SEC_021,Armature Spring,ARMATURE_SPRING,Armature Spring,0.9855,YES,"['Cr', 'Fe', 'Mn', 'Si']",[],1,1,REVIEW,3,"INSUFFICIENT_REFERENCE_REPORTS: Spectrum matches (similarity=0.99), but primary has only 1 report.","{'Cr': 0.0499, 'Fe': 0.021, 'Mn': 0.0048, 'P': 0.01, 'S': 0.02, 'Si': -0.1056}"
SEC_022,Back Flow Tube,BACK_FLOW_TUBE,Back Flow Tube,0.0,NO,[],[],0,0,REVIEW,3,INSUFFICIENT_PRIMARY_SPECTRA: Primary validated dataset has 0 spectrum-bearing records for this component; cannot verify spectrum similarity.,{}
SEC_023,Back Flow Tube,BACK_FLOW_TUBE,Back Flow Tube,0.0,NO,[],[],0,0,REVIEW,3,INSUFFICIENT_PRIMARY_SPECTRA: Primary validated dataset has 0 spectrum-bearing records for this component; cannot verify spectrum similarity.,{}
SEC_024,Back Flow Tube,BACK_FLOW_TUBE,Back Flow Tube,0.0,NO,[],[],0,0,REVIEW,3,INSUFFICIENT_PRIMARY_SPECTRA: Primary validated dataset has 0 spectrum-bearing records for this component; cannot verify spectrum similarity.,{}
SEC_025,Back Flow Tube,BACK_FLOW_TUBE,Back Flow Tube,0.0,NO,[],[],0,0,REVIEW,3,INSUFFICIENT_PRIMARY_SPECTRA: Primary validated dataset has 0 spectrum-bearing records for this component; cannot verify spectrum similarity.,{}
SEC_026,Ball Guide,,,0.0,NO,[],[],0,0,EXCLUDED,3,NO_PRIMARY_COUNTERPART: Component is not part of the validated internal-source target vocabulary.,{}
SEC_027,Ball Guide,,,0.0,NO,[],[],0,0,EXCLUDED,3,NO_PRIMARY_COUNTERPART: Component is not part of the validated internal-source target vocabulary.,{}
SEC_028,Ball Guide,,,0.0,NO,[],[],0,0,EXCLUDED,3,NO_PRIMARY_COUNTERPART: Component is not part of the validated internal-source target vocabulary.,{}
SEC_029,Ball Guide,,,0.0,NO,[],[],0,0,EXCLUDED,3,NO_PRIMARY_COUNTERPART: Component is not part of the validated internal-source target vocabulary.,{}
SEC_030,Ball Guide,,,0.0,NO,[],[],0,0,EXCLUDED,3,NO_PRIMARY_COUNTERPART: Component is not part of the validated internal-source target vocabulary.,{}
SEC_031,Clamping Saddle,CLAMPING_SADDLE,Clamping Saddle,0.0,NO,[],[],0,0,REVIEW,3,INSUFFICIENT_PRIMARY_SPECTRA: Primary validated dataset has 0 spectrum-bearing records for this component; cannot verify spectrum similarity.,{}
SEC_032,Clamping Saddle,CLAMPING_SADDLE,Clamping Saddle,0.0,NO,[],[],0,0,REVIEW,3,INSUFFICIENT_PRIMARY_SPECTRA: Primary validated dataset has 0 spectrum-bearing records for this component; cannot verify spectrum similarity.,{}
SEC_033,Clamping Saddle,CLAMPING_SADDLE,Clamping Saddle,0.0,NO,[],[],0,0,REVIEW,3,INSUFFICIENT_PRIMARY_SPECTRA: Primary validated dataset has 0 spectrum-bearing records for this component; cannot verify spectrum similarity.,{}
SEC_034,Clamping Saddle,CLAMPING_SADDLE,Clamping Saddle,0.0,NO,[],[],0,0,REVIEW,3,INSUFFICIENT_PRIMARY_SPECTRA: Primary validated dataset has 0 spectrum-bearing records for this component; cannot verify spectrum similarity.,{}
SEC_035,Clamping Saddle,CLAMPING_SADDLE,Clamping Saddle,0.0,NO,[],[],0,0,REVIEW,3,INSUFFICIENT_PRIMARY_SPECTRA: Primary validated dataset has 0 spectrum-bearing records for this component; cannot verify spectrum similarity.,{}
SEC_036,Clamping Saddle,CLAMPING_SADDLE,Clamping Saddle,0.0,NO,[],[],0,0,REVIEW,3,INSUFFICIENT_PRIMARY_SPECTRA: Primary validated dataset has 0 spectrum-bearing records for this component; cannot verify spectrum similarity.,{}
SEC_037,C Shim,SHIM,Shim,0.3515,NO,['Fe'],"['Cr', 'Mn']",1,1,REJECT,3,"SPECTRUM_MISMATCH: Contradicting elements ['Cr', 'Mn'] (similarity=0.35).","{'Cr': 1.7784, 'Fe': -1.3062, 'Mn': -0.7458, 'Si': 0.2736}"
SEC_038,C Shim,SHIM,Shim,0.351,NO,['Fe'],"['Cr', 'Mn']",1,1,REJECT,3,"SPECTRUM_MISMATCH: Contradicting elements ['Cr', 'Mn'] (similarity=0.35).","{'Cr': 1.6576, 'Fe': -1.1203, 'Mn': -0.852, 'Si': 0.3147}"
SEC_039,DFK Shim,SHIM,Shim,0.4286,NO,"['Fe', 'Mn']",['Al'],1,1,REJECT,3,"LOW_SPECTRUM_SIMILARITY: similarity=0.43, contradicting=['Al'].","{'Al': 0.6122, 'Cr': 0.3628, 'Fe': -0.8393, 'Mn': -0.6006, 'Si': 0.4649}"
SEC_040,DFK Shim,SHIM,Shim,0.4908,NO,"['Fe', 'Mn']",['Al'],1,1,REJECT,3,"LOW_SPECTRUM_SIMILARITY: similarity=0.49, contradicting=['Al'].","{'Al': 0.5482, 'Cr': 0.4028, 'Fe': -0.9584, 'Mn': -0.4737, 'Si': 0.4811}"
SEC_041,DFK Shim,SHIM,Shim,0.4116,NO,"['Fe', 'Mn']","['Al', 'Si']",1,1,REJECT,3,"LOW_SPECTRUM_SIMILARITY: similarity=0.41, contradicting=['Al', 'Si'].","{'Al': 0.6725, 'Cr': 0.4339, 'Fe': -1.1, 'Mn': -0.5596, 'Si': 0.5532}"
SEC_042,DFK Shim,SHIM,Shim,0.4636,NO,"['Fe', 'Mn']",['Al'],1,1,REJECT,3,"LOW_SPECTRUM_SIMILARITY: similarity=0.46, contradicting=['Al'].","{'Al': 0.6352, 'Cr': 0.3122, 'Fe': -1.0184, 'Mn': -0.4242, 'Si': 0.4952}"
SEC_043,DFK Shim,SHIM,Shim,0.6941,NO,"['Fe', 'Mn']",[],1,1,REVIEW,3,"BORDERLINE_SIMILARITY: Partial match (similarity=0.69, contradicting=[]).","{'Cr': 0.4005, 'Fe': -0.4674, 'Mn': -0.3985, 'Si': 0.4654}"
SEC_044,Dowel Pin,,,0.0,NO,[],[],0,0,EXCLUDED,3,NO_PRIMARY_COUNTERPART: Component is not part of the validated internal-source target vocabulary.,{}
SEC_045,Dowel Pin,,,0.0,NO,[],[],0,0,EXCLUDED,3,NO_PRIMARY_COUNTERPART: Component is not part of the validated internal-source target vocabulary.,{}
SEC_046,Dowel Pin,,,0.0,NO,[],[],0,0,EXCLUDED,3,NO_PRIMARY_COUNTERPART: Component is not part of the validated internal-source target vocabulary.,{}
SEC_047,Guide Bush,BUSHING,Bushing,0.9631,YES,"['Fe', 'Mn']",[],2,2,REVIEW,3,"COMPATIBLE_MULTI_CANDIDATE_REF: Spectrum matches primary multi-candidate pool (similarity=0.96), requires reviewer sign-off because primary has 0 single-candidate anchor records.","{'Fe': -0.3497, 'Mn': 0.1204, 'S': 0.2293}"
SEC_048,Guide Bush,BUSHING,Bushing,0.9071,YES,"['Fe', 'Mn']",[],2,2,REVIEW,3,"COMPATIBLE_MULTI_CANDIDATE_REF: Spectrum matches primary multi-candidate pool (similarity=0.91), requires reviewer sign-off because primary has 0 single-candidate anchor records.","{'Fe': -0.4569, 'Mn': 0.1959, 'S': 0.2611}"
SEC_049,Guide Bush,BUSHING,Bushing,0.9474,YES,"['Fe', 'Mn']",[],2,2,REVIEW,3,"COMPATIBLE_MULTI_CANDIDATE_REF: Spectrum matches primary multi-candidate pool (similarity=0.95), requires reviewer sign-off because primary has 0 single-candidate anchor records.","{'Fe': -0.5828, 'Mn': 0.1441, 'S': 0.2298, 'Si': 0.2089}"
SEC_050,Guide Bush,BUSHING,Bushing,0.9885,YES,"['Fe', 'Mn']",[],2,2,REVIEW,3,"COMPATIBLE_MULTI_CANDIDATE_REF: Spectrum matches primary multi-candidate pool (similarity=0.99), requires reviewer sign-off because primary has 0 single-candidate anchor records.","{'Fe': -0.261, 'Mn': 0.0664, 'S': 0.1946}"
SEC_051,HP Sealing,SEALING_RING,Sealing Ring,0.0,NO,[],[],0,0,REVIEW,3,INSUFFICIENT_PRIMARY_SPECTRA: Primary validated dataset has 0 spectrum-bearing records for this component; cannot verify spectrum similarity.,{}
SEC_052,HP Sealing,SEALING_RING,Sealing Ring,0.0,NO,[],[],0,0,REVIEW,3,INSUFFICIENT_PRIMARY_SPECTRA: Primary validated dataset has 0 spectrum-bearing records for this component; cannot verify spectrum similarity.,{}
SEC_053,IC Stud,IC_STUD,IC Stud,0.12,NO,['Fe'],"['Zn', 'P']",14,7,REJECT,3,"SITE_MISMATCH_COATING_VS_BULK: Secondary spectrum is a Zn-phosphate coating spot (Zn+P=15.6%), whereas primary validated reference is bulk steel.","{'Zn': 10.702, 'Cr': 0.1, 'Si': 0.159, 'P': 4.93, 'Al': -0.483, 'Fe': -16.227, 'Mn': 0.426}"
SEC_054,IC Stud,IC_STUD,IC Stud,0.12,NO,['Fe'],"['Zn', 'P']",14,7,REJECT,3,"SITE_MISMATCH_COATING_VS_BULK: Secondary spectrum is a Zn-phosphate coating spot (Zn+P=24.9%), whereas primary validated reference is bulk steel.","{'Zn': 17.01, 'Cr': 0.093, 'Si': -0.355, 'P': 7.854, 'Al': -0.483, 'Fe': -25.337, 'Mn': 0.825}"
SEC_055,IC Stud,IC_STUD,IC Stud,0.12,NO,['Fe'],"['Zn', 'P']",14,7,REJECT,3,"SITE_MISMATCH_COATING_VS_BULK: Secondary spectrum is a Zn-phosphate coating spot (Zn+P=27.9%), whereas primary validated reference is bulk steel.","{'Zn': 19.45, 'Cr': 0.113, 'Si': -0.355, 'P': 8.432, 'Al': -0.483, 'Fe': -27.925, 'Mn': 0.375}"
SEC_056,IC Stud,IC_STUD,IC Stud,0.12,NO,['Fe'],"['Zn', 'P']",14,7,REJECT,3,"SITE_MISMATCH_COATING_VS_BULK: Secondary spectrum is a Zn-phosphate coating spot (Zn+P=25.3%), whereas primary validated reference is bulk steel.","{'Zn': 18.083, 'Cr': 0.248, 'Si': -0.355, 'P': 7.233, 'Al': -0.483, 'Fe': -26.468, 'Mn': 1.35}"
SEC_057,Locking Sleeve,MAGNET_SLEEVE,Magnet Sleeve,0.0,NO,[],[],0,0,REVIEW,3,INSUFFICIENT_PRIMARY_SPECTRA: Primary validated dataset has 0 spectrum-bearing records for this component; cannot verify spectrum similarity.,{}
SEC_058,Locking Sleeve,MAGNET_SLEEVE,Magnet Sleeve,0.0,NO,[],[],0,0,REVIEW,3,INSUFFICIENT_PRIMARY_SPECTRA: Primary validated dataset has 0 spectrum-bearing records for this component; cannot verify spectrum similarity.,{}
SEC_059,Locking Sleeve,MAGNET_SLEEVE,Magnet Sleeve,0.0,NO,[],[],0,0,REVIEW,3,INSUFFICIENT_PRIMARY_SPECTRA: Primary validated dataset has 0 spectrum-bearing records for this component; cannot verify spectrum similarity.,{}
SEC_060,Locking Sleeve,MAGNET_SLEEVE,Magnet Sleeve,0.0,NO,[],[],0,0,REVIEW,3,INSUFFICIENT_PRIMARY_SPECTRA: Primary validated dataset has 0 spectrum-bearing records for this component; cannot verify spectrum similarity.,{}
SEC_061,Locking Sleeve,MAGNET_SLEEVE,Magnet Sleeve,0.0,NO,[],[],0,0,REVIEW,3,INSUFFICIENT_PRIMARY_SPECTRA: Primary validated dataset has 0 spectrum-bearing records for this component; cannot verify spectrum similarity.,{}
SEC_062,Locking Sleeve,MAGNET_SLEEVE,Magnet Sleeve,0.0,NO,[],[],0,0,REVIEW,3,INSUFFICIENT_PRIMARY_SPECTRA: Primary validated dataset has 0 spectrum-bearing records for this component; cannot verify spectrum similarity.,{}
SEC_063,Magnet Coil,,,0.0,NO,[],[],0,0,EXCLUDED,3,NO_PRIMARY_COUNTERPART: Component is not part of the validated internal-source target vocabulary.,{}
SEC_064,Magnet Coil,,,0.0,NO,[],[],0,0,EXCLUDED,3,NO_PRIMARY_COUNTERPART: Component is not part of the validated internal-source target vocabulary.,{}
SEC_065,Magnet Coil,,,0.0,NO,[],[],0,0,EXCLUDED,3,NO_PRIMARY_COUNTERPART: Component is not part of the validated internal-source target vocabulary.,{}
SEC_066,Magnet Coil,,,0.0,NO,[],[],0,0,EXCLUDED,3,NO_PRIMARY_COUNTERPART: Component is not part of the validated internal-source target vocabulary.,{}
SEC_067,Magnet Core,MAGNET_CORE,Magnet Core,1.0,YES,['Fe'],[],43,15,ACCEPT,2,"VALIDATED_COMPATIBLE: Spectrum matches primary reference across ['Fe'] (similarity=1.00, n_reports=15).","{'Cr': -0.1996, 'Fe': 0.0, 'S': -0.3579, 'Si': -0.2298}"
SEC_068,Magnet Core,MAGNET_CORE,Magnet Core,1.0,YES,['Fe'],[],43,15,ACCEPT,2,"VALIDATED_COMPATIBLE: Spectrum matches primary reference across ['Fe'] (similarity=1.00, n_reports=15).","{'Cr': -0.1996, 'Fe': 0.0, 'S': -0.3579, 'Si': -0.2298}"
SEC_069,Magnet Core,MAGNET_CORE,Magnet Core,1.0,YES,['Fe'],[],43,15,ACCEPT,2,"VALIDATED_COMPATIBLE: Spectrum matches primary reference across ['Fe'] (similarity=1.00, n_reports=15).","{'Cr': -0.1996, 'Fe': 0.0, 'S': -0.3579, 'Si': -0.2298}"
SEC_070,Magnet Core,MAGNET_CORE,Magnet Core,1.0,YES,['Fe'],[],43,15,ACCEPT,2,"VALIDATED_COMPATIBLE: Spectrum matches primary reference across ['Fe'] (similarity=1.00, n_reports=15).","{'Cr': -0.1996, 'Fe': 0.0, 'S': -0.3579, 'Si': -0.2298}"
SEC_071,Magnet housing,,,0.0,NO,[],[],0,0,EXCLUDED,3,NO_PRIMARY_COUNTERPART: Component is not part of the validated internal-source target vocabulary.,{}
SEC_072,Magnet housing,,,0.0,NO,[],[],0,0,EXCLUDED,3,NO_PRIMARY_COUNTERPART: Component is not part of the validated internal-source target vocabulary.,{}
SEC_073,Magnet housing,,,0.0,NO,[],[],0,0,EXCLUDED,3,NO_PRIMARY_COUNTERPART: Component is not part of the validated internal-source target vocabulary.,{}
SEC_074,Magnet housing,,,0.0,NO,[],[],0,0,EXCLUDED,3,NO_PRIMARY_COUNTERPART: Component is not part of the validated internal-source target vocabulary.,{}
SEC_075,Nozzle Spring,NOZZLE_SPRING,Nozzle Spring,0.6529,NO,"['Cr', 'Fe', 'Mn', 'Si']",[],1,1,REVIEW,3,"BORDERLINE_SIMILARITY: Partial match (similarity=0.65, contradicting=[]).","{'Cr': 0.0688, 'Fe': -0.3611, 'Mn': -0.3099, 'Si': 0.6022}"
SEC_076,Nozzle Spring,NOZZLE_SPRING,Nozzle Spring,0.6529,NO,"['Cr', 'Fe', 'Mn', 'Si']",[],1,1,REVIEW,3,"BORDERLINE_SIMILARITY: Partial match (similarity=0.65, contradicting=[]).","{'Cr': 0.0688, 'Fe': -0.3611, 'Mn': -0.3099, 'Si': 0.6022}"
SEC_077,Nozzle Spring,NOZZLE_SPRING,Nozzle Spring,0.6075,NO,"['Cr', 'Fe', 'Si']",['Mn'],1,1,REVIEW,3,"BORDERLINE_SIMILARITY: Partial match (similarity=0.61, contradicting=['Mn']).","{'Cr': 0.2391, 'Fe': 0.3767, 'Mn': -0.7049, 'Si': 0.0892}"
SEC_078,Nozzle Spring,NOZZLE_SPRING,Nozzle Spring,0.899,YES,"['Cr', 'Fe', 'Mn', 'Si']",[],1,1,REVIEW,3,"INSUFFICIENT_REFERENCE_REPORTS: Spectrum matches (similarity=0.90), but primary has only 1 report.","{'Cr': 0.2327, 'Fe': 0.0449, 'Mn': -0.0685, 'Si': -0.209}"
SEC_079,NR Nut,NR_NUT,NR Nut,0.12,NO,['Fe'],"['Zn', 'P']",3,2,REJECT,3,"SITE_MISMATCH_COATING_VS_BULK: Secondary spectrum is a Zn-phosphate coating spot (Zn+P=26.2%), whereas primary validated reference is bulk steel.","{'Mn': -0.129, 'Zn': 17.231, 'Si': -0.024, 'P': 8.963, 'Fe': -26.046}"
SEC_080,NR Nut,NR_NUT,NR Nut,0.12,NO,['Fe'],"['Zn', 'P']",3,2,REJECT,3,"SITE_MISMATCH_COATING_VS_BULK: Secondary spectrum is a Zn-phosphate coating spot (Zn+P=28.7%), whereas primary validated reference is bulk steel.","{'Mn': -0.101, 'Zn': 19.12, 'Si': -0.099, 'P': 9.56, 'Fe': -28.486}"
SEC_081,NR Nut,NR_NUT,NR Nut,0.12,NO,['Fe'],"['Zn', 'P']",3,2,REJECT,3,"SITE_MISMATCH_COATING_VS_BULK: Secondary spectrum is a Zn-phosphate coating spot (Zn+P=26.4%), whereas primary validated reference is bulk steel.","{'Zn': 17.313, 'Si': 0.055, 'P': 9.064, 'Fe': -26.505, 'S': 0.176, 'Mn': -0.109}"
SEC_082,NR Nut,NR_NUT,NR Nut,0.12,NO,['Fe'],"['Zn', 'P']",3,2,REJECT,3,"SITE_MISMATCH_COATING_VS_BULK: Secondary spectrum is a Zn-phosphate coating spot (Zn+P=25.4%), whereas primary validated reference is bulk steel.","{'Zn': 25.446, 'Mn': 0.206, 'Si': -0.131, 'Fe': -25.527}"
SEC_083,NR Nut,NR_NUT,NR Nut,0.12,NO,['Fe'],"['Zn', 'P']",3,2,REJECT,3,"SITE_MISMATCH_COATING_VS_BULK: Secondary spectrum is a Zn-phosphate coating spot (Zn+P=47.2%), whereas primary validated reference is bulk steel.","{'Mn': -0.25, 'Zn': 30.695, 'Si': -0.116, 'P': 16.505, 'Fe': -46.838}"
SEC_084,NR Nut,NR_NUT,NR Nut,0.12,NO,['Fe'],"['Zn', 'P']",3,2,REJECT,3,"SITE_MISMATCH_COATING_VS_BULK: Secondary spectrum is a Zn-phosphate coating spot (Zn+P=34.9%), whereas primary validated reference is bulk steel.","{'Mn': -0.126, 'Zn': 24.145, 'Si': -0.094, 'P': 10.786, 'Fe': -34.716}"
SEC_085,Pille,,,0.0,NO,[],[],0,0,EXCLUDED,3,NO_PRIMARY_COUNTERPART: Component is not part of the validated internal-source target vocabulary.,{}
SEC_086,Pille,,,0.0,NO,[],[],0,0,EXCLUDED,3,NO_PRIMARY_COUNTERPART: Component is not part of the validated internal-source target vocabulary.,{}
SEC_087,Pille,,,0.0,NO,[],[],0,0,EXCLUDED,3,NO_PRIMARY_COUNTERPART: Component is not part of the validated internal-source target vocabulary.,{}
SEC_088,RLS Shim,SHIM,Shim,0.4207,NO,"['Fe', 'Mn']",['Al'],1,1,REJECT,3,"LOW_SPECTRUM_SIMILARITY: similarity=0.42, contradicting=['Al'].","{'Al': 0.7437, 'Cr': 0.3457, 'Fe': -1.0434, 'Mn': -0.423, 'Si': 0.3771}"
SEC_089,RLS Shim,SHIM,Shim,0.7331,NO,"['Fe', 'Mn']",[],1,1,REVIEW,3,"BORDERLINE_SIMILARITY: Partial match (similarity=0.73, contradicting=[]).","{'Cr': 0.2921, 'Fe': -0.4156, 'Mn': -0.3633, 'Si': 0.4869}"
SEC_090,RLS Shim,SHIM,Shim,0.6168,NO,"['Fe', 'Mn']",[],1,1,REVIEW,3,"BORDERLINE_SIMILARITY: Partial match (similarity=0.62, contradicting=[]).","{'Cr': 0.3054, 'Fe': -0.0863, 'Mn': -0.4718, 'Si': 0.2527}"
SEC_091,RLS Shim,SHIM,Shim,0.6078,NO,"['Fe', 'Mn']",[],1,1,REVIEW,3,"BORDERLINE_SIMILARITY: Partial match (similarity=0.61, contradicting=[]).","{'Cr': 0.3107, 'Fe': -0.1541, 'Mn': -0.4808, 'Si': 0.3242}"
SEC_092,RLS Shim,SHIM,Shim,0.4328,NO,"['Fe', 'Mn']",['Al'],1,1,REJECT,3,"LOW_SPECTRUM_SIMILARITY: similarity=0.43, contradicting=['Al'].","{'Al': 0.6713, 'Cr': 0.2517, 'Fe': -0.8472, 'Mn': -0.4954, 'Si': 0.4196}"
SEC_093,RLS Shim,SHIM,Shim,0.4766,NO,"['Fe', 'Mn']",['Al'],1,1,REJECT,3,"LOW_SPECTRUM_SIMILARITY: similarity=0.48, contradicting=['Al'].","{'Al': 0.5559, 'Cr': 0.2203, 'Fe': -0.6898, 'Mn': -0.5059, 'Si': 0.4196}"
SEC_094,Support Sealing,SEALING_RING,Sealing Ring,0.0,NO,[],[],0,0,REVIEW,3,INSUFFICIENT_PRIMARY_SPECTRA: Primary validated dataset has 0 spectrum-bearing records for this component; cannot verify spectrum similarity.,{}
SEC_095,Support Sealing,SEALING_RING,Sealing Ring,0.0,NO,[],[],0,0,REVIEW,3,INSUFFICIENT_PRIMARY_SPECTRA: Primary validated dataset has 0 spectrum-bearing records for this component; cannot verify spectrum similarity.,{}
SEC_096,Support Sealing,SEALING_RING,Sealing Ring,0.0,NO,[],[],0,0,REVIEW,3,INSUFFICIENT_PRIMARY_SPECTRA: Primary validated dataset has 0 spectrum-bearing records for this component; cannot verify spectrum similarity.,{}
SEC_097,Support Sealing,SEALING_RING,Sealing Ring,0.0,NO,[],[],0,0,REVIEW,3,INSUFFICIENT_PRIMARY_SPECTRA: Primary validated dataset has 0 spectrum-bearing records for this component; cannot verify spectrum similarity.,{}
SEC_098,Valve Nut,NOZZLE_NUT,Nozzle Nut,0.0,NO,[],[],0,0,REVIEW,3,INSUFFICIENT_PRIMARY_SPECTRA: Primary validated dataset has 0 spectrum-bearing records for this component; cannot verify spectrum similarity.,{}
SEC_099,Valve Nut,NOZZLE_NUT,Nozzle Nut,0.0,NO,[],[],0,0,REVIEW,3,INSUFFICIENT_PRIMARY_SPECTRA: Primary validated dataset has 0 spectrum-bearing records for this component; cannot verify spectrum similarity.,{}
SEC_100,Valve Nut,NOZZLE_NUT,Nozzle Nut,0.0,NO,[],[],0,0,REVIEW,3,INSUFFICIENT_PRIMARY_SPECTRA: Primary validated dataset has 0 spectrum-bearing records for this component; cannot verify spectrum similarity.,{}
SEC_101,Valve Nut,NOZZLE_NUT,Nozzle Nut,0.0,NO,[],[],0,0,REVIEW,3,INSUFFICIENT_PRIMARY_SPECTRA: Primary validated dataset has 0 spectrum-bearing records for this component; cannot verify spectrum similarity.,{}
SEC_102,Valve Piece,VALVE_PIECE,Valve Piece,0.9472,YES,"['Cr', 'Fe', 'Mn', 'Si']",[],1,1,REVIEW,3,"INSUFFICIENT_REFERENCE_REPORTS: Spectrum matches (similarity=0.95), but primary has only 1 report.","{'Cr': 0.094, 'Fe': -0.3801, 'Mn': 0.116, 'Si': 0.1702}"
SEC_103,Valve Piece,VALVE_PIECE,Valve Piece,0.9732,YES,"['Cr', 'Fe', 'Mn', 'Si']",[],1,1,REVIEW,3,"INSUFFICIENT_REFERENCE_REPORTS: Spectrum matches (similarity=0.97), but primary has only 1 report.","{'Cr': 0.0752, 'Fe': -0.2372, 'Mn': 0.0233, 'Si': 0.1388}"
SEC_104,Valve Piece,VALVE_PIECE,Valve Piece,0.8509,YES,"['Cr', 'Fe', 'Mn', 'Si']",[],1,1,REVIEW,3,"INSUFFICIENT_REFERENCE_REPORTS: Spectrum matches (similarity=0.85), but primary has only 1 report.","{'Cr': 0.2464, 'Fe': -0.1052, 'Mn': -0.2798, 'Si': 0.1387}"
SEC_105,Valve Piece,VALVE_PIECE,Valve Piece,0.8244,YES,"['Cr', 'Fe', 'Mn', 'Si']",[],1,1,REVIEW,3,"INSUFFICIENT_REFERENCE_REPORTS: Spectrum matches (similarity=0.82), but primary has only 1 report.","{'Cr': 0.1696, 'Fe': 0.4001, 'Mn': -0.2798, 'Si': -0.2898}"
SEC_106,Valve Piece,VALVE_PIECE,Valve Piece,0.9381,YES,"['Cr', 'Fe', 'Mn', 'Si']",[],1,1,REVIEW,3,"INSUFFICIENT_REFERENCE_REPORTS: Spectrum matches (similarity=0.94), but primary has only 1 report.","{'Cr': -0.0126, 'Fe': -0.2562, 'Mn': 0.2455, 'S': 0.0404, 'Si': -0.017}"
SEC_107,Valve Piece,VALVE_PIECE,Valve Piece,0.8704,YES,"['Cr', 'Fe', 'Mn', 'Si']",[],1,1,REVIEW,3,"INSUFFICIENT_REFERENCE_REPORTS: Spectrum matches (similarity=0.87), but primary has only 1 report.","{'Al': 0.1803, 'Cr': 0.2274, 'Fe': -0.1985, 'Mn': -0.2798, 'Si': 0.0708}"
SEC_108,Valve Piston,VALVE_PISTON,Valve Piston,0.0,NO,[],[],0,0,REVIEW,3,INSUFFICIENT_PRIMARY_SPECTRA: Primary validated dataset has 0 spectrum-bearing records for this component; cannot verify spectrum similarity.,{}
SEC_109,Valve Piston,VALVE_PISTON,Valve Piston,0.0,NO,[],[],0,0,REVIEW,3,INSUFFICIENT_PRIMARY_SPECTRA: Primary validated dataset has 0 spectrum-bearing records for this component; cannot verify spectrum similarity.,{}
SEC_110,Valve Piston,VALVE_PISTON,Valve Piston,0.0,NO,[],[],0,0,REVIEW,3,INSUFFICIENT_PRIMARY_SPECTRA: Primary validated dataset has 0 spectrum-bearing records for this component; cannot verify spectrum similarity.,{}
SEC_111,Valve Piston,VALVE_PISTON,Valve Piston,0.0,NO,[],[],0,0,REVIEW,3,INSUFFICIENT_PRIMARY_SPECTRA: Primary validated dataset has 0 spectrum-bearing records for this component; cannot verify spectrum similarity.,{}
SEC_112,Valve Spring,VALVE_SPRING,Valve Spring,0.0,NO,[],[],0,0,REVIEW,3,INSUFFICIENT_PRIMARY_SPECTRA: Primary validated dataset has 0 spectrum-bearing records for this component; cannot verify spectrum similarity.,{}
SEC_113,Valve Spring,VALVE_SPRING,Valve Spring,0.0,NO,[],[],0,0,REVIEW,3,INSUFFICIENT_PRIMARY_SPECTRA: Primary validated dataset has 0 spectrum-bearing records for this component; cannot verify spectrum similarity.,{}
SEC_114,Valve Spring,VALVE_SPRING,Valve Spring,0.0,NO,[],[],0,0,REVIEW,3,INSUFFICIENT_PRIMARY_SPECTRA: Primary validated dataset has 0 spectrum-bearing records for this component; cannot verify spectrum similarity.,{}
SEC_115,Valve Spring,VALVE_SPRING,Valve Spring,0.0,NO,[],[],0,0,REVIEW,3,INSUFFICIENT_PRIMARY_SPECTRA: Primary validated dataset has 0 spectrum-bearing records for this component; cannot verify spectrum similarity.,{}
SEC_116,Valve Spring,VALVE_SPRING,Valve Spring,0.0,NO,[],[],0,0,REVIEW,3,INSUFFICIENT_PRIMARY_SPECTRA: Primary validated dataset has 0 spectrum-bearing records for this component; cannot verify spectrum similarity.,{}
SEC_117,VFK Shim,SHIM,Shim,0.5079,NO,"['Fe', 'Mn']",['Al'],1,1,REJECT,3,"LOW_SPECTRUM_SIMILARITY: similarity=0.51, contradicting=['Al'].","{'Al': 0.5155, 'Cr': 0.242, 'Fe': -0.7163, 'Mn': -0.4724, 'Si': 0.4313}"
SEC_118,VFK Shim,SHIM,Shim,0.5042,NO,"['Fe', 'Mn']",[],1,1,REJECT,3,"LOW_SPECTRUM_SIMILARITY: similarity=0.50, contradicting=[].","{'Al': 0.3571, 'Cr': 0.2731, 'Fe': -0.4403, 'Mn': -0.5995, 'Si': 0.4096}"
SEC_119,VFK Shim,SHIM,Shim,0.7143,NO,"['Fe', 'Mn']",[],1,1,REVIEW,3,"BORDERLINE_SIMILARITY: Partial match (similarity=0.71, contradicting=[]).","{'Cr': 0.2858, 'Fe': -0.2015, 'Mn': -0.3804, 'Si': 0.296}"
SEC_120,VFK Shim,SHIM,Shim,0.7437,NO,"['Fe', 'Mn']",[],1,1,REVIEW,3,"BORDERLINE_SIMILARITY: Partial match (similarity=0.74, contradicting=[]).","{'Cr': 0.264, 'Fe': -0.1943, 'Mn': -0.354, 'Si': 0.2843}"
SEC_121,Armature Shim,SHIM,Shim,0.5307,NO,"['Fe', 'Mn']",[],1,1,REJECT,3,"LOW_SPECTRUM_SIMILARITY: similarity=0.53, contradicting=[].","{'Cr': 0.4276, 'Fe': 0.1381, 'Mn': -0.5657}"
SEC_122,Armature Shim,SHIM,Shim,0.6387,NO,"['Fe', 'Mn']",[],1,1,REVIEW,3,"BORDERLINE_SIMILARITY: Partial match (similarity=0.64, contradicting=[]).","{'Cr': 0.3785, 'Fe': 0.0719, 'Mn': -0.4504}"
SEC_123,Armature Shim,SHIM,Shim,0.7447,NO,"['Fe', 'Mn']",[],1,1,REVIEW,3,"BORDERLINE_SIMILARITY: Partial match (similarity=0.74, contradicting=[]).","{'Al': 0.4535, 'Cr': 0.3814, 'Fe': -0.8434, 'Mn': -0.3522, 'Si': 0.3608}"
SEC_124,Armature Shim,SHIM,Shim,0.6262,NO,"['Fe', 'Mn']",[],1,1,REVIEW,3,"BORDERLINE_SIMILARITY: Partial match (similarity=0.63, contradicting=[]).","{'Al': 0.3062, 'Cr': 0.3368, 'Fe': -0.6299, 'Mn': -0.4622, 'Si': 0.4491}"
SEC_125,Blade Terminal,,,0.0,NO,[],[],0,0,EXCLUDED,3,NO_PRIMARY_COUNTERPART: Component is not part of the validated internal-source target vocabulary.,{}
SEC_126,Blade Terminal,,,0.0,NO,[],[],0,0,EXCLUDED,3,NO_PRIMARY_COUNTERPART: Component is not part of the validated internal-source target vocabulary.,{}
SEC_127,Blade Terminal,,,0.0,NO,[],[],0,0,EXCLUDED,3,NO_PRIMARY_COUNTERPART: Component is not part of the validated internal-source target vocabulary.,{}
SEC_128,Blade Terminal,,,0.0,NO,[],[],0,0,EXCLUDED,3,NO_PRIMARY_COUNTERPART: Component is not part of the validated internal-source target vocabulary.,{}
SEC_129,CRI Injector Body,INJECTOR_BODY,Injector Body,0.8658,YES,"['Cr', 'Fe', 'Mn', 'Si']",[],8,4,REVIEW,3,"COMPATIBLE_MULTI_CANDIDATE_REF: Spectrum matches primary multi-candidate pool (similarity=0.87), requires reviewer sign-off because primary has 0 single-candidate anchor records.","{'Al': -0.4832, 'Cr': 0.1273, 'Fe': 0.1633, 'Mn': -0.1301, 'Pb': 0.1846, 'Si': -0.3275}"
SEC_130,CRI Injector Body,INJECTOR_BODY,Injector Body,0.9922,YES,"['Cr', 'Fe', 'Mn', 'Si']",[],8,4,REVIEW,3,"COMPATIBLE_MULTI_CANDIDATE_REF: Spectrum matches primary multi-candidate pool (similarity=0.99), requires reviewer sign-off because primary has 0 single-candidate anchor records.","{'Al': -0.4832, 'Cr': 0.0754, 'Fe': -0.3552, 'Mn': 0.0215, 'Pb': 0.3068, 'Si': -0.0309}"
SEC_131,CRI Injector Body,INJECTOR_BODY,Injector Body,0.9911,YES,"['Cr', 'Fe', 'Mn', 'Si']",[],8,4,REVIEW,3,"COMPATIBLE_MULTI_CANDIDATE_REF: Spectrum matches primary multi-candidate pool (similarity=0.99), requires reviewer sign-off because primary has 0 single-candidate anchor records.","{'Al': -0.4832, 'Cr': 0.0554, 'Fe': -0.0716, 'Mn': 0.0129, 'Pb': 0.0922, 'Si': -0.0713}"
SEC_132,CRI Injector Body,INJECTOR_BODY,Injector Body,0.9736,YES,"['Cr', 'Fe', 'Mn', 'Si']",[],8,4,REVIEW,3,"COMPATIBLE_MULTI_CANDIDATE_REF: Spectrum matches primary multi-candidate pool (similarity=0.97), requires reviewer sign-off because primary has 0 single-candidate anchor records.","{'Al': -0.4832, 'Cr': 0.1572, 'Fe': -0.427, 'Mn': 0.0011, 'Pb': 0.2966, 'Si': -0.0104}"
SEC_133,CRI Injector Body,INJECTOR_BODY,Injector Body,0.8657,YES,"['Cr', 'Fe', 'Mn', 'Si']",[],8,4,REVIEW,3,"COMPATIBLE_MULTI_CANDIDATE_REF: Spectrum matches primary multi-candidate pool (similarity=0.87), requires reviewer sign-off because primary has 0 single-candidate anchor records.","{'Al': -0.4832, 'Cr': 0.1299, 'Fe': 0.1629, 'Mn': -0.1277, 'Pb': 0.18, 'Si': -0.3275}"
SEC_134,CRI Injector Body,INJECTOR_BODY,Injector Body,0.9915,YES,"['Cr', 'Fe', 'Mn', 'Si']",[],8,4,REVIEW,3,"COMPATIBLE_MULTI_CANDIDATE_REF: Spectrum matches primary multi-candidate pool (similarity=0.99), requires reviewer sign-off because primary has 0 single-candidate anchor records.","{'Al': -0.4832, 'Cr': 0.0801, 'Fe': -0.3683, 'Mn': 0.0229, 'Pb': 0.3102, 'Si': -0.0273}"
SEC_135,CRI Injector Body,INJECTOR_BODY,Injector Body,0.9908,YES,"['Cr', 'Fe', 'Mn', 'Si']",[],8,4,REVIEW,3,"COMPATIBLE_MULTI_CANDIDATE_REF: Spectrum matches primary multi-candidate pool (similarity=0.99), requires reviewer sign-off because primary has 0 single-candidate anchor records.","{'Al': -0.4832, 'Cr': 0.0599, 'Fe': -0.0871, 'Mn': 0.0223, 'Pb': 0.09, 'Si': -0.0675}"
SEC_136,CRI Injector Body,INJECTOR_BODY,Injector Body,0.9727,YES,"['Cr', 'Fe', 'Mn', 'Si']",[],8,4,REVIEW,3,"COMPATIBLE_MULTI_CANDIDATE_REF: Spectrum matches primary multi-candidate pool (similarity=0.97), requires reviewer sign-off because primary has 0 single-candidate anchor records.","{'Al': -0.4832, 'Cr': 0.1599, 'Fe': -0.4271, 'Mn': 0.0023, 'Pb': 0.29, 'Si': -0.0075}"
SEC_137,CRI Sealing ring,SEALING_RING,Sealing Ring,0.0,NO,[],[],0,0,REVIEW,3,INSUFFICIENT_PRIMARY_SPECTRA: Primary validated dataset has 0 spectrum-bearing records for this component; cannot verify spectrum similarity.,{}
SEC_138,CRI Sealing ring,SEALING_RING,Sealing Ring,0.0,NO,[],[],0,0,REVIEW,3,INSUFFICIENT_PRIMARY_SPECTRA: Primary validated dataset has 0 spectrum-bearing records for this component; cannot verify spectrum similarity.,{}
SEC_139,CRI Sealing ring,SEALING_RING,Sealing Ring,0.0,NO,[],[],0,0,REVIEW,3,INSUFFICIENT_PRIMARY_SPECTRA: Primary validated dataset has 0 spectrum-bearing records for this component; cannot verify spectrum similarity.,{}
SEC_140,CRI Sealing ring,SEALING_RING,Sealing Ring,0.0,NO,[],[],0,0,REVIEW,3,INSUFFICIENT_PRIMARY_SPECTRA: Primary validated dataset has 0 spectrum-bearing records for this component; cannot verify spectrum similarity.,{}
SEC_141,CRI Sealing ring,SEALING_RING,Sealing Ring,0.0,NO,[],[],0,0,REVIEW,3,INSUFFICIENT_PRIMARY_SPECTRA: Primary validated dataset has 0 spectrum-bearing records for this component; cannot verify spectrum similarity.,{}
SEC_142,CRI Sealing ring,SEALING_RING,Sealing Ring,0.0,NO,[],[],0,0,REVIEW,3,INSUFFICIENT_PRIMARY_SPECTRA: Primary validated dataset has 0 spectrum-bearing records for this component; cannot verify spectrum similarity.,{}
SEC_143,CRI Sealing ring,SEALING_RING,Sealing Ring,0.0,NO,[],[],0,0,REVIEW,3,INSUFFICIENT_PRIMARY_SPECTRA: Primary validated dataset has 0 spectrum-bearing records for this component; cannot verify spectrum similarity.,{}
SEC_144,CRI Shim,SHIM,Shim,0.6751,NO,"['Fe', 'Mn']",[],1,1,REVIEW,3,"BORDERLINE_SIMILARITY: Partial match (similarity=0.68, contradicting=[]).","{'Cr': 0.3, 'Fe': -0.0738, 'Mn': -0.4162, 'P': 0.03, 'S': 0.02, 'Si': 0.14}"
SEC_145,CRI Shim,SHIM,Shim,0.6643,NO,"['Fe', 'Mn']",[],1,1,REVIEW,3,"BORDERLINE_SIMILARITY: Partial match (similarity=0.66, contradicting=[]).","{'Cr': 0.34, 'Fe': -0.0738, 'Mn': -0.4262, 'P': 0.04, 'Si': 0.12}"
SEC_146,CRI Shim,SHIM,Shim,0.6023,NO,"['Fe', 'Mn']",[],1,1,REVIEW,3,"BORDERLINE_SIMILARITY: Partial match (similarity=0.60, contradicting=[]).","{'Al': 0.24, 'Cr': 0.27, 'Fe': -0.3736, 'Mn': -0.4863, 'P': 0.09, 'Si': 0.26}"
SEC_147,CRI Shim,SHIM,Shim,0.7073,NO,"['Fe', 'Mn']",[],1,1,REVIEW,3,"BORDERLINE_SIMILARITY: Partial match (similarity=0.71, contradicting=[]).","{'Al': 0.2699, 'Cr': 0.2899, 'Fe': -0.5031, 'Mn': -0.3865, 'P': 0.05, 'Si': 0.2799}"
SEC_148,Magnet Core,MAGNET_CORE,Magnet Core,0.4751,NO,['Fe'],['Zn'],43,15,REJECT,3,"LOW_SPECTRUM_SIMILARITY: similarity=0.48, contradicting=['Zn'].","{'Cr': -0.1996, 'Fe': -0.5311, 'S': -0.3579, 'Si': -0.2298, 'Zn': 0.5311}"
SEC_149,Magnet Core,MAGNET_CORE,Magnet Core,0.3881,NO,['Fe'],['Zn'],43,15,REJECT,3,"LOW_SPECTRUM_SIMILARITY: similarity=0.39, contradicting=['Zn'].","{'Cr': -0.1996, 'Fe': -0.6968, 'S': -0.3579, 'Si': -0.2298, 'Zn': 0.6968}"
SEC_150,Sealing Ring,SEALING_RING,Sealing Ring,0.0,NO,[],[],0,0,REVIEW,3,INSUFFICIENT_PRIMARY_SPECTRA: Primary validated dataset has 0 spectrum-bearing records for this component; cannot verify spectrum similarity.,{}
SEC_151,Sealing Ring,SEALING_RING,Sealing Ring,0.0,NO,[],[],0,0,REVIEW,3,INSUFFICIENT_PRIMARY_SPECTRA: Primary validated dataset has 0 spectrum-bearing records for this component; cannot verify spectrum similarity.,{}
SEC_152,Sealing Ring,SEALING_RING,Sealing Ring,0.0,NO,[],[],0,0,REVIEW,3,INSUFFICIENT_PRIMARY_SPECTRA: Primary validated dataset has 0 spectrum-bearing records for this component; cannot verify spectrum similarity.,{}
SEC_153,Sealing Ring,SEALING_RING,Sealing Ring,0.0,NO,[],[],0,0,REVIEW,3,INSUFFICIENT_PRIMARY_SPECTRA: Primary validated dataset has 0 spectrum-bearing records for this component; cannot verify spectrum similarity.,{}
SEC_154,DFK Spring,,,0.0,NO,[],[],0,0,EXCLUDED,3,NO_PRIMARY_COUNTERPART: Component is not part of the validated internal-source target vocabulary.,{}
SEC_155,DFK Spring,,,0.0,NO,[],[],0,0,EXCLUDED,3,NO_PRIMARY_COUNTERPART: Component is not part of the validated internal-source target vocabulary.,{}
SEC_156,DFK Spring,,,0.0,NO,[],[],0,0,EXCLUDED,3,NO_PRIMARY_COUNTERPART: Component is not part of the validated internal-source target vocabulary.,{}
SEC_157,UFK Spring,,,0.0,NO,[],[],0,0,EXCLUDED,3,NO_PRIMARY_COUNTERPART: Component is not part of the validated internal-source target vocabulary.,{}
SEC_158,UFK Spring,,,0.0,NO,[],[],0,0,EXCLUDED,3,NO_PRIMARY_COUNTERPART: Component is not part of the validated internal-source target vocabulary.,{}
SEC_159,UFK Spring,,,0.0,NO,[],[],0,0,EXCLUDED,3,NO_PRIMARY_COUNTERPART: Component is not part of the validated internal-source target vocabulary.,{}
SEC_160,Valve Nut,NOZZLE_NUT,Nozzle Nut,0.0,NO,[],[],0,0,REVIEW,3,INSUFFICIENT_PRIMARY_SPECTRA: Primary validated dataset has 0 spectrum-bearing records for this component; cannot verify spectrum similarity.,{}
SEC_161,Valve Nut,NOZZLE_NUT,Nozzle Nut,0.0,NO,[],[],0,0,REVIEW,3,INSUFFICIENT_PRIMARY_SPECTRA: Primary validated dataset has 0 spectrum-bearing records for this component; cannot verify spectrum similarity.,{}
SEC_162,Valve Nut,NOZZLE_NUT,Nozzle Nut,0.0,NO,[],[],0,0,REVIEW,3,INSUFFICIENT_PRIMARY_SPECTRA: Primary validated dataset has 0 spectrum-bearing records for this component; cannot verify spectrum similarity.,{}
SEC_163,Union Nut,UNION_NUT,Union Nut,0.0,NO,[],[],0,0,REVIEW,3,INSUFFICIENT_PRIMARY_SPECTRA: Primary validated dataset has 0 spectrum-bearing records for this component; cannot verify spectrum similarity.,{}
SEC_164,Union Nut,UNION_NUT,Union Nut,0.0,NO,[],[],0,0,REVIEW,3,INSUFFICIENT_PRIMARY_SPECTRA: Primary validated dataset has 0 spectrum-bearing records for this component; cannot verify spectrum similarity.,{}
SEC_165,Union Nut,UNION_NUT,Union Nut,0.0,NO,[],[],0,0,REVIEW,3,INSUFFICIENT_PRIMARY_SPECTRA: Primary validated dataset has 0 spectrum-bearing records for this component; cannot verify spectrum similarity.,{}
SEC_166,High Pressure Pipe,HPP,HPP (High Pressure Pipe),0.0,NO,[],[],0,0,REVIEW,3,INSUFFICIENT_PRIMARY_SPECTRA: Primary validated dataset has 0 spectrum-bearing records for this component; cannot verify spectrum similarity.,{}
SEC_167,High Pressure Pipe,HPP,HPP (High Pressure Pipe),0.0,NO,[],[],0,0,REVIEW,3,INSUFFICIENT_PRIMARY_SPECTRA: Primary validated dataset has 0 spectrum-bearing records for this component; cannot verify spectrum similarity.,{}
SEC_168,High Pressure Pipe,HPP,HPP (High Pressure Pipe),0.0,NO,[],[],0,0,REVIEW,3,INSUFFICIENT_PRIMARY_SPECTRA: Primary validated dataset has 0 spectrum-bearing records for this component; cannot verify spectrum similarity.,{}
SEC_169,Sleeve,HPP_SLEEVE,HPP Sleeve,0.0,NO,[],[],0,0,REVIEW,3,INSUFFICIENT_PRIMARY_SPECTRA: Primary validated dataset has 0 spectrum-bearing records for this component; cannot verify spectrum similarity.,{}
SEC_170,Sleeve,HPP_SLEEVE,HPP Sleeve,0.0,NO,[],[],0,0,REVIEW,3,INSUFFICIENT_PRIMARY_SPECTRA: Primary validated dataset has 0 spectrum-bearing records for this component; cannot verify spectrum similarity.,{}
SEC_171,Sleeve,HPP_SLEEVE,HPP Sleeve,0.0,NO,[],[],0,0,REVIEW,3,INSUFFICIENT_PRIMARY_SPECTRA: Primary validated dataset has 0 spectrum-bearing records for this component; cannot verify spectrum similarity.,{}
SEC_172,union nut plating,,,0.0,NO,[],[],0,0,EXCLUDED,3,NO_PRIMARY_COUNTERPART: Component is not part of the validated internal-source target vocabulary.,{}
SEC_173,union nut plating,,,0.0,NO,[],[],0,0,EXCLUDED,3,NO_PRIMARY_COUNTERPART: Component is not part of the validated internal-source target vocabulary.,{}
SEC_174,High pressure pipe plating,,,0.0,NO,[],[],0,0,EXCLUDED,3,NO_PRIMARY_COUNTERPART: Component is not part of the validated internal-source target vocabulary.,{}
SEC_175,High pressure pipe plating,,,0.0,NO,[],[],0,0,EXCLUDED,3,NO_PRIMARY_COUNTERPART: Component is not part of the validated internal-source target vocabulary.,{}
SEC_176,High pressure pipe plating,,,0.0,NO,[],[],0,0,EXCLUDED,3,NO_PRIMARY_COUNTERPART: Component is not part of the validated internal-source target vocabulary.,{}
