site_uid,report_id,component_id,position,confirmed
I_CRI_Z_25_09_Particle_on_Nozzle_Top_Sr_No_3371_3_04_doc_txt__2__0,R0129,MAGNET_NUT,0,False
I_CRI_Z_25_09_Particle_on_Nozzle_Top_Sr_No_3371_3_04_doc_txt__2__0,R0129,BAR_EDGE_FILTER,1,False
I_CRI_Z_25_09_Particle_on_Nozzle_Top_Sr_No_3371_3_04_doc_txt__2__0,R0129,BUSHING,2,False
I_CRI_Z_25_09_Particle_on_Nozzle_Top_Sr_No_3371_3_04_doc_txt__2__0,R0129,SHIM,4,False
I_CRI_Z_25_09_Particle_on_Nozzle_Top_Sr_No_3371_3_04_doc_txt__4__0,R0129,INJECTOR_BODY,0,False
I_CRI_Z_25_09_Particle_on_Nozzle_Top_Sr_No_3371_3_04_doc_txt__4__0,R0129,IC_STUD,1,False
I_CRI_Z_25_09_Particle_on_Nozzle_Top_Sr_No_3371_3_04_doc_txt__4__0,R0129,NR_NUT,3,False
I_CRI_Z_25_09_Particle_on_Nozzle_Top_Sr_No_3371_3_04_doc_txt__4__0,R0129,MAGNET_NUT,4,False
I_CRI_Z_25_09_Particle_on_Nozzle_Top_Sr_No_3371_3_04_doc_txt__5__0,R0129,INJECTOR_BODY,0,False
I_CRI_Z_25_09_Particle_on_Nozzle_Top_Sr_No_3371_3_04_doc_txt__5__0,R0129,IC_STUD,1,False
I_CRI_Z_25_09_Particle_on_Nozzle_Top_Sr_No_3371_3_04_doc_txt__5__0,R0129,NR_NUT,3,False
I_CRI_Z_25_09_Particle_on_Nozzle_Top_Sr_No_3371_3_04_doc_txt__5__0,R0129,MAGNET_NUT,4,False
I_CRI_Z_25_09_Particle_on_Nozzle_Top_Sr_No_3371_3_04_doc_txt__6__0,R0129,MAGNET_NUT,0,False
I_CRI_Z_25_09_Particle_on_Nozzle_Top_Sr_No_3371_3_04_doc_txt__6__0,R0129,BAR_EDGE_FILTER,1,False
I_CRI_Z_25_09_Particle_on_Nozzle_Top_Sr_No_3371_3_04_doc_txt__6__0,R0129,BUSHING,2,False
I_CRI_Z_25_09_Particle_on_Nozzle_Top_Sr_No_3371_3_04_doc_txt__6__0,R0129,SHIM,4,False
CRI_0_Km_0Km_CRI_I_26_16_Particle_In_IC_Stud_M_M_28_doc_txt__1__0,R0087,MAGNET_NUT,0,False
CRI_0_Km_0Km_CRI_I_26_16_Particle_In_IC_Stud_M_M_28_doc_txt__1__0,R0087,NR_NUT,1,False
CRI_0_Km_0Km_CRI_I_26_16_Particle_In_IC_Stud_M_M_28_doc_txt__1__0,R0087,BAR_EDGE_FILTER,2,False
CRI_0_Km_0Km_CRI_I_26_16_Particle_In_IC_Stud_M_M_28_doc_txt__1__0,R0087,BUSHING,3,False
_25_93_Particle_Collected_From_Armature_Plate_M_M_17_doc_txt__1__0,R0069,MAGNET_CORE,0,False
_25_93_Particle_Collected_From_Armature_Plate_M_M_17_doc_txt__2__0,R0069,MAGNET_CORE,0,False
_25_93_Particle_Collected_From_Armature_Plate_M_M_17_doc_txt__3__0,R0069,MAGNET_CORE,0,False
RI_0_Km_0Km_CRI_I_26_06_Particles_On_AH_Plate_TML_28_doc_txt__2__0,R0077,MAGNET_CORE,0,False
RI_0_Km_0Km_CRI_I_26_06_Particles_On_AH_Plate_TML_28_doc_txt__4__0,R0077,MAGNET_CORE,0,False
RI_0_Km_0Km_CRI_I_26_06_Particles_On_AH_Plate_TML_28_doc_txt__5__0,R0077,MAGNET_CORE,0,False
RI_0_Km_0Km_CRI_I_26_06_Particles_On_AH_Plate_TML_28_doc_txt__6__0,R0077,MAGNET_CORE,0,False
CRI_0_Km_0Km_CRI_I_26_120_Particle_In_BFT_M_M_19_doc_txt__1__0,R0083,NOZZLE_NEEDLE,0,False
CRI_0_Km_0Km_CRI_I_26_120_Particle_In_BFT_M_M_19_doc_txt__1__0,R0083,VALVE_PISTON,1,False
CRI_0_Km_0Km_CRI_I_26_62_Particle_In_Z_Hole_A_L_12_doc_txt__1__0,R0105,INJECTOR_BODY,0,False
CRI_0_Km_0Km_CRI_I_26_62_Particle_In_Z_Hole_A_L_12_doc_txt__1__0,R0105,IC_STUD,1,False
RI_0_Km_0Km_CRI_I_25_136_Particle_On_AH_Plate_M_M_13_doc_txt__1__0,R0032,MAGNET_CORE,0,False
RI_0_Km_0Km_CRI_I_25_136_Particle_On_AH_Plate_M_M_13_doc_txt__2__0,R0032,MAGNET_CORE,0,False
RI_0_Km_0Km_CRI_I_25_136_Particle_On_AH_Plate_M_M_13_doc_txt__3__0,R0032,MAGNET_CORE,0,False
_CRI_I_26_104_Particle_In_IC_Stud_Sr_No_2646_FUSO_19_doc_txt__1__0,R0080,BAR_EDGE_FILTER,0,False
_CRI_I_26_104_Particle_In_IC_Stud_Sr_No_2646_FUSO_19_doc_txt__2__0,R0080,HPP,0,False
_CRI_I_26_104_Particle_In_IC_Stud_Sr_No_2646_FUSO_19_doc_txt__2__0,R0080,HPP_SLEEVE,1,False
_Km_0Km_CRI_I_25_170_Particle_In_NB_Seat_Area_M_M_15_doc_txt__1__0,R0055,NHB,0,False
_Km_0Km_CRI_I_25_170_Particle_In_NB_Seat_Area_M_M_15_doc_txt__1__0,R0055,IC_STUD,1,False
Km_CRI_I_25_157_Particle_In_Z_Hole_Sr_0609_3_SMLI_13_doc_txt__1__0,R0044,NHB,0,False
Km_CRI_I_25_157_Particle_In_Z_Hole_Sr_0609_3_SMLI_13_doc_txt__1__0,R0044,IC_STUD,1,False
RI_I_25_157_Particle_In_Bar_Filter_Sr_0696_2_SMLI_01_doc_txt__1__0,R0040,NHB,0,False
RI_I_25_157_Particle_In_Bar_Filter_Sr_0696_2_SMLI_01_doc_txt__1__0,R0040,IC_STUD,1,False
0_Km_0Km_CRI_I_26_59_Particle_In_NB_Seat_Area_M_M_10_doc_txt__1__0,R0101,INJECTOR_BODY,0,False
0_Km_0Km_CRI_I_26_59_Particle_In_NB_Seat_Area_M_M_10_doc_txt__1__0,R0101,IC_STUD,1,False
0_Km_0Km_CRI_I_26_59_Particle_In_NB_Seat_Area_M_M_10_doc_txt__1__0,R0101,VSS,2,False
0Km_CRI_I_25_155_Particle_on_Bar_Filter_Fen_1_A_L_11_doc_txt__1__0,R0038,INLET_CONNECTOR,0,False
0Km_CRI_I_25_155_Particle_on_Bar_Filter_Fen_1_A_L_11_doc_txt__1__0,R0038,INJECTOR_BODY,1,False
0Km_CRI_I_25_155_Particle_on_Bar_Filter_Fen_1_A_L_11_doc_txt__1__0,R0038,VSS,2,False
CRI_0_Km_0Km_CRI_I_26_41_Particle_In_IC_Stud_A_L_23_doc_txt__1__0,R0095,INJECTOR_BODY,0,False
CRI_0_Km_0Km_CRI_I_26_41_Particle_In_IC_Stud_A_L_23_doc_txt__1__0,R0095,IC_STUD,1,False
CRI_0_Km_0Km_CRI_I_24_70_Particle_on_AH_Bolt_M_M_17_doc_txt__1__0,R0024,NOZZLE_NEEDLE,0,False
CRI_0_Km_0Km_CRI_I_24_70_Particle_on_AH_Bolt_M_M_17_doc_txt__1__0,R0024,VALVE_PISTON,1,False
CRI_0_Km_0Km_CRI_I_24_70_Particle_on_AH_Bolt_M_M_17_doc_txt__2__0,R0024,NOZZLE_NEEDLE,0,False
CRI_0_Km_0Km_CRI_I_24_70_Particle_on_AH_Bolt_M_M_17_doc_txt__2__0,R0024,VALVE_PISTON,1,False
CRI_0_Km_0Km_CRI_I_24_70_Particle_on_AH_Bolt_M_M_17_doc_txt__3__0,R0024,NOZZLE_NEEDLE,0,False
CRI_0_Km_0Km_CRI_I_24_70_Particle_on_AH_Bolt_M_M_17_doc_txt__3__0,R0024,VALVE_PISTON,1,False
CRI_0_Km_0Km_CRI_I_24_70_Particle_on_AH_Bolt_M_M_17_doc_txt__4__0,R0024,NOZZLE_NEEDLE,0,False
CRI_0_Km_0Km_CRI_I_24_70_Particle_on_AH_Bolt_M_M_17_doc_txt__4__0,R0024,VALVE_PISTON,1,False
CRI_0_Km_0Km_CRI_I_24_70_Particle_on_AH_Bolt_M_M_17_doc_txt__5__0,R0024,NOZZLE_NEEDLE,0,False
CRI_0_Km_0Km_CRI_I_24_70_Particle_on_AH_Bolt_M_M_17_doc_txt__5__0,R0024,VALVE_PISTON,1,False
I_0_Km_0Km_CRI_I_25136_Particle_at_Bar_Filter_M_M_15_doc_txt__1__0,R0072,NOZZLE_BODY,0,False
RI_I_25_157_Particle_In_Bar_Filter_Sr_1335_1_SMLI_28_doc_txt__1__0,R0041,NHB,0,False
RI_I_25_157_Particle_In_Bar_Filter_Sr_1335_1_SMLI_28_doc_txt__1__0,R0041,IC_STUD,1,False
CRI_0_Km_0Km_CRI_I_25_161_Particle_In_BFT_M_M_26_doc_txt__1__0,R0048,CLAMPING_SADDLE,0,False
CRI_0_Km_0Km_CRI_I_25_161_Particle_In_BFT_M_M_26_doc_txt__4__0,R0048,CLAMPING_SADDLE,0,False
_0_Km_0Km_CRI_I_25_182_Particle_In_Bar_Filter_M_M_23_doc_txt__1__0,R0059,IC_STUD,0,False
_0_Km_0Km_CRI_I_25_182_Particle_In_Bar_Filter_M_M_23_doc_txt__1__0,R0059,INJECTOR_BODY,1,False
_0_Km_0Km_CRI_I_25_182_Particle_In_Bar_Filter_M_M_23_doc_txt__1__0,R0059,VSS,2,False
_0_Km_0Km_CRI_I_25_182_Particle_In_Bar_Filter_M_M_23_doc_txt__1__0,R0059,BAR_EDGE_FILTER,3,False
CRI_0_Km_0Km_CRI_I_25_94_Particle_In_Z_Hole_M_M_23_doc_txt__1__0,R0071,SEALING_RING,0,False
CRI_0_Km_0Km_CRI_I_24_22_Particle_In_Z_Hole_SMIL_11_doc_txt__1__0,R0010,NHB,0,False
CRI_0_Km_0Km_CRI_I_24_22_Particle_In_Z_Hole_SMIL_11_doc_txt__1__0,R0010,IC_STUD,1,False
I_0_Km_0Km_CRI_I_24_51_Particle_on_VFK_Spring_M_M_23_doc_txt__1__0,R0017,MAGNET_CORE,0,False
I_0_Km_0Km_CRI_I_24_51_Particle_on_VFK_Spring_M_M_23_doc_txt__3__0,R0017,MAGNET_CORE,0,False
I_0_Km_0Km_CRI_I_24_51_Particle_on_VFK_Spring_M_M_23_doc_txt__4__0,R0017,INJECTOR_BODY,0,False
I_0_Km_0Km_CRI_I_24_51_Particle_on_VFK_Spring_M_M_23_doc_txt__4__0,R0017,IC_STUD,1,False
I_0_Km_0Km_CRI_I_24_51_Particle_on_VFK_Spring_M_M_23_doc_txt__5__0,R0017,MAGNET_CORE,0,False
I_0_Km_0Km_CRI_I_24_51_Particle_on_VFK_Spring_M_M_23_doc_txt__6__0,R0017,MAGNET_CORE,0,False
I_0_Km_0Km_CRI_I_24_51_Particle_on_VFK_Spring_M_M_23_doc_txt__7__0,R0017,INJECTOR_BODY,0,False
I_0_Km_0Km_CRI_I_24_51_Particle_on_VFK_Spring_M_M_23_doc_txt__7__0,R0017,IC_STUD,1,False
I_0_Km_0Km_CRI_I_24_51_Particle_on_VFK_Spring_M_M_23_doc_txt__8__0,R0017,INJECTOR_BODY,0,False
I_0_Km_0Km_CRI_I_24_51_Particle_on_VFK_Spring_M_M_23_doc_txt__8__0,R0017,IC_STUD,1,False
CRI_0_Km_0Km_CRI_I_24_63_Particle_on_AH_Plate_M_M_28_doc_txt__1__0,R0019,MAGNET_CORE,0,False
CRI_0_Km_0Km_CRI_I_24_63_Particle_on_AH_Plate_M_M_28_doc_txt__2__0,R0019,MAGNET_CORE,0,False
CRI_0_Km_0Km_CRI_I_24_63_Particle_on_AH_Plate_M_M_28_doc_txt__3__0,R0019,MAGNET_CORE,0,False
CRI_0_Km_0Km_CRI_I_24_63_Particle_on_AH_Plate_M_M_28_doc_txt__4__0,R0019,MAGNET_CORE,0,False
CRI_0_Km_0Km_CRI_I_24_63_Particle_on_AH_Plate_M_M_28_doc_txt__5__0,R0019,MAGNET_CORE,0,False
CRI_0_Km_0Km_CRI_I_24_63_Particle_on_AH_Plate_M_M_28_doc_txt__6__0,R0019,MAGNET_CORE,0,False
Km_0Km_CRI_I_25_93_Particle_On_Armature_Plate_M_M_15_doc_txt__2__0,R0070,MAGNET_CORE,0,False
Km_0Km_CRI_I_25_93_Particle_On_Armature_Plate_M_M_15_doc_txt__3__0,R0070,MAGNET_CORE,0,False
Km_0Km_CRI_I_25_93_Particle_On_Armature_Plate_M_M_15_doc_txt__4__0,R0070,MAGNET_CORE,0,False
Km_0Km_CRI_I_25_93_Particle_On_Armature_Plate_M_M_15_doc_txt__5__0,R0070,MAGNET_CORE,0,False
Km_0Km_CRI_I_25_93_Particle_On_Armature_Plate_M_M_15_doc_txt__6__0,R0070,MAGNET_CORE,0,False
Km_0Km_CRI_I_25_93_Particle_On_Armature_Plate_M_M_15_doc_txt__7__0,R0070,MAGNET_CORE,0,False
Km_0Km_CRI_I_25_93_Particle_On_Armature_Plate_M_M_15_doc_txt__8__0,R0070,MAGNET_CORE,0,False
Km_CRI_I_26_27_Particle_In_Z_Hole_Sr_No_2416_SMLI_15_doc_txt__1__0,R0092,INJECTOR_BODY,0,False
Km_CRI_I_26_27_Particle_In_Z_Hole_Sr_No_2416_SMLI_15_doc_txt__1__0,R0092,IC_STUD,1,False
Km_CRI_I_26_27_Particle_In_Z_Hole_Sr_No_2416_SMLI_15_doc_txt__1__0,R0092,VSS,2,False
Km_CRI_I_26_27_Particle_In_Z_Hole_Sr_No_2416_SMLI_15_doc_txt__2__0,R0092,INJECTOR_BODY,0,False
Km_CRI_I_26_27_Particle_In_Z_Hole_Sr_No_2416_SMLI_15_doc_txt__2__0,R0092,IC_STUD,1,False
Km_CRI_I_26_27_Particle_In_Z_Hole_Sr_No_2416_SMLI_15_doc_txt__2__0,R0092,VSS,2,False
CRI_0_Km_0KM_CRI_I_24_76_Particle_on_Magnet_Group_04_doc_txt__1__0,R0002,MAGNET_CORE,0,False
CRI_0_Km_0KM_CRI_I_24_76_Particle_on_Magnet_Group_04_doc_txt__2__0,R0002,MAGNET_CORE,0,False
CRI_0_Km_0KM_CRI_I_24_76_Particle_on_Magnet_Group_04_doc_txt__3__0,R0002,MAGNET_CORE,0,False
CRI_0_Km_0KM_CRI_I_24_76_Particle_on_Magnet_Group_04_doc_txt__4__0,R0002,MAGNET_CORE,0,False
CRI_0_Km_0KM_CRI_I_24_76_Particle_on_Magnet_Group_04_doc_txt__5__0,R0002,MAGNET_CORE,0,False
CRI_0_Km_0KM_CRI_I_24_76_Particle_on_Magnet_Group_04_doc_txt__6__0,R0002,MAGNET_CORE,0,False
CRI_0_Km_0KM_CRI_I_24_76_Particle_on_Magnet_Group_04_doc_txt__7__0,R0002,MAGNET_CORE,0,False
I_0_Km_0KM_CRI_I_24_76_Particle_on_Armature_Group_04_doc_txt__1__0,R0001,MAGNET_CORE,0,False
I_0_Km_0KM_CRI_I_24_76_Particle_on_Armature_Group_04_doc_txt__2__0,R0001,MAGNET_CORE,0,False
I_0_Km_0KM_CRI_I_24_76_Particle_on_Armature_Group_04_doc_txt__3__0,R0001,MAGNET_CORE,0,False
I_0_Km_0KM_CRI_I_24_76_Particle_on_Armature_Group_04_doc_txt__4__0,R0001,MAGNET_CORE,0,False
I_0_Km_0KM_CRI_I_24_76_Particle_on_Armature_Group_04_doc_txt__5__0,R0001,MAGNET_CORE,0,False
RI_0_Km_0Km_CRI_I_25_107_Particle_On_AH_Plate_M_M_27_doc_txt__1__0,R0026,MAGNET_CORE,0,False
RI_0_Km_0Km_CRI_I_24_47_Particle_on_Nozzle_HP_M_M_22_doc_txt__3__0,R0014,INJECTOR_BODY,0,False
RI_0_Km_0Km_CRI_I_24_47_Particle_on_Nozzle_HP_M_M_22_doc_txt__3__0,R0014,IC_STUD,1,False
CRI_0_Km_0Km_CRI_I_25_51_Particle_in_Z_Hole_M_M_17_doc_txt__1__0,R0065,SEALING_RING,0,False
CRI_0_Km_0Km_CRI_I_25_161_Particle_In_Z_Hole_M_M_02_doc_txt__1__0,R0050,INJECTOR_BODY,0,False
CRI_0_Km_0Km_CRI_I_25_161_Particle_In_Z_Hole_M_M_02_doc_txt__1__0,R0050,INLET_CONNECTOR,1,False
CRI_0_Km_0Km_CRI_I_25_161_Particle_In_Z_Hole_M_M_02_doc_txt__1__0,R0050,VSS,2,False
CRI_0_Km_0Km_CRI_I_25_161_Particle_In_Z_Hole_M_M_02_doc_txt__1__0,R0050,MAGNET_CORE,3,False
_0_Km_0Km_CRI_I_24_116_NB_Filter_Paper_BharatBenz_27_doc_txt__2__0,R0003,NOZZLE_NEEDLE,0,False
_0_Km_0Km_CRI_I_24_116_NB_Filter_Paper_BharatBenz_27_doc_txt__4__0,R0003,NOZZLE_BODY,0,False
_0_Km_0Km_CRI_I_24_116_NB_Filter_Paper_BharatBenz_27_doc_txt__5__0,R0003,NOZZLE_BODY,0,False
_0_Km_0Km_CRI_I_25_176_Particle_In_Bar_Filter_M_M_07_doc_txt__2__0,R0056,MAGNET_NUT,0,False
_0_Km_0Km_CRI_I_25_176_Particle_In_Bar_Filter_M_M_07_doc_txt__2__0,R0056,NR_NUT,1,False
_0_Km_0Km_CRI_I_25_176_Particle_In_Bar_Filter_M_M_07_doc_txt__3__0,R0056,MAGNET_NUT,0,False
_0_Km_0Km_CRI_I_25_176_Particle_In_Bar_Filter_M_M_07_doc_txt__3__0,R0056,NR_NUT,1,False
_0_Km_0Km_CRI_I_25_176_Particle_In_Bar_Filter_M_M_07_doc_txt__4__0,R0056,MAGNET_NUT,0,False
_0_Km_0Km_CRI_I_25_176_Particle_In_Bar_Filter_M_M_07_doc_txt__4__0,R0056,NR_NUT,1,False
_0_Km_0Km_CRI_I_25_176_Particle_In_Bar_Filter_M_M_07_doc_txt__6__0,R0056,NHB,0,False
_0_Km_0Km_CRI_I_25_176_Particle_In_Bar_Filter_M_M_07_doc_txt__6__0,R0056,IC_STUD,1,False
I_0_Km_0Km_CRI_I_26_05_Particle_In_Bar_Filter_TML_18_doc_txt__1__0,R0075,NOZZLE_NEEDLE,0,False
I_0_Km_0Km_CRI_I_26_05_Particle_In_Bar_Filter_TML_18_doc_txt__1__0,R0075,VALVE_PISTON,1,False
CRI_0_Km_0Km_CRI_I_25_136_Particle_On_VSS_M_M_19_doc_txt__1__0,R0033,MAGNET_CORE,0,False
RI_0_Km_0Km_CRI_I_24_171_Particle_in_Z_Hole_ISUZU_29_doc_txt__1__0,R0009,IC_STUD,0,False
RI_0_Km_0Km_CRI_I_24_171_Particle_in_Z_Hole_ISUZU_29_doc_txt__1__0,R0009,INJECTOR_BODY,1,False
CRI_0_Km_0Km_CRI_I_26_06_Particle_In_B_F_Pin_TML_14_doc_txt__1__0,R0076,NOZZLE_NEEDLE,0,False
CRI_0_Km_0Km_CRI_I_26_06_Particle_In_B_F_Pin_TML_14_doc_txt__1__0,R0076,VALVE_PISTON,1,False
CRI_0_Km_0Km_CRI_I_24_152_Particle_in_Z_Hole_M_M_19_doc_txt__1__0,R0006,INJECTOR_BODY,0,False
CRI_0_Km_0Km_CRI_I_24_152_Particle_in_Z_Hole_M_M_19_doc_txt__1__0,R0006,IC_STUD,1,False
_CRI_I_24_140_Particle_at_VFK_Spring_AH_Plate_M_M_08_doc_txt__1__0,R0005,VALVE_PISTON,0,False
_CRI_I_24_140_Particle_at_VFK_Spring_AH_Plate_M_M_08_doc_txt__1__0,R0005,NOZZLE_NEEDLE,1,False
_CRI_I_24_140_Particle_at_VFK_Spring_AH_Plate_M_M_08_doc_txt__2__0,R0005,VALVE_PISTON,0,False
_CRI_I_24_140_Particle_at_VFK_Spring_AH_Plate_M_M_08_doc_txt__2__0,R0005,NOZZLE_NEEDLE,1,False
_CRI_I_24_140_Particle_at_VFK_Spring_AH_Plate_M_M_08_doc_txt__3__0,R0005,VALVE_PISTON,0,False
_CRI_I_24_140_Particle_at_VFK_Spring_AH_Plate_M_M_08_doc_txt__3__0,R0005,NOZZLE_NEEDLE,1,False
_CRI_I_24_140_Particle_at_VFK_Spring_AH_Plate_M_M_08_doc_txt__4__0,R0005,VALVE_PISTON,0,False
_CRI_I_24_140_Particle_at_VFK_Spring_AH_Plate_M_M_08_doc_txt__4__0,R0005,NOZZLE_NEEDLE,1,False
Km_CRI_I_26_59_Particle_In_IC_Stud_Sr_No_2280_M_M_14_doc_txt__1__0,R0100,IC_STUD,0,False
Km_CRI_I_26_59_Particle_In_IC_Stud_Sr_No_2280_M_M_14_doc_txt__1__0,R0100,VSS,2,False
CRI_0_Km_0Km_CRI_I_26_16_Particle_In_Z_Hole_M_M_28_doc_txt__1__0,R0088,INJECTOR_BODY,0,False
CRI_0_Km_0Km_CRI_I_26_16_Particle_In_Z_Hole_M_M_28_doc_txt__1__0,R0088,VSS,1,False
CRI_0_Km_0Km_CRI_I_26_16_Particle_In_Z_Hole_M_M_28_doc_txt__1__0,R0088,IC_STUD,2,False
CRI_0_Km_0Km_CRI_I_26_15_Particle_In_Z_Hole_M_M_23_doc_txt__1__0,R0086,INJECTOR_BODY,0,False
CRI_0_Km_0Km_CRI_I_26_15_Particle_In_Z_Hole_M_M_23_doc_txt__1__0,R0086,IC_STUD,1,False
CRI_0_Km_0Km_CRI_I_26_15_Particle_In_Z_Hole_M_M_23_doc_txt__1__0,R0086,VSS,2,False
0_Km_0Km_CRI_I_24_70_Particle_on_Magnet_Group_M_M_17_doc_txt__1__0,R0025,NOZZLE_NEEDLE,0,False
0_Km_0Km_CRI_I_24_70_Particle_on_Magnet_Group_M_M_17_doc_txt__1__0,R0025,VALVE_PISTON,1,False
0_Km_0Km_CRI_I_24_70_Particle_on_Magnet_Group_M_M_17_doc_txt__2__0,R0025,NOZZLE_NEEDLE,0,False
0_Km_0Km_CRI_I_24_70_Particle_on_Magnet_Group_M_M_17_doc_txt__2__0,R0025,VALVE_PISTON,1,False
0_Km_0Km_CRI_I_24_70_Particle_on_Magnet_Group_M_M_17_doc_txt__3__0,R0025,NOZZLE_NEEDLE,0,False
0_Km_0Km_CRI_I_24_70_Particle_on_Magnet_Group_M_M_17_doc_txt__3__0,R0025,VALVE_PISTON,1,False
CRI_0_Km_0Km_CRI_I_26_111_Particle_In_Z_Hole_FUSO_13_doc_txt__1__0,R0081,INJECTOR_BODY,0,False
CRI_0_Km_0Km_CRI_I_24_47_Particle_on_AH_Plate_M_M_01_doc_txt__1__0,R0013,ARMATURE_SPRING,0,False
CRI_0_Km_0Km_CRI_I_24_47_Particle_on_AH_Plate_M_M_01_doc_txt__1__0,R0013,NOZZLE_SPRING,1,False
CRI_0_Km_0Km_CRI_I_24_47_Particle_on_AH_Plate_M_M_01_doc_txt__1__0,R0013,VALVE_SPRING,2,False
CRI_0_Km_0Km_CRI_I_24_47_Particle_on_AH_Plate_M_M_01_doc_txt__2__0,R0013,NHB,0,False
CRI_0_Km_0Km_CRI_I_24_47_Particle_on_AH_Plate_M_M_01_doc_txt__2__0,R0013,IC_STUD,1,False
CRI_0_Km_0Km_CRI_I_24_47_Particle_on_AH_Plate_M_M_01_doc_txt__3__0,R0013,ARMATURE_SPRING,0,False
CRI_0_Km_0Km_CRI_I_24_47_Particle_on_AH_Plate_M_M_01_doc_txt__3__0,R0013,NOZZLE_SPRING,1,False
CRI_0_Km_0Km_CRI_I_24_47_Particle_on_AH_Plate_M_M_01_doc_txt__3__0,R0013,VALVE_SPRING,2,False
CRI_0_Km_0Km_CRI_I_24_47_Particle_on_AH_Plate_M_M_01_doc_txt__4__0,R0013,MAGNET_CORE,0,False
CRI_0_Km_0Km_CRI_I_24_62_Particle_in_Z_Hole_M_M_12_doc_txt__1__0,R0018,NHB,0,False
CRI_0_Km_0Km_CRI_I_24_62_Particle_in_Z_Hole_M_M_12_doc_txt__1__0,R0018,IC_STUD,1,False
CRI_0_Km_0Km_CRI_I_26_20_Particle_In_Z_Hole_TML_11_doc_txt__2__0,R0090,BA_HEXAFERRITE,0,False
I_0_Km_0Km_CRI_I_25_165_NB_Seat_Particle_M_M_11_Copy_doc_txt__1__0,R0053,INJECTOR_BODY,0,False
I_0_Km_0Km_CRI_I_25_165_NB_Seat_Particle_M_M_11_Copy_doc_txt__1__0,R0053,IC_STUD,1,False
I_0_Km_0Km_CRI_I_25_165_NB_Seat_Particle_M_M_11_Copy_doc_txt__1__0,R0053,VSS,2,False
I_0_Km_0Km_CRI_I_25_165_NB_Seat_Particle_M_M_11_Copy_doc_txt__2__0,R0053,INJECTOR_BODY,0,False
I_0_Km_0Km_CRI_I_25_165_NB_Seat_Particle_M_M_11_Copy_doc_txt__2__0,R0053,IC_STUD,1,False
I_0_Km_0Km_CRI_I_25_165_NB_Seat_Particle_M_M_11_Copy_doc_txt__2__0,R0053,VSS,2,False
_Km_0Km_CRI_I_25_145_Particle_In_NB_Seat_Area_M_M_19_doc_txt__1__0,R0034,IC_STUD,0,False
_Km_0Km_CRI_I_25_145_Particle_In_NB_Seat_Area_M_M_19_doc_txt__1__0,R0034,INJECTOR_BODY,1,False
_Km_0Km_CRI_I_25_145_Particle_In_NB_Seat_Area_M_M_19_doc_txt__1__0,R0034,VSS,2,False
_Km_0Km_CRI_I_25_145_Particle_In_NB_Seat_Area_M_M_19_doc_txt__2__0,R0034,IC_STUD,0,False
_Km_0Km_CRI_I_25_145_Particle_In_NB_Seat_Area_M_M_19_doc_txt__2__0,R0034,INJECTOR_BODY,1,False
_Km_0Km_CRI_I_25_145_Particle_In_NB_Seat_Area_M_M_19_doc_txt__2__0,R0034,VSS,2,False
_Km_0Km_CRI_I_25_177_Particle_In_NB_Seat_Area_M_M_19_doc_txt__1__0,R0058,NHB,0,False
_Km_0Km_CRI_I_25_177_Particle_In_NB_Seat_Area_M_M_19_doc_txt__1__0,R0058,IC_STUD,1,False
RI_0_Km_0Km_CRI_I_26_60_Particle_In_IC_Stud_ISUZU_15_doc_txt__1__0,R0102,BAR_EDGE_FILTER,0,False
RI_0_Km_0Km_CRI_I_26_60_Particle_In_IC_Stud_ISUZU_15_doc_txt__1__0,R0102,MAGNET_NUT,1,False
RI_0_Km_0Km_CRI_I_26_60_Particle_In_IC_Stud_ISUZU_15_doc_txt__1__0,R0102,NR_NUT,2,False
RI_0_Km_0Km_CRI_I_26_60_Particle_In_IC_Stud_ISUZU_15_doc_txt__1__0,R0102,BUSHING,3,False
I_0_Km_0Km_CRI_I_25_164_NB_Seat_Particle_M_M_13_Copy_doc_txt__1__0,R0052,INJECTOR_BODY,0,False
I_0_Km_0Km_CRI_I_25_164_NB_Seat_Particle_M_M_13_Copy_doc_txt__1__0,R0052,IC_STUD,1,False
I_0_Km_0Km_CRI_I_25_164_NB_Seat_Particle_M_M_13_Copy_doc_txt__1__0,R0052,VSS,2,False
Km_CRI_I_25_157_Particle_In_Z_Hole_Sr_1335_1_SMLI_18_doc_txt__1__0,R0045,NHB,0,False
Km_CRI_I_25_157_Particle_In_Z_Hole_Sr_1335_1_SMLI_18_doc_txt__1__0,R0045,IC_STUD,1,False
CRI_0_Km_0Km_CRI_I_24_51_Particle_on_AH_Group_M_M_25_doc_txt__1__0,R0016,INJECTOR_BODY,0,False
CRI_0_Km_0Km_CRI_I_24_51_Particle_on_AH_Group_M_M_25_doc_txt__1__0,R0016,IC_STUD,1,False
CRI_0_Km_0Km_CRI_I_24_51_Particle_on_AH_Group_M_M_25_doc_txt__2__0,R0016,INJECTOR_BODY,0,False
CRI_0_Km_0Km_CRI_I_24_51_Particle_on_AH_Group_M_M_25_doc_txt__2__0,R0016,IC_STUD,1,False
CRI_0_Km_0Km_CRI_I_24_51_Particle_on_AH_Group_M_M_25_doc_txt__3__0,R0016,INJECTOR_BODY,0,False
CRI_0_Km_0Km_CRI_I_24_51_Particle_on_AH_Group_M_M_25_doc_txt__3__0,R0016,IC_STUD,1,False
CRI_0_Km_0Km_CRI_I_24_51_Particle_on_AH_Group_M_M_25_doc_txt__4__0,R0016,INJECTOR_BODY,0,False
CRI_0_Km_0Km_CRI_I_24_51_Particle_on_AH_Group_M_M_25_doc_txt__4__0,R0016,IC_STUD,1,False
CRI_0_Km_0Km_CRI_I_24_51_Particle_on_AH_Group_M_M_25_doc_txt__5__0,R0016,INJECTOR_BODY,0,False
CRI_0_Km_0Km_CRI_I_24_51_Particle_on_AH_Group_M_M_25_doc_txt__5__0,R0016,IC_STUD,1,False
CRI_0_Km_0Km_CRI_I_24_51_Particle_on_AH_Group_M_M_25_doc_txt__6__0,R0016,INJECTOR_BODY,0,False
CRI_0_Km_0Km_CRI_I_24_51_Particle_on_AH_Group_M_M_25_doc_txt__6__0,R0016,IC_STUD,1,False
CRI_0_Km_0Km_CRI_I_24_51_Particle_on_AH_Group_M_M_25_doc_txt__7__0,R0016,INJECTOR_BODY,0,False
CRI_0_Km_0Km_CRI_I_24_51_Particle_on_AH_Group_M_M_25_doc_txt__7__0,R0016,IC_STUD,1,False
CRI_0_Km_0Km_CRI_I_25_168_NB_Seat_Particle_ISUZU_07_doc_txt__2__0,R0054,NOZZLE_BODY,0,False
Km_0Km_CRI_I_25_128_Particle_in_NB_Seat_Area_SMLI_09_doc_txt__1__0,R0029,INJECTOR_BODY,0,False
Km_0Km_CRI_I_25_128_Particle_in_NB_Seat_Area_SMLI_09_doc_txt__1__0,R0029,IC_STUD,1,False
Km_0Km_CRI_I_25_128_Particle_in_NB_Seat_Area_SMLI_09_doc_txt__2__0,R0029,INJECTOR_BODY,0,False
Km_0Km_CRI_I_25_128_Particle_in_NB_Seat_Area_SMLI_09_doc_txt__2__0,R0029,IC_STUD,1,False
Km_0Km_CRI_I_25_128_Particle_in_NB_Seat_Area_SMLI_09_doc_txt__3__0,R0029,INJECTOR_BODY,0,False
Km_0Km_CRI_I_25_128_Particle_in_NB_Seat_Area_SMLI_09_doc_txt__3__0,R0029,IC_STUD,1,False
Km_0Km_CRI_I_25_128_Particle_in_NB_Seat_Area_SMLI_09_doc_txt__4__0,R0029,INJECTOR_BODY,0,False
Km_0Km_CRI_I_25_128_Particle_in_NB_Seat_Area_SMLI_09_doc_txt__4__0,R0029,IC_STUD,1,False
Km_0Km_CRI_I_25_128_Particle_in_NB_Seat_Area_SMLI_09_doc_txt__5__0,R0029,INJECTOR_BODY,0,False
Km_0Km_CRI_I_25_128_Particle_in_NB_Seat_Area_SMLI_09_doc_txt__5__0,R0029,IC_STUD,1,False
Km_0Km_CRI_I_25_128_Particle_in_NB_Seat_Area_SMLI_09_doc_txt__6__0,R0029,INJECTOR_BODY,0,False
Km_0Km_CRI_I_25_128_Particle_in_NB_Seat_Area_SMLI_09_doc_txt__6__0,R0029,IC_STUD,1,False
CRI_0_Km_0Km_CRI_I_25_155_Particle_in_Z_Hole_A_L_02_doc_txt__1__0,R0037,INJECTOR_BODY,0,False
CRI_0_Km_0Km_CRI_I_25_155_Particle_in_Z_Hole_A_L_02_doc_txt__1__0,R0037,INLET_CONNECTOR,1,False
CRI_0_Km_0Km_CRI_I_25_155_Particle_in_Z_Hole_A_L_02_doc_txt__1__0,R0037,VSS,2,False
CRI_0_Km_0Km_CRI_I_25_155_Particle_in_Z_Hole_A_L_02_doc_txt__1__0,R0037,MAGNET_CORE,3,False
RI_0_Km_0Km_CRI_I_25_157_Particle_In_IC_Stud_SMLI_10_doc_txt__1__0,R0043,MAGNET_NUT,0,False
RI_0_Km_0Km_CRI_I_25_157_Particle_In_IC_Stud_SMLI_10_doc_txt__1__0,R0043,NOZZLE_NUT,1,False
RI_0_Km_0Km_CRI_I_25_157_Particle_In_IC_Stud_SMLI_10_doc_txt__1__0,R0043,BUSHING,2,False
CRI_0_Km_0Km_CRI_I_25_176_Particle_In_Z_Hole_M_M_14_doc_txt__2__0,R0057,NHB,0,False
CRI_0_Km_0Km_CRI_I_25_176_Particle_In_Z_Hole_M_M_14_doc_txt__2__0,R0057,IC_STUD,1,False
CRI_0_Km_0Km_CRI_I_25_176_Particle_In_Z_Hole_M_M_14_doc_txt__4__0,R0057,MAGNET_CORE,0,False
RI_0_Km_0Km_CRI_I_25_135_Particle_On_AH_Plate_M_M_28_doc_txt__1__0,R0031,INJECTOR_BODY,0,False
RI_0_Km_0Km_CRI_I_25_135_Particle_On_AH_Plate_M_M_28_doc_txt__1__0,R0031,IC_STUD,1,False
CRI_0_Km_0Km_CRI_I_25_59_Particle_In_IC_Stud_M_M_19_doc_txt__1__0,R0067,NHB,0,False
CRI_0_Km_0Km_CRI_I_25_59_Particle_In_IC_Stud_M_M_19_doc_txt__1__0,R0067,IC_STUD,1,False
Km_CRI_I_26_27_Particle_In_Z_Hole_Sr_No_0166_SMLI_01_doc_txt__1__0,R0091,INJECTOR_BODY,0,False
Km_CRI_I_26_27_Particle_In_Z_Hole_Sr_No_0166_SMLI_01_doc_txt__1__0,R0091,IC_STUD,1,False
Km_CRI_I_26_27_Particle_In_Z_Hole_Sr_No_0166_SMLI_01_doc_txt__1__0,R0091,VSS,2,False
I_0_Km_0Km_CRI_I_25_161_NB_Seat_Particle_M_M_14_Copy_doc_txt__1__0,R0046,INJECTOR_BODY,0,False
I_0_Km_0Km_CRI_I_25_161_NB_Seat_Particle_M_M_14_Copy_doc_txt__1__0,R0046,IC_STUD,1,False
I_0_Km_0Km_CRI_I_25_161_NB_Seat_Particle_M_M_14_Copy_doc_txt__1__0,R0046,VSS,2,False
_0_Km_0Km_CRI_I_24_63_Particle_on_Magnet_Core_M_M_28_doc_txt__2__0,R0021,MAGNET_CORE,0,False
_0_Km_0Km_CRI_I_24_63_Particle_on_Magnet_Core_M_M_28_doc_txt__3__0,R0021,MAGNET_CORE,0,False
_0_Km_0Km_CRI_I_24_63_Particle_on_Magnet_Core_M_M_28_doc_txt__4__0,R0021,MAGNET_CORE,0,False
_0_Km_0Km_CRI_I_24_63_Particle_on_Magnet_Core_M_M_28_doc_txt__5__0,R0021,MAGNET_CORE,0,False
_CRI_I_26_40_Particle_In_IC_Stud_SR_No_3033_3_A_L_28_doc_txt__2__0,R0094,INJECTOR_BODY,0,False
_CRI_I_26_40_Particle_In_IC_Stud_SR_No_3033_3_A_L_28_doc_txt__2__0,R0094,IC_STUD,1,False
0_Km_0Km_CRI_I_26_09_Particle_on_Small_O_Ring_M_M_29_doc_txt__1__0,R0078,NHB,0,False
0_Km_0Km_CRI_I_26_09_Particle_on_Small_O_Ring_M_M_29_doc_txt__1__0,R0078,IC_STUD,1,False
0_Km_0Km_CRI_I_26_09_Particle_on_Small_O_Ring_M_M_29_doc_txt__1__0,R0078,VSS,2,False
I_Field_Field_CRI_I_26_42_Particle_In_Z_Hole_SMLI_22_doc_txt__1__0,R0233,INJECTOR_BODY,0,False
I_Field_Field_CRI_I_26_42_Particle_In_Z_Hole_SMLI_22_doc_txt__1__0,R0233,IC_STUD,1,False
ld_Field_CRI_I_26_28_Particle_From_Bar_Filter_TML_22_doc_txt__1__0,R0226,INLET_CONNECTOR,0,False
ld_Field_CRI_I_26_28_Particle_From_Bar_Filter_TML_22_doc_txt__1__0,R0226,INJECTOR_BODY,1,False
ld_Field_CRI_I_26_28_Particle_From_Bar_Filter_TML_22_doc_txt__2__0,R0226,INLET_CONNECTOR,0,False
ld_Field_CRI_I_26_28_Particle_From_Bar_Filter_TML_22_doc_txt__2__0,R0226,INJECTOR_BODY,1,False
ld_Field_CRI_I_26_28_Particle_From_Bar_Filter_TML_22_doc_txt__3__0,R0226,INLET_CONNECTOR,0,False
ld_Field_CRI_I_26_28_Particle_From_Bar_Filter_TML_22_doc_txt__3__0,R0226,INJECTOR_BODY,1,False
ield_Field_CRI_I_25_175_Particle_NB_Seat_Area_M_M_13_doc_txt__1__0,R0170,HPP,0,False
ield_Field_CRI_I_25_175_Particle_NB_Seat_Area_M_M_13_doc_txt__1__0,R0170,HPP_SLEEVE,1,False
ield_Field_CRI_I_25_175_Particle_NB_Seat_Area_M_M_13_doc_txt__1__0,R0170,UNION_NUT,2,False
ield_Field_CRI_I_25_175_Particle_NB_Seat_Area_M_M_13_doc_txt__2__0,R0170,HPP,0,False
ield_Field_CRI_I_25_175_Particle_NB_Seat_Area_M_M_13_doc_txt__2__0,R0170,HPP_SLEEVE,1,False
ield_Field_CRI_I_25_175_Particle_NB_Seat_Area_M_M_13_doc_txt__2__0,R0170,UNION_NUT,2,False
ield_Field_CRI_I_25_175_Particle_NB_Seat_Area_M_M_13_doc_txt__3__0,R0170,HPP,0,False
ield_Field_CRI_I_25_175_Particle_NB_Seat_Area_M_M_13_doc_txt__3__0,R0170,HPP_SLEEVE,1,False
ield_Field_CRI_I_25_175_Particle_NB_Seat_Area_M_M_13_doc_txt__3__0,R0170,UNION_NUT,2,False
RI_Field_Field_CRI_I_25_127_Particle_In_Body_SMLI_24_doc_txt__1__0,R0158,INJECTOR_BODY,0,False
RI_Field_Field_CRI_I_25_127_Particle_In_Body_SMLI_24_doc_txt__1__0,R0158,VSS,1,False
ld_Field_CRI_I_26_69_Particle_In_NB_Seat_Area_M_M_29_doc_txt__1__0,R0241,INJECTOR_BODY,0,False
ld_Field_CRI_I_26_69_Particle_In_NB_Seat_Area_M_M_29_doc_txt__1__0,R0241,IC_STUD,1,False
ld_Field_CRI_I_26_69_Particle_In_NB_Seat_Area_M_M_29_doc_txt__1__0,R0241,VSS,2,False
CRI_Field_Field_CRI_I_24_68_NB_Particle_Depo_M_M_21_doc_txt__1__0,R0152,NHB,0,False
CRI_Field_Field_CRI_I_24_68_NB_Particle_Depo_M_M_21_doc_txt__1__0,R0152,IC_STUD,1,False
RI_Field_Field_CRI_I_25_74_Particle_in_Z_Hole_M_M_02_doc_txt__1__0,R0198,INJECTOR_BODY,0,False
RI_Field_Field_CRI_I_25_74_Particle_in_Z_Hole_M_M_02_doc_txt__1__0,R0198,IC_STUD,1,False
CRI_Field_Field_CRI_I_24_40_Particle_in_B_F_MAH_02_doc_txt__1__0,R0148,NHB,0,False
CRI_Field_Field_CRI_I_24_40_Particle_in_B_F_MAH_02_doc_txt__1__0,R0148,IC_STUD,1,False
RI_Field_Field_CRI_I_26_03_Particle_In_Z_Hole_M_M_25_doc_txt__1__0,R0211,NHB,0,False
RI_Field_Field_CRI_I_26_03_Particle_In_Z_Hole_M_M_25_doc_txt__1__0,R0211,IC_STUD,1,False
RI_Field_Field_CRI_I_25_123_Particle_in_Z_Hole_A_L_1_doc_txt__1__0,R0258,SEALING_RING,0,False
ield_Field_CRI_I_26_46_Particle_From_IC_Stud_SMLI_22_doc_txt__1__0,R0234,SHIM,0,False
_Field_Field_CRI_I_25_187_Particle_At_NB_Seat_M_M_07_doc_txt__3__0,R0174,COPPER_WASHER,0,False
ld_Field_CRI_I_26_03_Particle_In_NB_Seat_Area_M_M_21_doc_txt__1__0,R0210,NOZZLE_BODY,0,False
ld_Field_CRI_I_26_03_Particle_In_NB_Seat_Area_M_M_21_doc_txt__2__0,R0210,NOZZLE_BODY,0,False
ld_Field_CRI_I_26_03_Particle_In_NB_Seat_Area_M_M_21_doc_txt__3__0,R0210,NOZZLE_BODY,0,False
ld_Field_CRI_I_26_03_Particle_In_NB_Seat_Area_M_M_21_doc_txt__4__0,R0210,NOZZLE_BODY,0,False
ld_Field_CRI_I_26_03_Particle_In_NB_Seat_Area_M_M_21_doc_txt__5__0,R0210,NOZZLE_BODY,0,False
ld_Field_CRI_I_26_03_Particle_In_NB_Seat_Area_M_M_21_doc_txt__6__0,R0210,NHB,0,False
ld_Field_CRI_I_26_03_Particle_In_NB_Seat_Area_M_M_21_doc_txt__6__0,R0210,IC_STUD,1,False
CRI_I_25_138_Particle_In_IC_Stud_Sr_No_0673_ISUZU_18_doc_txt__1__0,R0161,NHB,0,False
CRI_I_25_138_Particle_In_IC_Stud_Sr_No_0673_ISUZU_18_doc_txt__1__0,R0161,IC_STUD,1,False
I_Field_Field_CRI_I_26_95_Particle_In_IC_Stud_A_L_13_doc_txt__1__0,R0255,IC_STUD,0,False
I_Field_Field_CRI_I_26_95_Particle_In_IC_Stud_A_L_13_doc_txt__2__0,R0255,IC_STUD,0,False
_Field_Field_CRI_I_26_84_Particle_At_AH_Plate_M_M_23_doc_txt__1__0,R0246,MAGNET_CORE,0,False
_Field_Field_CRI_I_26_84_Particle_At_AH_Plate_M_M_23_doc_txt__2__0,R0246,INJECTOR_BODY,0,False
_Field_Field_CRI_I_26_84_Particle_At_AH_Plate_M_M_23_doc_txt__2__0,R0246,IC_STUD,1,False
_Field_Field_CRI_I_26_84_Particle_At_AH_Plate_M_M_23_doc_txt__2__0,R0246,VSS,2,False
_Field_Field_CRI_I_26_84_Particle_At_AH_Plate_M_M_23_doc_txt__3__0,R0246,MAGNET_CORE,0,False
_Field_Field_CRI_I_26_84_Particle_At_AH_Plate_M_M_23_doc_txt__4__0,R0246,MAGNET_CORE,0,False
ield_CRI_I_25_158_Particle_In_IC_Stud_SR_0068_FML_02_doc_txt__2__0,R0163,MAGNET_NUT,0,False
I_Field_Field_CRI_I_24_61_Particle_at_Z_Hole_SMLI_21_doc_txt__1__0,R0151,NOZZLE_BODY,0,False
ld_CRI_I_25_60_Particle_In_IC_Stud_SR_No_1187_M_M_29_doc_txt__3__0,R0195,IC_STUD,0,False
ld_CRI_I_25_60_Particle_In_IC_Stud_SR_No_1187_M_M_29_doc_txt__3__0,R0195,INJECTOR_BODY,1,False
_Field_Field_CRI_I_25_52_Particle_In_IC_Stud_KOEL_26_doc_txt__1__0,R0189,CLAMPING_SADDLE,0,False
Field_Field_CRI_I_26_65_NB_Seat_Area_Particle_M_M_18_doc_txt__1__0,R0240,INJECTOR_BODY,0,False
Field_Field_CRI_I_26_65_NB_Seat_Area_Particle_M_M_18_doc_txt__1__0,R0240,VSS,1,False
Field_Field_CRI_I_26_65_NB_Seat_Area_Particle_M_M_18_doc_txt__1__0,R0240,INLET_CONNECTOR,2,False
RI_Field_Field_CRI_I_26_32_Particle_In_Z_Hole_M_M_13_doc_txt__1__0,R0230,INJECTOR_BODY,0,False
RI_Field_Field_CRI_I_26_32_Particle_In_Z_Hole_M_M_13_doc_txt__1__0,R0230,IC_STUD,1,False
Field_CRI_I_25_06_Particle_in_NB_Seat_Needle_SMLI_17_doc_txt__5__0,R0155,NOZZLE_BODY,0,False
CRI_Field_Field_CRI_I_26_105_Particle_In_Body_FML_29_doc_txt__1__0,R0213,INJECTOR_BODY,0,False
CRI_Field_Field_CRI_I_26_105_Particle_In_Body_FML_29_doc_txt__1__0,R0213,INLET_CONNECTOR,1,False
CRI_Field_Field_CRI_I_26_105_Particle_In_Body_FML_29_doc_txt__1__0,R0213,VSS,2,False
d_CRI_I_26_29_Particle_At_IC_Stud_Sr_No_2794_TMTL_28_doc_txt__2__0,R0228,IC_STUD,0,False
d_CRI_I_26_29_Particle_At_IC_Stud_Sr_No_2794_TMTL_28_doc_txt__2__0,R0228,INJECTOR_BODY,1,False
d_CRI_I_26_29_Particle_At_IC_Stud_Sr_No_2794_TMTL_28_doc_txt__2__0,R0228,VSS,2,False
_I_25_60_Particle_At_Body_DFK_Near_SR_No_1169_M_M_18_doc_txt__2__0,R0192,CLAMPING_SADDLE,0,False
_I_25_60_Particle_At_Body_DFK_Near_SR_No_1169_M_M_18_doc_txt__4__0,R0192,INJECTOR_BODY,0,False
_I_25_60_Particle_At_Body_DFK_Near_SR_No_1169_M_M_18_doc_txt__4__0,R0192,IC_STUD,1,False
Field_Field_CRI_I_24_156_Particle_in_IC_Stud_SMLI_22_doc_txt__1__0,R0138,COPPER_WASHER,0,False
26_110_Particle_At_NB_Seat_Area_Sr_No_1781_V_SMLM_11_doc_txt__1__0,R0217,INJECTOR_BODY,0,False
26_110_Particle_At_NB_Seat_Area_Sr_No_1781_V_SMLM_11_doc_txt__1__0,R0217,IC_STUD,1,False
26_110_Particle_At_NB_Seat_Area_Sr_No_1781_V_SMLM_11_doc_txt__1__0,R0217,VSS,2,False
26_110_Particle_At_NB_Seat_Area_Sr_No_1781_V_SMLM_11_doc_txt__2__0,R0217,INJECTOR_BODY,0,False
26_110_Particle_At_NB_Seat_Area_Sr_No_1781_V_SMLM_11_doc_txt__2__0,R0217,IC_STUD,1,False
26_110_Particle_At_NB_Seat_Area_Sr_No_1781_V_SMLM_11_doc_txt__2__0,R0217,VSS,2,False
d_CRI_I_25_29_Particle_on_Ar_Plate_Seal_Ring_SMLI_12_doc_txt__2__0,R0183,NOZZLE_NEEDLE,0,False
d_CRI_I_25_29_Particle_on_Ar_Plate_Seal_Ring_SMLI_12_doc_txt__2__0,R0183,VALVE_PISTON,1,False
d_CRI_I_25_29_Particle_on_Ar_Plate_Seal_Ring_SMLI_12_doc_txt__3__0,R0183,NOZZLE_NEEDLE,0,False
d_CRI_I_25_29_Particle_on_Ar_Plate_Seal_Ring_SMLI_12_doc_txt__3__0,R0183,VALVE_PISTON,1,False
d_CRI_I_25_29_Particle_on_Ar_Plate_Seal_Ring_SMLI_12_doc_txt__4__0,R0183,SEALING_RING,0,False
d_CRI_I_25_29_Particle_on_Ar_Plate_Seal_Ring_SMLI_12_doc_txt__5__0,R0183,SEALING_RING,0,False
RI_Field_Field_CRI_I_26_01_Particle_At_Z_Hole_M_M_01_doc_txt__1__0,R0209,SEALING_RING,0,False
I_Field_Field_CRI_I_25_54_Particle_in_IC_Stud_M_M_21_doc_txt__1__0,R0190,VALVE_SPRING,0,False
I_Field_Field_CRI_I_25_54_Particle_in_IC_Stud_M_M_21_doc_txt__1__0,R0190,IC_STUD,1,False
I_Field_Field_CRI_I_25_54_Particle_in_IC_Stud_M_M_21_doc_txt__1__0,R0190,RETAINING_SCREW,2,False
ld_CRI_I_24_168_Sr_No_0298_Particle_in_IC_Stud_AL_08_doc_txt__2__0,R0141,NHB,0,False
ld_CRI_I_24_168_Sr_No_0298_Particle_in_IC_Stud_AL_08_doc_txt__2__0,R0141,IC_STUD,1,False
eld_Field_CRI_I_26_42_Particle_In_Bar_Filter_SMLI_25_doc_txt__1__0,R0232,NOZZLE_NEEDLE,0,False
eld_Field_CRI_I_26_42_Particle_In_Bar_Filter_SMLI_25_doc_txt__1__0,R0232,VALVE_PISTON,1,False
CRI_Field_CRI_I_24_223_ISUZU_17_doc_txt__1__0,R0131,INJECTOR_BODY,0,False
CRI_Field_CRI_I_24_223_ISUZU_17_doc_txt__1__0,R0131,IC_STUD,1,False
CRI_Field_CRI_I_24_223_ISUZU_17_doc_txt__1__0,R0131,STRAINING_SCREW,2,False
ld_CRI_I_26_93_Particle_In_IC_Stud_Sr_No_3077_MAH_25_doc_txt__1__0,R0253,NOZZLE_NUT,0,False
ld_CRI_I_26_93_Particle_In_IC_Stud_Sr_No_3077_MAH_25_doc_txt__1__0,R0253,BUSHING,1,False
ld_CRI_I_26_93_Particle_In_IC_Stud_Sr_No_3077_MAH_25_doc_txt__1__0,R0253,MAGNET_NUT,2,False
ld_Field_CRI_I_26_70_Particle_In_NB_Seat_Area_M_M_10_doc_txt__1__0,R0242,BAR_EDGE_FILTER,0,False
ld_Field_CRI_I_26_70_Particle_In_NB_Seat_Area_M_M_10_doc_txt__2__0,R0242,BAR_EDGE_FILTER,0,False
ld_Field_CRI_I_26_70_Particle_In_NB_Seat_Area_M_M_10_doc_txt__4__0,R0242,BAR_EDGE_FILTER,0,False
ld_Field_CRI_I_26_70_Particle_In_NB_Seat_Area_M_M_10_doc_txt__5__0,R0242,BAR_EDGE_FILTER,0,False
Field_Field_CRI_I_26_47_NB_Seat_Area_Particle_TML_19_doc_txt__2__0,R0235,VITON_RING,0,False
RI_I_26_117_Particle_In_IC_Stud_Sr_No_0639_4_SMLI_18_doc_txt__1__0,R0219,INJECTOR_BODY,0,False
RI_I_26_117_Particle_In_IC_Stud_Sr_No_0639_4_SMLI_18_doc_txt__1__0,R0219,VSS,1,False
RI_I_26_117_Particle_In_IC_Stud_Sr_No_0639_4_SMLI_18_doc_txt__1__0,R0219,IC_STUD,2,False
ield_Field_CRI_I_25_181_Particle_NB_Seat_Area_M_M_18_doc_txt__1__0,R0171,NOZZLE_NEEDLE,0,False
ield_Field_CRI_I_25_181_Particle_NB_Seat_Area_M_M_18_doc_txt__1__0,R0171,VALVE_PISTON,1,False
ield_Field_CRI_I_26_108_Particle_In_IC_Stud_ISUZU_14_doc_txt__1__0,R0216,INJECTOR_BODY,0,False
ield_Field_CRI_I_26_108_Particle_In_IC_Stud_ISUZU_14_doc_txt__1__0,R0216,IC_STUD,1,False
ield_Field_CRI_I_26_108_Particle_In_IC_Stud_ISUZU_14_doc_txt__1__0,R0216,VSS,2,False
RI_Field_Field_CRI_I_26_24_Particle_In_Z_Hole_M_M_07_doc_txt__1__0,R0225,INJECTOR_BODY,0,False
RI_Field_Field_CRI_I_26_24_Particle_In_Z_Hole_M_M_07_doc_txt__1__0,R0225,IC_STUD,1,False
RI_Field_Field_CRI_I_26_24_Particle_In_Z_Hole_M_M_07_doc_txt__1__0,R0225,VSS,2,False
RI_Field_Field_CRI_I_26_24_Particle_In_Z_Hole_M_M_07_doc_txt__2__0,R0225,INJECTOR_BODY,0,False
RI_Field_Field_CRI_I_26_24_Particle_In_Z_Hole_M_M_07_doc_txt__2__0,R0225,IC_STUD,1,False
RI_Field_Field_CRI_I_26_24_Particle_In_Z_Hole_M_M_07_doc_txt__2__0,R0225,VSS,2,False
Field_Field_CRI_I_26_15_Particle_On_Seal_Ring_M_M_05_doc_txt__1__0,R0224,MAGNET_NUT,0,False
ld_CRI_I_26_146_Particle_In_Z_Hole_Sr_No_2702_M_M_22_doc_txt__1__0,R0135,SEALING_RING,0,False
Field_Field_CRI_I_25_26_Particle_on_Arm_Plate_FML_07_doc_txt__1__0,R0182,SEALING_RING,0,False
Field_CRI_I_25_87_Particle_on_Body_NSS_NB_Top_M_M_07_doc_txt__1__0,R0201,NHB,0,False
Field_CRI_I_25_87_Particle_on_Body_NSS_NB_Top_M_M_07_doc_txt__1__0,R0201,IC_STUD,1,False
Field_CRI_I_25_87_Particle_on_Body_NSS_NB_Top_M_M_07_doc_txt__1__0,R0201,NR_NUT,2,False
Field_CRI_I_25_87_Particle_on_Body_NSS_NB_Top_M_M_07_doc_txt__2__0,R0201,NHB,0,False
Field_CRI_I_25_87_Particle_on_Body_NSS_NB_Top_M_M_07_doc_txt__2__0,R0201,IC_STUD,1,False
Field_CRI_I_25_87_Particle_on_Body_NSS_NB_Top_M_M_07_doc_txt__2__0,R0201,NR_NUT,2,False
I_Field_Field_CRI_I_25_171_Particle_In_Z_Hole_M_M_12_doc_txt__1__0,R0167,NHB,0,False
I_Field_Field_CRI_I_25_171_Particle_In_Z_Hole_M_M_12_doc_txt__1__0,R0167,IC_STUD,1,False
ield_Field_CRI_I_25_50_Particle_in_Ball_Guide_M_M_02_doc_txt__1__0,R0188,VALVE_BALL,0,False
eld_Field_CRI_I_26_143_Particle_In_Bar_Filter_M_M_15_doc_txt__1__0,R0222,SHIM,0,False
eld_Field_CRI_I_25_196_Particle_In_IC_Stud_Escort_01_doc_txt__1__0,R0179,NHB,0,False
eld_Field_CRI_I_25_196_Particle_In_IC_Stud_Escort_01_doc_txt__1__0,R0179,IC_STUD,1,False
_Field_Field_CRI_I_25_127_Particle_In_Z_Hole_SMLI_25_doc_txt__1__0,R0159,INJECTOR_BODY,0,False
_Field_Field_CRI_I_25_127_Particle_In_Z_Hole_SMLI_25_doc_txt__1__0,R0159,INLET_CONNECTOR,1,False
_Field_Field_CRI_I_25_127_Particle_In_Z_Hole_SMLI_25_doc_txt__1__0,R0159,VSS,2,False
RI_Field_Field_CRI_I_26_55_Particle_In_Z_Hole_M_M_28_doc_txt__1__0,R0239,IC_STUD,0,False
ield_Field_CRI_I_25_74_Particle_On_Bar_Filter_M_M_11_doc_txt__1__0,R0197,NHB,0,False
ield_Field_CRI_I_25_74_Particle_On_Bar_Filter_M_M_11_doc_txt__1__0,R0197,IC_STUD,1,False
I_Field_Field_CRI_I_25_57_Particle_in_IC_Stud_M_M_10_doc_txt__1__0,R0191,NR_NUT,0,False
I_Field_Field_CRI_I_25_57_Particle_in_IC_Stud_M_M_10_doc_txt__1__0,R0191,MAGNET_NUT,1,False
ld_Field_CRI_I_26_95_Loose_Particle_At_Z_Hole_A_L_29_doc_txt__1__0,R0254,SEALING_RING,0,False
_Field_Field_CRI_I_25_159_Particle_In_IC_Stud_A_L_15_doc_txt__1__0,R0165,NHB,0,False
_Field_Field_CRI_I_25_159_Particle_In_IC_Stud_A_L_15_doc_txt__1__0,R0165,IC_STUD,1,False
Field_Field_CRI_I_26_36_Particle_On_AH_Plate_TMTL_10_doc_txt__1__0,R0231,ARMATURE_SPRING,0,False
Field_Field_CRI_I_26_36_Particle_On_AH_Plate_TMTL_10_doc_txt__1__0,R0231,NOZZLE_SPRING,1,False
Field_Field_CRI_I_26_36_Particle_On_AH_Plate_TMTL_10_doc_txt__1__0,R0231,FIXING_PIN,2,False
Field_Field_CRI_I_26_36_Particle_On_AH_Plate_TMTL_10_doc_txt__2__0,R0231,ARMATURE_SPRING,0,False
Field_Field_CRI_I_26_36_Particle_On_AH_Plate_TMTL_10_doc_txt__2__0,R0231,NOZZLE_SPRING,1,False
Field_Field_CRI_I_26_36_Particle_On_AH_Plate_TMTL_10_doc_txt__2__0,R0231,FIXING_PIN,2,False
ield_Field_CRI_I_25_89_Particle_Found_In_Body_M_M_13_doc_txt__1__0,R0202,NHB,0,False
ield_Field_CRI_I_25_89_Particle_Found_In_Body_M_M_13_doc_txt__1__0,R0202,IC_STUD,1,False
CRI_Field_Field_CRI_I_25_75_Particle_Analysis_GCL_12_doc_txt__1__0,R0199,MAGNET_CORE,0,False
CRI_Field_Field_CRI_I_25_75_Particle_Analysis_GCL_12_doc_txt__2__0,R0199,MAGNET_CORE,0,False
CRI_Field_Field_CRI_I_25_75_Particle_Analysis_GCL_12_doc_txt__3__0,R0199,MAGNET_CORE,0,False
CRI_Field_Field_CRI_I_25_75_Particle_Analysis_GCL_12_doc_txt__5__0,R0199,MAGNET_CORE,0,False
CRI_Field_Field_CRI_I_25_75_Particle_Analysis_GCL_12_doc_txt__6__0,R0199,MAGNET_CORE,0,False
CRI_Field_Field_CRI_I_25_75_Particle_Analysis_GCL_12_doc_txt__7__0,R0199,MAGNET_CORE,0,False
_Field_CRI_I_26_85_Particle_In_NB_Seat_Area_M_M_22_M_doc_txt__2__0,R0248,INJECTOR_BODY,0,False
_Field_CRI_I_26_85_Particle_In_NB_Seat_Area_M_M_22_M_doc_txt__2__0,R0248,IC_STUD,1,False
_Field_CRI_I_26_85_Particle_In_NB_Seat_Area_M_M_22_M_doc_txt__2__0,R0248,VSS,2,False
_Field_CRI_I_26_85_Particle_In_NB_Seat_Area_M_M_22_M_doc_txt__3__0,R0248,INJECTOR_BODY,0,False
_Field_CRI_I_26_85_Particle_In_NB_Seat_Area_M_M_22_M_doc_txt__3__0,R0248,IC_STUD,1,False
_Field_CRI_I_26_85_Particle_In_NB_Seat_Area_M_M_22_M_doc_txt__3__0,R0248,VSS,2,False
CRI_Field_Field_CRI_I_24_41_NB_Seat_Particle_SMLI_22_doc_txt__1__0,R0149,INJECTOR_BODY,0,False
CRI_Field_Field_CRI_I_24_41_NB_Seat_Particle_SMLI_22_doc_txt__1__0,R0149,IC_STUD,1,False
I_Field_Field_CRI_I_25_172_Particle_In_Z_Hole_M_M_26_doc_txt__1__0,R0168,SEALING_RING,0,False
CRI_I_25_50_Particle_in_A_Hole_of_Valve_Piece_M_M_08_doc_txt__1__0,R0187,VALVE_BALL,0,False
CRI_I_25_50_Particle_in_A_Hole_of_Valve_Piece_M_M_08_doc_txt__2__0,R0187,VALVE_BALL,0,False
CRI_I_25_50_Particle_in_A_Hole_of_Valve_Piece_M_M_08_doc_txt__3__0,R0187,VALVE_BALL,0,False
CRI_I_25_50_Particle_in_A_Hole_of_Valve_Piece_M_M_08_doc_txt__4__0,R0187,VALVE_BALL,0,False
CRI_I_25_50_Particle_in_A_Hole_of_Valve_Piece_M_M_08_doc_txt__5__0,R0187,VALVE_BALL,0,False
ld_Field_CRI_I_25_128_Particle_in_Bar_Filter_SMLI_25_doc_txt__1__0,R0160,NHB,0,False
ld_Field_CRI_I_25_128_Particle_in_Bar_Filter_SMLI_25_doc_txt__1__0,R0160,IC_STUD,1,False
I_Field_Field_CRI_I_25_43_Particle_in_IC_Stud_SML_08_doc_txt__1__0,R0184,IC_STUD,0,False
I_Field_Field_CRI_I_25_43_Particle_in_IC_Stud_SML_08_doc_txt__2__0,R0184,IC_STUD,0,False
I_Field_Field_CRI_I_25_43_Particle_in_IC_Stud_SML_08_doc_txt__3__0,R0184,IC_STUD,0,False
I_Field_Field_CRI_I_25_43_Particle_in_IC_Stud_SML_08_doc_txt__4__0,R0184,IC_STUD,0,False
ield_CRI_I_24_223_Particle_in_Injector_Body_ISUZU_15_doc_txt__1__0,R0147,INJECTOR_BODY,0,False
ield_CRI_I_24_223_Particle_in_Injector_Body_ISUZU_15_doc_txt__1__0,R0147,IC_STUD,1,False
_Field_Field_CRI_I_25_72_Particle_On_Body_NSS_M_M_06_doc_txt__1__0,R0196,NHB,0,False
_Field_Field_CRI_I_25_72_Particle_On_Body_NSS_M_M_06_doc_txt__1__0,R0196,IC_STUD,1,False
_Field_Field_CRI_I_25_72_Particle_On_Body_NSS_M_M_06_doc_txt__1__0,R0196,NR_NUT,2,False
_Field_Field_CRI_I_25_72_Particle_On_Body_NSS_M_M_06_doc_txt__2__0,R0196,NHB,0,False
_Field_Field_CRI_I_25_72_Particle_On_Body_NSS_M_M_06_doc_txt__2__0,R0196,IC_STUD,1,False
_Field_Field_CRI_I_25_72_Particle_On_Body_NSS_M_M_06_doc_txt__2__0,R0196,NR_NUT,2,False
_I_26_88_Particles_In_Bar_Filter_Sr_No_3762_2_M_M_14_doc_txt__2__0,R0250,MAGNET_CORE,0,False
ld_Field_CRI_I_25_08_Particle_on_Small_O_Ring_A_L_04_doc_txt__1__0,R0156,IC_STUD,1,False
CRI_Field_Field_CRI_I_26_78_Particle_In_BFT_M_M_28_doc_txt__2__0,R0243,NOZZLE_SPRING,0,False
CRI_Field_Field_CRI_I_26_78_Particle_In_BFT_M_M_28_doc_txt__2__0,R0243,ARMATURE_SPRING,1,False
CRI_Field_Field_CRI_I_26_78_Particle_In_BFT_M_M_28_doc_txt__2__0,R0243,FIXING_PIN,2,False
I_Field_Field_CRI_I_25_89_Particle_In_NB_Seat_M_M_27_doc_txt__1__0,R0207,NHB,0,False
I_Field_Field_CRI_I_25_89_Particle_In_NB_Seat_M_M_27_doc_txt__1__0,R0207,IC_STUD,1,False
I_Field_Field_CRI_I_25_89_Particle_In_NB_Seat_M_M_27_doc_txt__2__0,R0207,NHB,0,False
I_Field_Field_CRI_I_25_89_Particle_In_NB_Seat_M_M_27_doc_txt__2__0,R0207,IC_STUD,1,False
I_Field_Field_CRI_I_25_89_Particle_In_NB_Seat_M_M_27_doc_txt__3__0,R0207,NHB,0,False
I_Field_Field_CRI_I_25_89_Particle_In_NB_Seat_M_M_27_doc_txt__3__0,R0207,IC_STUD,1,False
I_Field_Field_CRI_I_25_89_Particle_In_NB_Seat_M_M_27_doc_txt__4__0,R0207,NHB,0,False
I_Field_Field_CRI_I_25_89_Particle_In_NB_Seat_M_M_27_doc_txt__4__0,R0207,IC_STUD,1,False
I_Field_Field_CRI_I_25_89_Particle_In_NB_Seat_M_M_27_doc_txt__5__0,R0207,NHB,0,False
I_Field_Field_CRI_I_25_89_Particle_In_NB_Seat_M_M_27_doc_txt__5__0,R0207,IC_STUD,1,False
I_Field_Field_CRI_I_25_89_Particle_In_NB_Seat_M_M_27_doc_txt__6__0,R0207,NHB,0,False
I_Field_Field_CRI_I_25_89_Particle_In_NB_Seat_M_M_27_doc_txt__6__0,R0207,IC_STUD,1,False
I_Field_Field_CRI_I_24_214_Particle_in_Z_Hole_M_M_06_doc_txt__1__0,R0145,MAGNET_SLEEVE,0,False
I_Field_Field_CRI_I_24_214_Particle_in_Z_Hole_M_M_06_doc_txt__1__0,R0145,BACK_FLOW_TUBE,1,False
I_I_25_89_Particle_In_Dia_2_2_Body_Inlet_Hole_M_M_13_doc_txt__1__0,R0205,NHB,0,False
I_I_25_89_Particle_In_Dia_2_2_Body_Inlet_Hole_M_M_13_doc_txt__1__0,R0205,IC_STUD,1,False
I_I_25_89_Particle_In_Dia_2_2_Body_Inlet_Hole_M_M_13_doc_txt__3__0,R0205,NHB,0,False
I_I_25_89_Particle_In_Dia_2_2_Body_Inlet_Hole_M_M_13_doc_txt__3__0,R0205,IC_STUD,1,False
I_Field_Field_CRI_I_25_173_NB_Seat_Particle_M_M_11_B_doc_txt__1__0,R0169,INJECTOR_BODY,0,False
I_Field_Field_CRI_I_25_173_NB_Seat_Particle_M_M_11_B_doc_txt__1__0,R0169,IC_STUD,1,False
I_Field_Field_CRI_I_25_173_NB_Seat_Particle_M_M_11_B_doc_txt__1__0,R0169,VSS,2,False
I_Field_Field_CRI_I_25_173_NB_Seat_Particle_M_M_11_B_doc_txt__3__0,R0169,IC_STUD,0,False
I_Field_Field_CRI_I_25_173_NB_Seat_Particle_M_M_11_B_doc_txt__3__0,R0169,INJECTOR_BODY,1,False
I_Field_Field_CRI_I_25_173_NB_Seat_Particle_M_M_11_B_doc_txt__3__0,R0169,VSS,2,False
I_Field_Field_CRI_I_25_173_NB_Seat_Particle_M_M_11_B_doc_txt__4__0,R0169,INJECTOR_BODY,0,False
I_Field_Field_CRI_I_25_173_NB_Seat_Particle_M_M_11_B_doc_txt__4__0,R0169,INLET_CONNECTOR,1,False
I_Field_Field_CRI_I_25_173_NB_Seat_Particle_M_M_11_B_doc_txt__4__0,R0169,VSS,2,False
I_Field_Field_CRI_I_25_173_NB_Seat_Particle_M_M_11_B_doc_txt__5__0,R0169,IC_STUD,0,False
I_Field_Field_CRI_I_25_173_NB_Seat_Particle_M_M_11_B_doc_txt__5__0,R0169,INJECTOR_BODY,1,False
Km_Direct_0Km_CRI_I_23_136_Particle_in_Z_Hole_FML_02_doc_txt__1__0,R0113,NHB,0,False
Km_Direct_0Km_CRI_I_23_136_Particle_in_Z_Hole_FML_02_doc_txt__1__0,R0113,IC_STUD,1,False
_CRI_I_23_117_Particles_on_Magnet_Body_Thread_M_M_14_doc_txt__1__0,R0111,NHB,0,False
_CRI_I_23_117_Particles_on_Magnet_Body_Thread_M_M_14_doc_txt__1__0,R0111,IC_STUD,1,False
_CRI_I_23_117_Particles_on_Magnet_Body_Thread_M_M_14_doc_txt__2__0,R0111,NHB,0,False
_CRI_I_23_117_Particles_on_Magnet_Body_Thread_M_M_14_doc_txt__2__0,R0111,IC_STUD,1,False
_CRI_I_23_117_Particles_on_Magnet_Body_Thread_M_M_14_doc_txt__3__0,R0111,NHB,0,False
_CRI_I_23_117_Particles_on_Magnet_Body_Thread_M_M_14_doc_txt__3__0,R0111,IC_STUD,1,False
_CRI_I_23_117_Particles_on_Magnet_Body_Thread_M_M_14_doc_txt__4__0,R0111,NHB,0,False
_CRI_I_23_117_Particles_on_Magnet_Body_Thread_M_M_14_doc_txt__4__0,R0111,IC_STUD,1,False
_CRI_I_23_117_Particles_on_Magnet_Body_Thread_M_M_14_doc_txt__5__0,R0111,NHB,0,False
_CRI_I_23_117_Particles_on_Magnet_Body_Thread_M_M_14_doc_txt__5__0,R0111,IC_STUD,1,False
_Km_Direct_0Km_CRI_I_23_113_Z_Hole_Particle_ISUZU_17_doc_txt__1__0,R0110,IC_STUD,0,False
_Direct_0Km_CRI_I_23_127_Particle_on_Body_NSS_M_M_18_doc_txt__3__0,R0112,INJECTOR_BODY,0,False
_Direct_0Km_CRI_I_23_127_Particle_on_Body_NSS_M_M_18_doc_txt__3__0,R0112,NR_NUT,1,False
ct_0Km_CRI_I_23_150_Particle_At_V_Pc_V_Piston_M_M_25_doc_txt__2__0,R0114,NHB,0,False
ct_0Km_CRI_I_23_150_Particle_At_V_Pc_V_Piston_M_M_25_doc_txt__2__0,R0114,IC_STUD,1,False
ct_0Km_CRI_I_23_150_Particle_At_V_Pc_V_Piston_M_M_25_doc_txt__2__1,R0114,NHB,0,False
ct_0Km_CRI_I_23_150_Particle_At_V_Pc_V_Piston_M_M_25_doc_txt__2__1,R0114,IC_STUD,1,False
ct_0Km_CRI_I_23_150_Particle_At_V_Pc_V_Piston_M_M_25_doc_txt__2__2,R0114,NHB,0,False
ct_0Km_CRI_I_23_150_Particle_At_V_Pc_V_Piston_M_M_25_doc_txt__2__2,R0114,IC_STUD,1,False
ct_0Km_CRI_I_23_150_Particle_At_V_Pc_V_Piston_M_M_25_doc_txt__2__3,R0114,NHB,0,False
ct_0Km_CRI_I_23_150_Particle_At_V_Pc_V_Piston_M_M_25_doc_txt__2__3,R0114,IC_STUD,1,False
ct_0Km_CRI_I_23_150_Particle_At_V_Pc_V_Piston_M_M_25_doc_txt__3__0,R0114,NHB,0,False
ct_0Km_CRI_I_23_150_Particle_At_V_Pc_V_Piston_M_M_25_doc_txt__3__0,R0114,IC_STUD,1,False
I_0_Km_Direct_0Km_CRI_I_24_27_Z_Hole_Particle_M_M_26_doc_txt__1__0,R0108,NR_NUT,0,False
I_0_Km_Direct_0Km_CRI_I_24_27_Z_Hole_Particle_M_M_26_doc_txt__1__0,R0108,MAGNET_NUT,1,False
irect_0Km_CRI_I_23_150_Particle_in_Spray_Hole_M_M_15_doc_txt__1__0,R0115,VALVE_PIECE,0,False
irect_0Km_CRI_I_23_150_Particle_in_Spray_Hole_M_M_15_doc_txt__1__0,R0115,ARMATURE_PLATE,1,False
irect_0Km_CRI_I_23_150_Particle_in_Spray_Hole_M_M_15_doc_txt__1__0,R0115,ARMATURE_GUIDE,2,False
_Direct_0Km_CRI_I_23_111_Particle_in_Z_Hole_ISUZU_17_doc_txt__1__0,R0109,SEALING_RING,0,False
ndirect_0Km_CRI_I_24_19_Particle_on_AH_Plate_SMIL_13_doc_txt__3__0,R0127,NHB,0,False
ndirect_0Km_CRI_I_24_19_Particle_on_AH_Plate_SMIL_13_doc_txt__3__0,R0127,IC_STUD,1,False
ndirect_0Km_CRI_I_24_19_Particle_on_AH_Plate_SMIL_13_doc_txt__4__0,R0127,NHB,0,False
ndirect_0Km_CRI_I_24_19_Particle_on_AH_Plate_SMIL_13_doc_txt__4__0,R0127,IC_STUD,1,False
Km_Indirect_0Km_CRI_I_24_22_Particle_in_Body_SMLI_22_doc_txt__1__0,R0128,NHB,0,False
Km_Indirect_0Km_CRI_I_24_22_Particle_in_Body_SMLI_22_doc_txt__1__0,R0128,IC_STUD,1,False
Km_Indirect_0Km_CRI_I_24_22_Particle_in_Body_SMLI_22_doc_txt__2__0,R0128,NHB,0,False
Km_Indirect_0Km_CRI_I_24_22_Particle_in_Body_SMLI_22_doc_txt__2__0,R0128,IC_STUD,1,False
_Indirect_0Km_CRI_I_23_121_Particle_in_Z_Hole_A_L_25_doc_txt__1__0,R0118,UNION_NUT,2,False
_Indirect_0Km_CRI_I_23_121_Particle_in_Z_Hole_A_L_25_doc_txt__4__0,R0118,INJECTOR_BODY,0,False
_Indirect_0Km_CRI_I_23_121_Particle_in_Z_Hole_A_L_25_doc_txt__4__0,R0118,INLET_CONNECTOR,1,False
_Indirect_0Km_CRI_I_23_121_Particle_in_Z_Hole_A_L_25_doc_txt__4__0,R0118,VALVE_SPRING,2,False
_Indirect_0Km_CRI_I_23_121_Particle_in_Z_Hole_A_L_25_doc_txt__4__0,R0118,RETAINING_SCREW,3,False
