site_uid,report_id,n_spectra,element_labels_status,reason
I_CRI_Z_25_09_Particle_on_Nozzle_Top_Sr_No_3371_3_04_doc_txt__6__0,R0129,2,QUARANTINED,sheet headers misaligned; re-extract from source report
CRI_0_Km_0Km_CRI_I_26_16_Particle_In_IC_Stud_M_M_28_doc_txt__1__0,R0087,2,QUARANTINED,sheet headers misaligned; re-extract from source report
_25_93_Particle_Collected_From_Armature_Plate_M_M_17_doc_txt__1__0,R0069,2,QUARANTINED,sheet headers misaligned; re-extract from source report
_25_93_Particle_Collected_From_Armature_Plate_M_M_17_doc_txt__2__0,R0069,2,QUARANTINED,sheet headers misaligned; re-extract from source report
_25_93_Particle_Collected_From_Armature_Plate_M_M_17_doc_txt__3__0,R0069,2,QUARANTINED,sheet headers misaligned; re-extract from source report
RI_0_Km_0Km_CRI_I_26_06_Particles_On_AH_Plate_TML_28_doc_txt__2__0,R0077,2,QUARANTINED,sheet headers misaligned; re-extract from source report
RI_0_Km_0Km_CRI_I_26_06_Particles_On_AH_Plate_TML_28_doc_txt__4__0,R0077,2,QUARANTINED,sheet headers misaligned; re-extract from source report
RI_0_Km_0Km_CRI_I_26_06_Particles_On_AH_Plate_TML_28_doc_txt__5__0,R0077,5,QUARANTINED,sheet headers misaligned; re-extract from source report
CRI_0_Km_0Km_CRI_I_26_62_Particle_In_Z_Hole_A_L_12_doc_txt__1__0,R0105,1,QUARANTINED,sheet headers misaligned; re-extract from source report
RI_0_Km_0Km_CRI_I_25_136_Particle_On_AH_Plate_M_M_13_doc_txt__1__0,R0032,2,QUARANTINED,sheet headers misaligned; re-extract from source report
RI_0_Km_0Km_CRI_I_25_136_Particle_On_AH_Plate_M_M_13_doc_txt__2__0,R0032,2,QUARANTINED,sheet headers misaligned; re-extract from source report
RI_0_Km_0Km_CRI_I_25_136_Particle_On_AH_Plate_M_M_13_doc_txt__3__0,R0032,2,QUARANTINED,sheet headers misaligned; re-extract from source report
0_Km_0Km_CRI_I_25_58_Particle_in_IC_Stud_Cone_M_M_15_doc_txt__1__0,R0066,2,QUARANTINED,sheet headers misaligned; re-extract from source report
Km_0Km_CRI_I_26_60_Particle_On_Small_O_Ring_ISUZU_25_doc_txt__2__0,R0103,1,QUARANTINED,sheet headers misaligned; re-extract from source report
_0_Km_0Km_CRI_I_25_182_Particle_In_Bar_Filter_M_M_23_doc_txt__3__0,R0059,2,QUARANTINED,sheet headers misaligned; re-extract from source report
_0_Km_0Km_CRI_I_25_182_Particle_In_Bar_Filter_M_M_23_doc_txt__5__0,R0059,2,QUARANTINED,sheet headers misaligned; re-extract from source report
I_0_Km_0Km_CRI_I_24_51_Particle_on_VFK_Spring_M_M_23_doc_txt__1__0,R0017,2,QUARANTINED,sheet headers misaligned; re-extract from source report
I_0_Km_0Km_CRI_I_24_51_Particle_on_VFK_Spring_M_M_23_doc_txt__3__0,R0017,2,QUARANTINED,sheet headers misaligned; re-extract from source report
I_0_Km_0Km_CRI_I_24_51_Particle_on_VFK_Spring_M_M_23_doc_txt__4__0,R0017,3,QUARANTINED,sheet headers misaligned; re-extract from source report
I_0_Km_0Km_CRI_I_24_51_Particle_on_VFK_Spring_M_M_23_doc_txt__5__0,R0017,1,QUARANTINED,sheet headers misaligned; re-extract from source report
I_0_Km_0Km_CRI_I_24_51_Particle_on_VFK_Spring_M_M_23_doc_txt__6__0,R0017,1,QUARANTINED,sheet headers misaligned; re-extract from source report
I_0_Km_0Km_CRI_I_24_51_Particle_on_VFK_Spring_M_M_23_doc_txt__7__0,R0017,2,QUARANTINED,sheet headers misaligned; re-extract from source report
I_0_Km_0Km_CRI_I_24_51_Particle_on_VFK_Spring_M_M_23_doc_txt__8__0,R0017,2,QUARANTINED,sheet headers misaligned; re-extract from source report
CRI_0_Km_0Km_CRI_I_24_63_Particle_on_AH_Plate_M_M_28_doc_txt__1__0,R0019,3,QUARANTINED,sheet headers misaligned; re-extract from source report
CRI_0_Km_0Km_CRI_I_24_63_Particle_on_AH_Plate_M_M_28_doc_txt__2__0,R0019,2,QUARANTINED,sheet headers misaligned; re-extract from source report
CRI_0_Km_0Km_CRI_I_24_63_Particle_on_AH_Plate_M_M_28_doc_txt__3__0,R0019,2,QUARANTINED,sheet headers misaligned; re-extract from source report
CRI_0_Km_0Km_CRI_I_24_63_Particle_on_AH_Plate_M_M_28_doc_txt__4__0,R0019,2,QUARANTINED,sheet headers misaligned; re-extract from source report
CRI_0_Km_0Km_CRI_I_24_63_Particle_on_AH_Plate_M_M_28_doc_txt__5__0,R0019,2,QUARANTINED,sheet headers misaligned; re-extract from source report
Km_0Km_CRI_I_25_93_Particle_On_Armature_Plate_M_M_15_doc_txt__2__0,R0070,2,QUARANTINED,sheet headers misaligned; re-extract from source report
Km_0Km_CRI_I_25_93_Particle_On_Armature_Plate_M_M_15_doc_txt__3__0,R0070,1,QUARANTINED,sheet headers misaligned; re-extract from source report
Km_0Km_CRI_I_25_93_Particle_On_Armature_Plate_M_M_15_doc_txt__4__0,R0070,1,QUARANTINED,sheet headers misaligned; re-extract from source report
Km_0Km_CRI_I_25_93_Particle_On_Armature_Plate_M_M_15_doc_txt__5__0,R0070,1,QUARANTINED,sheet headers misaligned; re-extract from source report
Km_0Km_CRI_I_25_93_Particle_On_Armature_Plate_M_M_15_doc_txt__6__0,R0070,1,QUARANTINED,sheet headers misaligned; re-extract from source report
Km_0Km_CRI_I_25_93_Particle_On_Armature_Plate_M_M_15_doc_txt__7__0,R0070,2,QUARANTINED,sheet headers misaligned; re-extract from source report
0Km_CRI_I_25_48_Particle_Near_Small_O_Ring_Escort_23_doc_txt__2__0,R0062,2,QUARANTINED,sheet headers misaligned; re-extract from source report
CRI_0_Km_0KM_CRI_I_24_76_Particle_on_Magnet_Group_04_doc_txt__1__0,R0002,2,QUARANTINED,sheet headers misaligned; re-extract from source report
CRI_0_Km_0KM_CRI_I_24_76_Particle_on_Magnet_Group_04_doc_txt__6__0,R0002,2,QUARANTINED,sheet headers misaligned; re-extract from source report
CRI_0_Km_0KM_CRI_I_24_76_Particle_on_Magnet_Group_04_doc_txt__7__0,R0002,2,QUARANTINED,sheet headers misaligned; re-extract from source report
I_0_Km_0KM_CRI_I_24_76_Particle_on_Armature_Group_04_doc_txt__3__0,R0001,2,QUARANTINED,sheet headers misaligned; re-extract from source report
I_0_Km_0KM_CRI_I_24_76_Particle_on_Armature_Group_04_doc_txt__4__0,R0001,2,QUARANTINED,sheet headers misaligned; re-extract from source report
I_0_Km_0KM_CRI_I_24_76_Particle_on_Armature_Group_04_doc_txt__5__0,R0001,3,QUARANTINED,sheet headers misaligned; re-extract from source report
RI_0_Km_0Km_CRI_I_25_107_Particle_On_AH_Plate_M_M_27_doc_txt__1__0,R0026,2,QUARANTINED,sheet headers misaligned; re-extract from source report
RI_0_Km_0Km_CRI_I_24_47_Particle_on_Nozzle_HP_M_M_22_doc_txt__3__0,R0014,2,QUARANTINED,sheet headers misaligned; re-extract from source report
_0_Km_0Km_CRI_I_25_176_Particle_In_Bar_Filter_M_M_07_doc_txt__3__0,R0056,2,QUARANTINED,sheet headers misaligned; re-extract from source report
_0_Km_0Km_CRI_I_25_176_Particle_In_Bar_Filter_M_M_07_doc_txt__4__0,R0056,2,QUARANTINED,sheet headers misaligned; re-extract from source report
CRI_0_Km_0Km_CRI_I_25_136_Particle_On_VSS_M_M_19_doc_txt__1__0,R0033,3,QUARANTINED,sheet headers misaligned; re-extract from source report
Km_CRI_I_26_59_Particle_In_IC_Stud_Sr_No_0107_M_M_15_doc_txt__1__0,R0099,2,QUARANTINED,sheet headers misaligned; re-extract from source report
0_Km_0Km_CRI_I_26_56_Particle_In_NB_Seat_Area_M_M_13_doc_txt__1__0,R0098,2,QUARANTINED,sheet headers misaligned; re-extract from source report
CRI_0_Km_0Km_CRI_I_24_51_Particle_on_AH_Group_M_M_25_doc_txt__2__0,R0016,3,QUARANTINED,sheet headers misaligned; re-extract from source report
CRI_0_Km_0Km_CRI_I_24_51_Particle_on_AH_Group_M_M_25_doc_txt__3__0,R0016,3,QUARANTINED,sheet headers misaligned; re-extract from source report
CRI_0_Km_0Km_CRI_I_24_51_Particle_on_AH_Group_M_M_25_doc_txt__6__0,R0016,2,QUARANTINED,sheet headers misaligned; re-extract from source report
CRI_0_Km_0Km_CRI_I_24_51_Particle_In_IC_Stud_M_M_01_doc_txt__1__0,R0015,4,QUARANTINED,sheet headers misaligned; re-extract from source report
CRI_0_Km_0Km_CRI_I_25_194_Particle_In_IC_Stud_A_L_25_doc_txt__1__0,R0060,3,QUARANTINED,sheet headers misaligned; re-extract from source report
0Km_CRI_I_25_125_Particle_In_IC_Stud_Sr_2113_SMLI_25_doc_txt__2__0,R0028,2,QUARANTINED,sheet headers misaligned; re-extract from source report
0_Km_0km_CRI_I_26_111_Particles_For_Analysis_FUSO_06_doc_txt__2__0,R0107,1,QUARANTINED,sheet headers misaligned; re-extract from source report
CRI_0_Km_0Km_CRI_I_25_176_Particle_In_Z_Hole_M_M_14_doc_txt__4__0,R0057,1,QUARANTINED,sheet headers misaligned; re-extract from source report
_0_Km_0Km_CRI_I_24_63_Particle_on_Magnet_Core_M_M_28_doc_txt__2__0,R0021,2,QUARANTINED,sheet headers misaligned; re-extract from source report
_0_Km_0Km_CRI_I_24_63_Particle_on_Magnet_Core_M_M_28_doc_txt__5__0,R0021,2,QUARANTINED,sheet headers misaligned; re-extract from source report
d_Field_CRI_I_25_167_Particle_on_Valve_Piston_M_M_08_doc_txt__2__0,R0166,1,QUARANTINED,sheet headers misaligned; re-extract from source report
d_Field_CRI_I_25_187_Particle_on_IC_Stud_Cone_M_M_12_doc_txt__5__0,R0177,2,QUARANTINED,sheet headers misaligned; re-extract from source report
_Field_Field_CRI_I_25_187_Particle_At_NB_Seat_M_M_07_doc_txt__3__0,R0174,1,QUARANTINED,sheet headers misaligned; re-extract from source report
I_Field_Field_CRI_I_26_95_Particle_In_IC_Stud_A_L_13_doc_txt__2__0,R0255,3,QUARANTINED,sheet headers misaligned; re-extract from source report
_Field_Field_CRI_I_26_84_Particle_At_AH_Plate_M_M_23_doc_txt__1__0,R0246,2,QUARANTINED,sheet headers misaligned; re-extract from source report
_Field_Field_CRI_I_26_84_Particle_At_AH_Plate_M_M_23_doc_txt__4__0,R0246,1,QUARANTINED,sheet headers misaligned; re-extract from source report
ield_CRI_I_25_158_Particle_In_IC_Stud_SR_0068_FML_02_doc_txt__2__0,R0163,2,QUARANTINED,sheet headers misaligned; re-extract from source report
_Field_Field_CRI_I_26_142_Particle_In_IC_Stud_M_M_25_doc_txt__3__0,R0221,1,QUARANTINED,sheet headers misaligned; re-extract from source report
I_Field_Field_CRI_I_25_122_Particle_In_Magnet_A_L_29_doc_txt__2__0,R0157,1,QUARANTINED,sheet headers misaligned; re-extract from source report
Field_CRI_I_25_06_Particle_in_NB_Seat_Needle_SMLI_17_doc_txt__3__0,R0155,2,QUARANTINED,sheet headers misaligned; re-extract from source report
Field_CRI_I_25_06_Particle_in_NB_Seat_Needle_SMLI_17_doc_txt__4__0,R0155,2,QUARANTINED,sheet headers misaligned; re-extract from source report
ld_Field_CRI_I_26_70_Particle_In_NB_Seat_Area_M_M_10_doc_txt__4__0,R0242,3,QUARANTINED,sheet headers misaligned; re-extract from source report
ield_Field_CRI_I_25_181_Particle_NB_Seat_Area_M_M_18_doc_txt__4__0,R0171,2,QUARANTINED,sheet headers misaligned; re-extract from source report
I_Field_Field_CRI_I_25_89_Particle_In_IC_Stud_M_M_10_doc_txt__1__0,R0206,1,QUARANTINED,sheet headers misaligned; re-extract from source report
26_115_Particle_In_NB_Seat_Area_Sr_No_1532_2_SMLI_06_doc_txt__1__0,R0218,2,QUARANTINED,sheet headers misaligned; re-extract from source report
26_115_Particle_In_NB_Seat_Area_Sr_No_1532_2_SMLI_06_doc_txt__2__0,R0218,2,QUARANTINED,sheet headers misaligned; re-extract from source report
CRI_Field_Field_CRI_I_25_75_Particle_Analysis_GCL_12_doc_txt__1__0,R0199,2,QUARANTINED,sheet headers misaligned; re-extract from source report
CRI_Field_Field_CRI_I_25_75_Particle_Analysis_GCL_12_doc_txt__2__0,R0199,3,QUARANTINED,sheet headers misaligned; re-extract from source report
CRI_Field_Field_CRI_I_25_75_Particle_Analysis_GCL_12_doc_txt__5__0,R0199,1,QUARANTINED,sheet headers misaligned; re-extract from source report
CRI_Field_Field_CRI_I_25_75_Particle_Analysis_GCL_12_doc_txt__6__0,R0199,1,QUARANTINED,sheet headers misaligned; re-extract from source report
CRI_Field_Field_CRI_I_25_75_Particle_Analysis_GCL_12_doc_txt__7__0,R0199,1,QUARANTINED,sheet headers misaligned; re-extract from source report
I_Field_Field_CRI_I_26_82_Particle_In_IC_Stud_M_M_25_doc_txt__3__0,R0245,2,QUARANTINED,sheet headers misaligned; re-extract from source report
ld_Field_CRI_I_25_128_Particle_in_Bar_Filter_SMLI_25_doc_txt__1__0,R0160,2,QUARANTINED,sheet headers misaligned; re-extract from source report
d_Field_CRI_I_26_88_Particles_In_NB_Seat_Area_M_M_06_doc_txt__3__0,R0251,1,QUARANTINED,sheet headers misaligned; re-extract from source report
ld_Field_CRI_I_26_78_Particle_In_NB_Seat_Area_M_M_07_doc_txt__2__0,R0244,2,QUARANTINED,sheet headers misaligned; re-extract from source report
_I_26_88_Particles_In_Bar_Filter_Sr_No_3762_2_M_M_14_doc_txt__2__0,R0250,2,QUARANTINED,sheet headers misaligned; re-extract from source report
ield_Field_CRI_I_26_50_NB_Particles_Analysis_SMLI_11_doc_txt__3__0,R0238,1,QUARANTINED,sheet headers misaligned; re-extract from source report
CRI_Field_Field_CRI_I_26_78_Particle_In_BFT_M_M_28_doc_txt__2__0,R0243,1,QUARANTINED,sheet headers misaligned; re-extract from source report
ct_0Km_CRI_I_23_150_Particle_At_V_Pc_V_Piston_M_M_25_doc_txt__2__0,R0114,3,QUARANTINED,sheet headers misaligned; re-extract from source report
ct_0Km_CRI_I_23_150_Particle_At_V_Pc_V_Piston_M_M_25_doc_txt__2__1,R0114,3,QUARANTINED,sheet headers misaligned; re-extract from source report
ct_0Km_CRI_I_23_150_Particle_At_V_Pc_V_Piston_M_M_25_doc_txt__2__2,R0114,3,QUARANTINED,sheet headers misaligned; re-extract from source report
ct_0Km_CRI_I_23_150_Particle_At_V_Pc_V_Piston_M_M_25_doc_txt__2__3,R0114,3,QUARANTINED,sheet headers misaligned; re-extract from source report
irect_0Km_CRI_I_23_150_Particle_in_Spray_Hole_M_M_15_doc_txt__1__0,R0115,3,QUARANTINED,sheet headers misaligned; re-extract from source report
irect_0Km_CRI_I_24_09_Particle_on_IC_Stud_CNH_TTF_19_doc_txt__1__0,R0126,2,QUARANTINED,sheet headers misaligned; re-extract from source report
_Indirect_0Km_CRI_I_23_121_Particle_in_Z_Hole_A_L_25_doc_txt__4__0,R0118,2,QUARANTINED,sheet headers misaligned; re-extract from source report
_Indirect_0Km_CRI_I_24_27_Particle_in_IC_Stud_M_M_29_doc_txt__1__0,R0116,3,QUARANTINED,sheet headers misaligned; re-extract from source report
_Indirect_0Km_CRI_I_24_27_Particle_in_IC_Stud_M_M_29_doc_txt__3__0,R0116,1,QUARANTINED,sheet headers misaligned; re-extract from source report
