report_id,has_internal,has_spectra,fold,holdout
R0001,True,True,1,False
R0002,True,True,2,False
R0003,True,False,3,False
R0004,False,False,1,False
R0005,True,False,4,True
R0006,True,False,1,False
R0007,False,False,4,False
R0008,False,False,0,False
R0009,True,False,1,False
R0010,True,False,2,False
R0011,False,False,4,False
R0012,False,False,4,False
R0013,True,False,3,False
R0014,True,True,4,True
R0015,False,True,3,False
R0016,True,True,2,False
R0017,True,True,1,False
R0018,True,False,0,False
R0019,True,True,0,False
R0020,False,False,2,False
R0021,True,True,1,False
R0022,False,False,0,False
R0023,False,False,3,False
R0024,True,False,4,True
R0025,True,False,1,False
R0026,True,True,4,True
R0027,False,False,4,False
R0028,False,True,3,False
R0029,True,False,3,False
R0030,False,False,3,False
R0031,True,False,0,False
R0032,True,True,0,False
R0033,True,True,1,False
R0034,True,False,1,False
R0035,False,False,2,False
R0036,False,False,4,False
R0037,True,False,4,True
R0038,True,False,3,False
R0039,False,False,1,False
R0040,True,False,4,True
R0041,True,False,2,False
R0042,False,False,2,False
R0043,True,False,4,True
R0044,True,False,3,False
R0045,True,False,4,True
R0046,True,False,2,False
R0047,False,False,1,False
R0048,True,False,4,True
R0049,False,False,4,False
R0050,True,False,1,False
R0051,False,False,0,False
R0052,True,False,2,False
R0053,True,False,3,False
R0054,True,False,4,True
R0055,True,False,2,False
R0056,True,True,3,False
R0057,True,True,4,True
R0058,True,False,2,False
R0059,True,True,3,False
R0060,False,True,1,False
R0061,False,False,4,False
R0062,False,True,2,False
R0063,False,False,1,False
R0064,False,False,1,False
R0065,True,False,2,False
R0066,False,True,4,False
R0067,True,False,1,False
R0068,False,False,4,False
R0069,True,True,2,False
R0070,True,True,0,False
R0071,True,False,2,False
R0072,True,False,2,False
R0073,False,False,2,False
R0074,False,False,2,False
R0075,True,False,2,False
R0076,True,False,3,False
R0077,True,True,2,False
R0078,True,False,2,False
R0079,False,False,3,False
R0080,True,False,2,False
R0081,True,False,1,False
R0082,False,False,3,False
R0083,True,False,3,False
R0084,False,False,0,False
R0085,False,False,4,False
R0086,True,False,2,False
R0087,True,True,0,False
R0088,True,False,1,False
R0089,False,False,4,False
R0090,True,False,2,False
R0091,True,False,3,False
R0092,True,False,3,False
R0093,False,False,0,False
R0094,True,False,4,True
R0095,True,False,0,False
R0096,False,False,2,False
R0097,False,False,4,False
R0098,False,True,0,False
R0099,False,True,4,False
R0100,True,False,4,True
R0101,True,False,1,False
R0102,True,False,4,True
R0103,False,True,0,False
R0104,False,False,1,False
R0105,True,True,2,False
R0106,False,False,1,False
R0107,False,True,3,False
R0108,True,False,0,False
R0109,True,False,0,False
R0110,True,False,0,False
R0111,True,False,3,False
R0112,True,False,0,False
R0113,True,False,0,False
R0114,True,True,0,False
R0115,True,True,2,False
R0116,False,True,1,False
R0117,False,False,0,False
R0118,True,True,2,False
R0119,False,False,2,False
R0120,False,False,0,False
R0121,False,False,3,False
R0122,False,False,0,False
R0123,False,False,1,False
R0124,False,False,0,False
R0125,False,False,2,False
R0126,False,True,3,False
R0127,True,False,3,False
R0128,True,False,3,False
R0129,True,True,0,False
R0130,False,False,1,False
R0131,True,False,4,True
R0132,False,False,1,False
R0133,False,False,0,False
R0134,False,False,1,False
R0135,True,False,1,False
R0136,False,False,0,False
R0137,False,False,3,False
R0138,True,False,0,False
R0139,False,False,0,False
R0140,False,False,1,False
R0141,True,False,3,False
R0142,False,False,4,False
R0143,False,False,4,False
R0144,False,False,1,False
R0145,True,False,3,False
R0146,False,False,1,False
R0147,True,False,0,False
R0148,True,False,0,False
R0149,True,False,2,False
R0150,False,False,3,False
R0151,True,False,3,False
R0152,True,False,1,False
R0153,False,False,2,False
R0154,False,False,2,False
R0155,True,True,0,False
R0156,True,False,4,True
R0157,False,True,4,False
R0158,True,False,0,False
R0159,True,False,4,True
R0160,True,True,0,False
R0161,True,False,1,False
R0162,False,False,2,False
R0163,True,True,3,False
R0164,False,False,4,False
R0165,True,False,4,True
R0166,False,True,2,False
R0167,True,False,3,False
R0168,True,False,3,False
R0169,True,False,0,False
R0170,True,False,4,True
R0171,True,True,0,False
R0172,False,False,3,False
R0173,False,False,0,False
R0174,True,True,4,True
R0175,False,False,4,False
R0176,False,False,3,False
R0177,False,True,1,False
R0178,False,False,2,False
R0179,True,False,4,True
R0180,False,False,2,False
R0181,False,False,0,False
R0182,True,False,4,True
R0183,True,False,3,False
R0184,True,False,0,False
R0185,False,False,3,False
R0186,False,False,1,False
R0187,True,False,4,True
R0188,True,False,3,False
R0189,True,False,2,False
R0190,True,False,3,False
R0191,True,False,0,False
R0192,True,False,1,False
R0193,False,False,3,False
R0194,False,False,3,False
R0195,True,False,1,False
R0196,True,False,4,True
R0197,True,False,3,False
R0198,True,False,1,False
R0199,True,True,4,True
R0200,False,False,1,False
R0201,True,False,0,False
R0202,True,False,3,False
R0203,False,False,3,False
R0204,False,False,1,False
R0205,True,False,2,False
R0206,False,True,1,False
R0207,True,False,2,False
R0208,False,False,2,False
R0209,True,False,4,True
R0210,True,False,0,False
R0211,True,False,2,False
R0212,False,False,4,False
R0213,True,False,2,False
R0214,False,False,3,False
R0215,False,False,0,False
R0216,True,False,0,False
R0217,True,False,4,True
R0218,False,True,2,False
R0219,True,False,2,False
R0220,False,False,2,False
R0221,False,True,2,False
R0222,True,False,3,False
R0223,False,False,3,False
R0224,True,False,2,False
R0225,True,False,2,False
R0226,True,False,0,False
R0227,False,False,2,False
R0228,True,False,3,False
R0229,False,False,1,False
R0230,True,False,1,False
R0231,True,False,2,False
R0232,True,False,1,False
R0233,True,False,3,False
R0234,True,False,3,False
R0235,True,False,3,False
R0236,False,False,3,False
R0237,False,False,3,False
R0238,False,True,4,False
R0239,True,False,4,True
R0240,True,False,4,True
R0241,True,False,1,False
R0242,True,True,1,False
R0243,True,True,2,False
R0244,False,True,1,False
R0245,False,True,0,False
R0246,True,True,3,False
R0247,False,False,3,False
R0248,True,False,4,True
R0249,False,False,0,False
R0250,True,True,0,False
R0251,False,True,4,False
R0252,False,False,1,False
R0253,True,False,2,False
R0254,True,False,3,False
R0255,True,True,2,False
R0256,False,False,4,False
R0257,False,False,0,False
R0258,True,False,1,False
